DataFim;DataInicio;NumeroLegislatura;org:role;sen:CodigoMandato;sen:UfParlamentar;slp:resource_uri
2019-01-31;2015-02-01;55;d69fcc38-21a6-41ee-8c0f-90be24aff805;492;BA;61e28c9c-c93b-40fc-a73d-3a963632df24
2023-01-31;2019-02-01;56;d69fcc38-21a6-41ee-8c0f-90be24aff805;492;BA;669716c0-cf09-4d77-896b-8497c3943b34
2015-01-31;2011-02-01;54;d69fcc38-21a6-41ee-8c0f-90be24aff805;458;PI;869d897d-3ab6-448a-ba58-8c18a2aa4421
2019-01-31;2015-02-01;55;d69fcc38-21a6-41ee-8c0f-90be24aff805;458;PI;155310d6-40c8-4c04-9234-6f312193b877
2015-01-31;2011-02-01;54;d69fcc38-21a6-41ee-8c0f-90be24aff805;456;MT;3e9c9056-8f75-4d44-b5a3-da45f12caa33
2019-01-31;2015-02-01;55;d69fcc38-21a6-41ee-8c0f-90be24aff805;456;MT;e87b16a7-9695-4072-af09-15342fe1c818
2015-01-31;2011-02-01;54;d69fcc38-21a6-41ee-8c0f-90be24aff805;466;SC;e7a67ca5-5d26-43de-8a74-b06c2f4559d7
2019-01-31;2015-02-01;55;d69fcc38-21a6-41ee-8c0f-90be24aff805;466;SC;04142e20-ac6e-44ac-81ca-1cdc313f4807
2019-01-31;2015-02-01;55;d69fcc38-21a6-41ee-8c0f-90be24aff805;497;RS;cb997e0f-2b9c-4adb-8377-fcc5912fe85d
2023-01-31;2019-02-01;56;d69fcc38-21a6-41ee-8c0f-90be24aff805;497;RS;9e52e9b6-1dab-4862-9b2c-8807140fda55
2019-01-31;2015-02-01;55;d69fcc38-21a6-41ee-8c0f-90be24aff805;512;CE;8a7204e1-03fe-4286-aed1-e3c0c946c0bf
2023-01-31;2019-02-01;56;d69fcc38-21a6-41ee-8c0f-90be24aff805;512;CE;b408db76-3587-4c7f-b369-cb17f01de383
2019-01-31;2015-02-01;55;d69fcc38-21a6-41ee-8c0f-90be24aff805;519;PE;0d5b4e82-9ff2-408a-9f45-268e17cc1c37
2023-01-31;2019-02-01;56;d69fcc38-21a6-41ee-8c0f-90be24aff805;519;PE;289a2848-f205-4831-bef2-81e8e873ecdf
2019-01-31;2015-02-01;55;d69fcc38-21a6-41ee-8c0f-90be24aff805;494;MS;10393074-6d9c-4016-a9af-3055e6f8e539
2023-01-31;2019-02-01;56;d69fcc38-21a6-41ee-8c0f-90be24aff805;494;MS;5c692980-d947-4dcd-9425-fd3bbca42552
2015-01-31;2011-02-01;54;d69fcc38-21a6-41ee-8c0f-90be24aff805;456;MT;01b4667b-32ae-487c-9156-a595c0e98b59
2019-01-31;2015-02-01;55;d69fcc38-21a6-41ee-8c0f-90be24aff805;456;MT;6d5e28f4-1eeb-497d-8556-a59566e9beda
2019-01-31;2015-02-01;55;d69fcc38-21a6-41ee-8c0f-90be24aff805;500;AC;56374615-4a2e-413a-8acb-07a93dbf36d6
2023-01-31;2019-02-01;56;d69fcc38-21a6-41ee-8c0f-90be24aff805;500;AC;5dd6ab49-0e2f-48a2-b882-fa1486d0c191
2019-01-31;2015-02-01;55;d69fcc38-21a6-41ee-8c0f-90be24aff805;518;TO;2ce24034-b8a8-40fe-8eda-e0cbd667ac3c
2023-01-31;2019-02-01;56;d69fcc38-21a6-41ee-8c0f-90be24aff805;518;TO;0e9b4b06-c456-4fda-8646-f41bbb20b2bf
2015-01-31;2011-02-01;54;d69fcc38-21a6-41ee-8c0f-90be24aff805;457;AL;7c23a0d7-d36d-4a38-b08d-1a481f1c9825
2019-01-31;2015-02-01;55;d69fcc38-21a6-41ee-8c0f-90be24aff805;457;AL;67f057c3-b3f8-46e8-876a-6dbdf2ea4edf
2019-01-31;2015-02-01;55;d69fcc38-21a6-41ee-8c0f-90be24aff805;499;SC;f72531dc-10ef-4b9e-8658-6d15ab1e0106
2023-01-31;2019-02-01;56;d69fcc38-21a6-41ee-8c0f-90be24aff805;499;SC;daecddca-1f04-4906-a3e2-2ad16aafaee6
2015-01-31;2011-02-01;54;d69fcc38-21a6-41ee-8c0f-90be24aff805;435;MG;30d2b162-8c65-42d0-bdf4-51cc60b24254
2019-01-31;2015-02-01;55;d69fcc38-21a6-41ee-8c0f-90be24aff805;435;MG;2e9784c9-d979-4c64-831a-cbdb1f1dd9c5
2019-01-31;2015-02-01;55;d69fcc38-21a6-41ee-8c0f-90be24aff805;516;SP;b9ca8310-c6dd-4610-8afd-37a7ca46c923
2023-01-31;2019-02-01;56;d69fcc38-21a6-41ee-8c0f-90be24aff805;516;SP;cc48f7f1-9461-4634-a81f-2c8ac0348d78
2015-01-31;2011-02-01;54;d69fcc38-21a6-41ee-8c0f-90be24aff805;466;SC;fc946ef0-c902-47d9-a9bf-026634a72c27
2019-01-31;2015-02-01;55;d69fcc38-21a6-41ee-8c0f-90be24aff805;466;SC;09ab42ee-3e25-4333-bd45-b2046ddb1280
2015-01-31;2011-02-01;54;d69fcc38-21a6-41ee-8c0f-90be24aff805;447;MS;b8387855-74fe-4e32-a9bf-0f9111a2d91b
2019-01-31;2015-02-01;55;d69fcc38-21a6-41ee-8c0f-90be24aff805;447;MS;15ec43cd-b862-4a57-93fe-8eff85f20dc0
2015-01-31;2011-02-01;54;d69fcc38-21a6-41ee-8c0f-90be24aff805;486;RR;abc0914c-1794-4fd0-ba32-0881b674f963
2019-01-31;2015-02-01;55;d69fcc38-21a6-41ee-8c0f-90be24aff805;486;RR;3bafa90d-e492-4128-b2d5-eb393046a958
2015-01-31;2011-02-01;54;d69fcc38-21a6-41ee-8c0f-90be24aff805;441;MG;edfc6bab-840b-4298-a060-61b5a7a07a1a
2019-01-31;2015-02-01;55;d69fcc38-21a6-41ee-8c0f-90be24aff805;441;MG;5173d45e-8e8e-4d53-927c-5ece5bc88dd2
2015-01-31;2011-02-01;54;d69fcc38-21a6-41ee-8c0f-90be24aff805;460;RR;c6eb36f4-97e6-4afc-ae08-3a9b6b58eae9
2019-01-31;2015-02-01;55;d69fcc38-21a6-41ee-8c0f-90be24aff805;460;RR;9751d9b9-cbdd-42e2-957f-8bc543a9476b
2015-01-31;2011-02-01;54;d69fcc38-21a6-41ee-8c0f-90be24aff805;452;DF;a923832c-0b4a-42bd-8848-ecad826d972f
2019-01-31;2015-02-01;55;d69fcc38-21a6-41ee-8c0f-90be24aff805;452;DF;1c9b4edc-b771-459e-9d30-1c891196a8b3
2015-01-31;2011-02-01;54;d69fcc38-21a6-41ee-8c0f-90be24aff805;472;GO;1b817863-d30c-4f43-9e7a-f57a0df577b4
2019-01-31;2015-02-01;55;d69fcc38-21a6-41ee-8c0f-90be24aff805;472;GO;a28686e9-b7ff-4219-b329-7f33b678c95e
2015-01-31;2011-02-01;54;d69fcc38-21a6-41ee-8c0f-90be24aff805;479;PB;b26621f3-d2ec-4dc4-9486-a3bfc6479b18
2019-01-31;2015-02-01;55;d69fcc38-21a6-41ee-8c0f-90be24aff805;479;PB;ac1153f4-223a-4f64-82cf-55aea7863feb
2019-01-31;2015-02-01;55;d69fcc38-21a6-41ee-8c0f-90be24aff805;506;MT;884dd2e9-8e06-4434-8855-a4d900f04035
2023-01-31;2019-02-01;56;d69fcc38-21a6-41ee-8c0f-90be24aff805;506;MT;a807905b-b6c0-4b05-afa3-2fb34bdeadf1
2015-01-31;2011-02-01;54;d69fcc38-21a6-41ee-8c0f-90be24aff805;454;BA;064e1265-c00d-4471-8716-fe75e17eae6b
2019-01-31;2015-02-01;55;d69fcc38-21a6-41ee-8c0f-90be24aff805;454;BA;f43ca3db-d213-4f91-89a4-b98976dd9ea0
2015-01-31;2011-02-01;54;d69fcc38-21a6-41ee-8c0f-90be24aff805;450;CE;b79aef85-0269-462b-9eca-c9818f959d98
2019-01-31;2015-02-01;55;d69fcc38-21a6-41ee-8c0f-90be24aff805;450;CE;b4f76f90-e0f2-41fe-960c-52f57321ebd6
2015-01-31;2011-02-01;54;d69fcc38-21a6-41ee-8c0f-90be24aff805;488;PI;aa1db1b2-2f8e-4299-952d-e782e65082a0
2019-01-31;2015-02-01;55;d69fcc38-21a6-41ee-8c0f-90be24aff805;488;PI;a6415c43-e3d8-44f4-a44c-49940c130fc6
2019-01-31;2015-02-01;55;d69fcc38-21a6-41ee-8c0f-90be24aff805;509;RJ;e6425d36-5f07-44dd-bc9a-5b18727bfacd
2023-01-31;2019-02-01;56;d69fcc38-21a6-41ee-8c0f-90be24aff805;509;RJ;57b87374-504e-4ef9-a471-d47006375c6b
2015-01-31;2011-02-01;54;d69fcc38-21a6-41ee-8c0f-90be24aff805;440;PB;c4d1e207-6f1e-4ffb-acfc-e13e1e94f892
2019-01-31;2015-02-01;55;d69fcc38-21a6-41ee-8c0f-90be24aff805;440;PB;a3d3e2f7-64e7-47fb-bc42-cf5e222594e9
2015-01-31;2011-02-01;54;d69fcc38-21a6-41ee-8c0f-90be24aff805;451;TO;0d86e784-6f75-4476-b004-7fb7b601b67e
2019-01-31;2015-02-01;55;d69fcc38-21a6-41ee-8c0f-90be24aff805;451;TO;562e3b49-c7bf-4323-91c1-3fb700226bd9
2015-01-31;2011-02-01;54;d69fcc38-21a6-41ee-8c0f-90be24aff805;446;MS;de053968-500e-4967-9a8d-2065ab0b083c
2019-01-31;2015-02-01;55;d69fcc38-21a6-41ee-8c0f-90be24aff805;446;MS;a2af5283-fe35-4668-9f83-768e0d3fe032
2019-01-31;2015-02-01;55;d69fcc38-21a6-41ee-8c0f-90be24aff805;517;SE;4e0778e1-325f-47e0-9338-fbcb3b948ec7
2023-01-31;2019-02-01;56;d69fcc38-21a6-41ee-8c0f-90be24aff805;517;SE;f7dfdb3a-aad9-463c-8c85-86da13bb6dd4
2015-01-31;2011-02-01;54;d69fcc38-21a6-41ee-8c0f-90be24aff805;437;AM;97479b57-cafb-41e5-aa57-4809f5c0ffba
2019-01-31;2015-02-01;55;d69fcc38-21a6-41ee-8c0f-90be24aff805;437;AM;d0a7626c-03fc-4f48-8ac7-c110218b4f28
2015-01-31;2011-02-01;54;d69fcc38-21a6-41ee-8c0f-90be24aff805;453;RO;81b71c6f-26fa-49d0-a4f1-aedd0c008c22
2019-01-31;2015-02-01;55;d69fcc38-21a6-41ee-8c0f-90be24aff805;453;RO;f1fbdeaf-d3c9-43a1-93c6-0d4885232b9a
2015-01-31;2011-02-01;54;d69fcc38-21a6-41ee-8c0f-90be24aff805;481;RN;795d4e98-73c3-471d-be4e-ea8bea71c245
2019-01-31;2015-02-01;55;d69fcc38-21a6-41ee-8c0f-90be24aff805;481;RN;643cb72a-a357-46cf-a33c-131731029255
2015-01-31;2011-02-01;54;d69fcc38-21a6-41ee-8c0f-90be24aff805;449;RS;9f5f194e-d439-40e6-b10a-3650f39be155
2019-01-31;2015-02-01;55;d69fcc38-21a6-41ee-8c0f-90be24aff805;449;RS;b89eb73d-e50a-4a7f-b3d2-5cc4af75b193
2019-01-31;2015-02-01;55;d69fcc38-21a6-41ee-8c0f-90be24aff805;507;PA;3c9d860b-7975-45f0-a50d-0509b12cd459
2023-01-31;2019-02-01;56;d69fcc38-21a6-41ee-8c0f-90be24aff805;507;PA;021e8c8f-c9f7-4e3c-9997-6c44426628f2
2015-01-31;2011-02-01;54;d69fcc38-21a6-41ee-8c0f-90be24aff805;490;AP;759027f2-9ead-4146-ab46-386068da50d5
2019-01-31;2015-02-01;55;d69fcc38-21a6-41ee-8c0f-90be24aff805;490;AP;c02d447b-acaf-4224-b0e0-61512d387b19
2015-01-31;2011-02-01;54;d69fcc38-21a6-41ee-8c0f-90be24aff805;453;RO;0d31915f-ba5f-4f0e-a4ff-47c53a494130
2019-01-31;2015-02-01;55;d69fcc38-21a6-41ee-8c0f-90be24aff805;453;RO;dc154378-899c-4ae4-aeac-7bb8243ba861
2015-01-31;2011-02-01;54;d69fcc38-21a6-41ee-8c0f-90be24aff805;480;RJ;6872a79d-e770-42ef-8efb-e294487ec76c
2019-01-31;2015-02-01;55;d69fcc38-21a6-41ee-8c0f-90be24aff805;480;RJ;b3801e2b-e994-4453-9c94-8ac29a533397
2015-01-31;2011-02-01;54;d69fcc38-21a6-41ee-8c0f-90be24aff805;435;MG;e7c4137c-dc49-4b90-9df1-806e4fdda362
2019-01-31;2015-02-01;55;d69fcc38-21a6-41ee-8c0f-90be24aff805;435;MG;324c5847-1cee-45d4-8053-8b2604b237d9
2019-01-31;2015-02-01;55;d69fcc38-21a6-41ee-8c0f-90be24aff805;512;CE;404d0b1a-d015-4998-b698-b73f90526a08
2023-01-31;2019-02-01;56;d69fcc38-21a6-41ee-8c0f-90be24aff805;512;CE;357ab57b-9a8d-4cad-a6fa-57322ca777fb
2019-01-31;2015-02-01;55;d69fcc38-21a6-41ee-8c0f-90be24aff805;498;RR;10489bf9-ea13-43d3-afae-ba5ba52129c9
2023-01-31;2019-02-01;56;d69fcc38-21a6-41ee-8c0f-90be24aff805;498;RR;49d166df-c620-4d3a-a232-fb3a6e5f6f6c
2019-01-31;2015-02-01;55;d69fcc38-21a6-41ee-8c0f-90be24aff805;498;RR;f759808b-5908-4f90-9401-8d8c4db57a49
2023-01-31;2019-02-01;56;d69fcc38-21a6-41ee-8c0f-90be24aff805;498;RR;5c451969-9d13-4414-b07b-275310d03e22
2019-01-31;2015-02-01;55;d69fcc38-21a6-41ee-8c0f-90be24aff805;510;RN;a344c9b0-87bf-4856-a86d-312502bebeac
2023-01-31;2019-02-01;56;d69fcc38-21a6-41ee-8c0f-90be24aff805;510;RN;765c1c3f-b341-424f-b57d-d02b8c8b0007
2015-01-31;2011-02-01;54;d69fcc38-21a6-41ee-8c0f-90be24aff805;442;AC;2043c759-17a6-46a6-b8e3-bbbb3d21edaf
2019-01-31;2015-02-01;55;d69fcc38-21a6-41ee-8c0f-90be24aff805;442;AC;2a6a964b-08c9-4b75-96a2-f0d51596ec79
2015-01-31;2011-02-01;54;d69fcc38-21a6-41ee-8c0f-90be24aff805;444;CE;60e3e74d-1c61-4a53-8ddc-aac22a9c3c5e
2019-01-31;2015-02-01;55;d69fcc38-21a6-41ee-8c0f-90be24aff805;444;CE;5c2d93df-87db-460f-8206-da9b6855d991
2015-01-31;2011-02-01;54;d69fcc38-21a6-41ee-8c0f-90be24aff805;455;ES;6246f33d-02b8-4124-a781-7e02e6d31122
2019-01-31;2015-02-01;55;d69fcc38-21a6-41ee-8c0f-90be24aff805;455;ES;ed0f147c-bff1-4e64-b560-b9dfb5635039
2019-01-31;2015-02-01;55;d69fcc38-21a6-41ee-8c0f-90be24aff805;494;MS;2ae569d9-5565-461c-9468-4dcfbe8f2e68
2023-01-31;2019-02-01;56;d69fcc38-21a6-41ee-8c0f-90be24aff805;494;MS;bc6aeb33-0f7b-44bd-bcba-39fa0d17140f
2019-01-31;2015-02-01;55;d69fcc38-21a6-41ee-8c0f-90be24aff805;511;AL;b2b2b978-6c51-4cce-9497-2146224b0179
2023-01-31;2019-02-01;56;d69fcc38-21a6-41ee-8c0f-90be24aff805;511;AL;a9103c75-a2c6-444a-9544-70d99765fb0c
2019-01-31;2015-02-01;55;d69fcc38-21a6-41ee-8c0f-90be24aff805;514;PR;aa5148e9-bd8a-4794-9291-46244dc1412c
2023-01-31;2019-02-01;56;d69fcc38-21a6-41ee-8c0f-90be24aff805;514;PR;2c6162f8-9bca-4381-ae59-5c85190e36ac
2019-01-31;2015-02-01;55;d69fcc38-21a6-41ee-8c0f-90be24aff805;503;ES;41831a2b-433a-4296-bc9c-00ab363f22d5
2023-01-31;2019-02-01;56;d69fcc38-21a6-41ee-8c0f-90be24aff805;503;ES;1d4552ef-2bca-4ffd-9122-850d15d476f7
2015-01-31;2011-02-01;54;d69fcc38-21a6-41ee-8c0f-90be24aff805;479;PB;1d4a4c27-a837-4be2-bfd4-7833f43541e0
2019-01-31;2015-02-01;55;d69fcc38-21a6-41ee-8c0f-90be24aff805;479;PB;704ada26-394d-4d29-a1d3-e4dc918f23c7
2015-01-31;2011-02-01;54;d69fcc38-21a6-41ee-8c0f-90be24aff805;454;BA;45285c9f-8fdc-4231-907d-6cae3a16b121
2019-01-31;2015-02-01;55;d69fcc38-21a6-41ee-8c0f-90be24aff805;454;BA;bb945465-a8db-4ccc-beee-293d967811c2
2015-01-31;2011-02-01;54;d69fcc38-21a6-41ee-8c0f-90be24aff805;439;PR;a424869e-a315-451b-9849-50dac74c52ec
2019-01-31;2015-02-01;55;d69fcc38-21a6-41ee-8c0f-90be24aff805;439;PR;b14db47b-0b4f-4c3c-a9b4-7d59425ddcd3
2015-01-31;2011-02-01;54;d69fcc38-21a6-41ee-8c0f-90be24aff805;473;AM;acf17007-06fb-4dbb-806d-15f0da25164b
2019-01-31;2015-02-01;55;d69fcc38-21a6-41ee-8c0f-90be24aff805;473;AM;32265d25-f28b-44a7-b4ec-3a8372ef41bd
2015-01-31;2011-02-01;54;d69fcc38-21a6-41ee-8c0f-90be24aff805;460;RR;3052b9ca-5842-46b3-9418-374af1236b64
2019-01-31;2015-02-01;55;d69fcc38-21a6-41ee-8c0f-90be24aff805;460;RR;199cf2b9-5093-42e1-a65b-5d55093b1041
2019-01-31;2015-02-01;55;d69fcc38-21a6-41ee-8c0f-90be24aff805;503;ES;9a23fcf5-be63-4519-8542-089b12e0ef3c
2023-01-31;2019-02-01;56;d69fcc38-21a6-41ee-8c0f-90be24aff805;503;ES;a40fdf67-51b4-463e-803e-8a50b8d8d8e2
2019-01-31;2015-02-01;55;d69fcc38-21a6-41ee-8c0f-90be24aff805;509;RJ;bc020f7f-5892-462f-854c-0e01473cd2d6
2023-01-31;2019-02-01;56;d69fcc38-21a6-41ee-8c0f-90be24aff805;509;RJ;f1e9e959-36c5-41d9-b5f4-f6f088b245bf
2015-01-31;2011-02-01;54;d69fcc38-21a6-41ee-8c0f-90be24aff805;464;AP;10c85d66-0a1c-4d3c-950e-4ee9daac8f8d
2019-01-31;2015-02-01;55;d69fcc38-21a6-41ee-8c0f-90be24aff805;464;AP;64bb6071-d49c-4f9f-a4f4-c76af4d9d04d
2019-01-31;2015-02-01;55;d69fcc38-21a6-41ee-8c0f-90be24aff805;513;PB;2415f6f1-ce30-48f7-81bd-91254c0fa1fb
2023-01-31;2019-02-01;56;d69fcc38-21a6-41ee-8c0f-90be24aff805;513;PB;3661193c-be9e-4000-b335-1873bb056cd2
2019-01-31;2015-02-01;55;d69fcc38-21a6-41ee-8c0f-90be24aff805;498;RR;0c891d50-4674-410b-a59c-8c488cef8710
2023-01-31;2019-02-01;56;d69fcc38-21a6-41ee-8c0f-90be24aff805;498;RR;878651a1-6ab3-462f-9162-dbe84fb67fc9
2015-01-31;2011-02-01;54;d69fcc38-21a6-41ee-8c0f-90be24aff805;460;RR;e44a8e91-9b74-4643-a222-07c45090868d
2019-01-31;2015-02-01;55;d69fcc38-21a6-41ee-8c0f-90be24aff805;460;RR;63297a03-4276-4d6a-bae3-573a18c3b239
2019-01-31;2015-02-01;55;d69fcc38-21a6-41ee-8c0f-90be24aff805;504;GO;b79ea1d4-a6bb-40cf-9ed1-28c325a076e3
2023-01-31;2019-02-01;56;d69fcc38-21a6-41ee-8c0f-90be24aff805;504;GO;b4b20687-2bcd-49bb-9249-a9eb711b8770
2019-01-31;2015-02-01;55;d69fcc38-21a6-41ee-8c0f-90be24aff805;505;MA;85a1b2ff-6195-42ca-a002-bea7d1a0e5ca
2023-01-31;2019-02-01;56;d69fcc38-21a6-41ee-8c0f-90be24aff805;505;MA;fef42ace-7226-4417-9eb4-e5184286cdcf
2015-01-31;2011-02-01;54;d69fcc38-21a6-41ee-8c0f-90be24aff805;452;DF;1b955028-5599-46cc-8918-0a79f5741f54
2019-01-31;2015-02-01;55;d69fcc38-21a6-41ee-8c0f-90be24aff805;452;DF;46965814-aaab-4303-9cf9-31dd0f976781
2015-01-31;2011-02-01;54;d69fcc38-21a6-41ee-8c0f-90be24aff805;470;DF;549315d9-46d5-4c3f-94d3-4bcf135abfcd
2019-01-31;2015-02-01;55;d69fcc38-21a6-41ee-8c0f-90be24aff805;470;DF;1997735d-46c6-430d-91b2-d32884ca25c7
2015-01-31;2011-02-01;54;d69fcc38-21a6-41ee-8c0f-90be24aff805;454;BA;a34835db-4a31-4c6a-b407-fee6379b07d9
2019-01-31;2015-02-01;55;d69fcc38-21a6-41ee-8c0f-90be24aff805;454;BA;24bcf1b1-318b-4c03-aadc-205f0cc274b0
2015-01-31;2011-02-01;54;d69fcc38-21a6-41ee-8c0f-90be24aff805;469;AL;7ff17446-c029-43c8-86d9-f3878bf7103f
2019-01-31;2015-02-01;55;d69fcc38-21a6-41ee-8c0f-90be24aff805;469;AL;1b4b1371-d25b-4f02-a2bc-21e387ae4af3
2019-01-31;2015-02-01;55;d69fcc38-21a6-41ee-8c0f-90be24aff805;517;SE;7a4a3c1d-730e-4a17-95ae-6bdc6b474abf
2023-01-31;2019-02-01;56;d69fcc38-21a6-41ee-8c0f-90be24aff805;517;SE;3933aa33-6c33-4ff9-bb7f-5c1c7139fcf4
2015-01-31;2011-02-01;54;d69fcc38-21a6-41ee-8c0f-90be24aff805;455;ES;e2347b12-6812-4d79-b9a6-018f2376d190
2019-01-31;2015-02-01;55;d69fcc38-21a6-41ee-8c0f-90be24aff805;455;ES;a920f26f-b247-48b6-b719-966055e43d27
2015-01-31;2011-02-01;54;d69fcc38-21a6-41ee-8c0f-90be24aff805;467;PR;a0cc197a-872e-4718-837a-9d45c3ea921d
2019-01-31;2015-02-01;55;d69fcc38-21a6-41ee-8c0f-90be24aff805;467;PR;0b1dee43-ab09-497b-841d-f49b0148f1bb
2019-01-31;2015-02-01;55;d69fcc38-21a6-41ee-8c0f-90be24aff805;502;DF;e32960a1-7d42-48bf-a8d5-20783c926c43
2023-01-31;2019-02-01;56;d69fcc38-21a6-41ee-8c0f-90be24aff805;502;DF;cf5012c3-c133-4239-86bf-84664357f6c7
2015-01-31;2011-02-01;54;d69fcc38-21a6-41ee-8c0f-90be24aff805;477;RO;fd974cb7-4a75-4802-be54-6921129fe3d4
2019-01-31;2015-02-01;55;d69fcc38-21a6-41ee-8c0f-90be24aff805;477;RO;c644a862-69c6-45bc-8938-cc944b2c125d
2015-01-31;2011-02-01;54;d69fcc38-21a6-41ee-8c0f-90be24aff805;440;PB;bfcfff0a-460a-4421-9c26-503a0cf81ece
2019-01-31;2015-02-01;55;d69fcc38-21a6-41ee-8c0f-90be24aff805;440;PB;91d6d48e-d04b-415e-9e20-dec5add57098
2015-01-31;2011-02-01;54;d69fcc38-21a6-41ee-8c0f-90be24aff805;488;PI;1da5ba5d-9c57-41b9-ba9b-0e1edf2190f8
2019-01-31;2015-02-01;55;d69fcc38-21a6-41ee-8c0f-90be24aff805;488;PI;1a6006cf-ecc2-4e92-aee6-02eecb565da0
2015-01-31;2011-02-01;54;d69fcc38-21a6-41ee-8c0f-90be24aff805;475;AP;1843f944-59df-43dc-8291-8573ff5129c7
2019-01-31;2015-02-01;55;d69fcc38-21a6-41ee-8c0f-90be24aff805;475;AP;25215cad-a295-4700-b5d8-a6043f7f03bb
2019-01-31;2015-02-01;55;d69fcc38-21a6-41ee-8c0f-90be24aff805;505;MA;9e0fbfd1-d11a-4dc5-b18c-f7a1927ee8dc
2023-01-31;2019-02-01;56;d69fcc38-21a6-41ee-8c0f-90be24aff805;505;MA;5d0a2e9b-413a-47a9-a875-c6746ca52ecc
2015-01-31;2011-02-01;54;d69fcc38-21a6-41ee-8c0f-90be24aff805;463;MT;cb5986b2-e803-4193-920d-65fa5149586d
2019-01-31;2015-02-01;55;d69fcc38-21a6-41ee-8c0f-90be24aff805;463;MT;0627c0a2-35ab-49c4-87c8-2a779462bb53
2015-01-31;2011-02-01;54;d69fcc38-21a6-41ee-8c0f-90be24aff805;439;PR;b5ae389f-15f4-4f9a-bba1-76169b1ed397
2019-01-31;2015-02-01;55;d69fcc38-21a6-41ee-8c0f-90be24aff805;439;PR;424cfa02-9851-41a2-aa15-228d1c03ebf3
2015-01-31;2011-02-01;54;d69fcc38-21a6-41ee-8c0f-90be24aff805;463;MT;4416927e-9309-42aa-86db-71727edf5e07
2019-01-31;2015-02-01;55;d69fcc38-21a6-41ee-8c0f-90be24aff805;463;MT;7fd511b4-a003-4ca9-b3ab-db6c33f60be7
2019-01-31;2015-02-01;55;d69fcc38-21a6-41ee-8c0f-90be24aff805;505;MA;262aeab5-0f66-4f99-bde0-7028d2e8e14c
2023-01-31;2019-02-01;56;d69fcc38-21a6-41ee-8c0f-90be24aff805;505;MA;ff020226-972a-41d6-aae2-13914a6f53f4
2015-01-31;2011-02-01;54;d69fcc38-21a6-41ee-8c0f-90be24aff805;447;MS;2796aaac-151d-4143-b785-6255df7533f6
2019-01-31;2015-02-01;55;d69fcc38-21a6-41ee-8c0f-90be24aff805;447;MS;fa464e3e-28c4-4e4f-8a12-e4135dbb7c14
2015-01-31;2011-02-01;54;d69fcc38-21a6-41ee-8c0f-90be24aff805;449;RS;674ee2e5-bdee-4c96-bf60-3b62b35de7a6
2019-01-31;2015-02-01;55;d69fcc38-21a6-41ee-8c0f-90be24aff805;449;RS;3ee253d6-116d-46f3-b3f0-19ca9dbc71a8
2015-01-31;2011-02-01;54;d69fcc38-21a6-41ee-8c0f-90be24aff805;471;SP;9d3be7ce-1e21-4903-a7d5-e5caa1a78a72
2019-01-31;2015-02-01;55;d69fcc38-21a6-41ee-8c0f-90be24aff805;471;SP;793d3961-9514-491b-87f8-16b9a153e21f
2019-01-31;2015-02-01;55;d69fcc38-21a6-41ee-8c0f-90be24aff805;499;SC;1496bb51-bf36-41a6-a04e-c21b8e6b2f2d
2023-01-31;2019-02-01;56;d69fcc38-21a6-41ee-8c0f-90be24aff805;499;SC;b13dd46a-d3e6-43b3-a4d9-32e8cf1a09ba
2019-01-31;2015-02-01;55;d69fcc38-21a6-41ee-8c0f-90be24aff805;507;PA;a0bec70f-0964-4dfe-bdea-63f7ceab7b13
2023-01-31;2019-02-01;56;d69fcc38-21a6-41ee-8c0f-90be24aff805;507;PA;84a4ec5b-8ca6-42df-b279-43ca7bb6c970
2015-01-31;2011-02-01;54;d69fcc38-21a6-41ee-8c0f-90be24aff805;476;RN;6c672259-fdf1-4ef3-81d9-4208ae6b383d
2019-01-31;2015-02-01;55;d69fcc38-21a6-41ee-8c0f-90be24aff805;476;RN;01135fc5-1a60-405a-9b24-38594e2de63c
2019-01-31;2015-02-01;55;d69fcc38-21a6-41ee-8c0f-90be24aff805;507;PA;f38b61df-ccc9-4f64-9b52-6c2b533bef08
2023-01-31;2019-02-01;56;d69fcc38-21a6-41ee-8c0f-90be24aff805;507;PA;f554c444-f9d4-4868-b3cc-e2f5951299a2
2015-01-31;2011-02-01;54;d69fcc38-21a6-41ee-8c0f-90be24aff805;468;TO;db3e9c5d-6e02-42f6-9738-00c781a38e49
2019-01-31;2015-02-01;55;d69fcc38-21a6-41ee-8c0f-90be24aff805;468;TO;7c457ef4-17db-483e-95ba-9d7edddda378
2015-01-31;2011-02-01;54;d69fcc38-21a6-41ee-8c0f-90be24aff805;466;SC;62fb2db5-12c1-416d-b0bc-025796eb893a
2019-01-31;2015-02-01;55;d69fcc38-21a6-41ee-8c0f-90be24aff805;466;SC;1b6817dc-55eb-4241-8bd1-187682fe864f
2015-01-31;2011-02-01;54;d69fcc38-21a6-41ee-8c0f-90be24aff805;486;RR;77f3cc08-14f4-4057-807b-783522e45f12
2019-01-31;2015-02-01;55;d69fcc38-21a6-41ee-8c0f-90be24aff805;486;RR;e8ce6f7e-a34f-402b-b9ba-cb99726d8dfd
2019-01-31;2015-02-01;55;d69fcc38-21a6-41ee-8c0f-90be24aff805;515;RO;86b52f63-7314-4a82-b133-28f15c481884
2023-01-31;2019-02-01;56;d69fcc38-21a6-41ee-8c0f-90be24aff805;515;RO;0cd7a9b3-d499-4259-b2cd-de47c340198b
2015-01-31;2011-02-01;54;d69fcc38-21a6-41ee-8c0f-90be24aff805;445;MA;c358f4e3-ffad-4e9c-9852-dc9933f77c59
2019-01-31;2015-02-01;55;d69fcc38-21a6-41ee-8c0f-90be24aff805;445;MA;5bedb691-2cc9-4f10-8870-08f151067bd8
2015-01-31;2011-02-01;54;d69fcc38-21a6-41ee-8c0f-90be24aff805;483;ES;50094802-3aa3-4209-bade-70ecafb9f705
2019-01-31;2015-02-01;55;d69fcc38-21a6-41ee-8c0f-90be24aff805;483;ES;ea9b73c6-c089-4501-af78-10a1de2a8727
2019-01-31;2015-02-01;55;d69fcc38-21a6-41ee-8c0f-90be24aff805;492;BA;2d7a791a-225b-4c83-ab27-ceede9b73086
2023-01-31;2019-02-01;56;d69fcc38-21a6-41ee-8c0f-90be24aff805;492;BA;d092b0e0-4272-4d9e-8f27-64bb62ccfc58
2015-01-31;2011-02-01;54;d69fcc38-21a6-41ee-8c0f-90be24aff805;484;AC;deab6fd2-689b-4c6c-b90e-42a7d23cd871
2019-01-31;2015-02-01;55;d69fcc38-21a6-41ee-8c0f-90be24aff805;484;AC;29428daf-6f58-4bc3-a5c8-5c6fb9a442f3
2015-01-31;2011-02-01;54;d69fcc38-21a6-41ee-8c0f-90be24aff805;477;RO;dcff60e0-1ff1-435c-83ec-53048490fb12
2019-01-31;2015-02-01;55;d69fcc38-21a6-41ee-8c0f-90be24aff805;477;RO;a211b3c7-780d-4683-a6f5-d2de09c62da5
2019-01-31;2015-02-01;55;d69fcc38-21a6-41ee-8c0f-90be24aff805;493;AM;ec4112b3-559b-4e46-bcdb-8d2e53f203bc
2023-01-31;2019-02-01;56;d69fcc38-21a6-41ee-8c0f-90be24aff805;493;AM;51348c18-6c48-4c8c-b50a-26dac82a86dd
2019-01-31;2015-02-01;55;d69fcc38-21a6-41ee-8c0f-90be24aff805;513;PB;bcec6c43-4839-4760-81b3-596da298e00d
2023-01-31;2019-02-01;56;d69fcc38-21a6-41ee-8c0f-90be24aff805;513;PB;bab10bf6-66a7-4edc-8c7c-38b28c059c21
2015-01-31;2011-02-01;54;d69fcc38-21a6-41ee-8c0f-90be24aff805;436;RJ;ef9dc15f-8dff-4aa0-829b-f4e5d0cfbc8e
2019-01-31;2015-02-01;55;d69fcc38-21a6-41ee-8c0f-90be24aff805;436;RJ;e19348df-1ebe-4f70-8595-9101e23b5c67
2015-01-31;2011-02-01;54;d69fcc38-21a6-41ee-8c0f-90be24aff805;487;PA;e9a3f55f-0434-4ed1-9e89-960f60c88966
2019-01-31;2015-02-01;55;d69fcc38-21a6-41ee-8c0f-90be24aff805;487;PA;8c7df062-2332-4422-a9dc-b4d6e45085ec
2015-01-31;2011-02-01;54;d69fcc38-21a6-41ee-8c0f-90be24aff805;461;BA;4398f95b-e3e2-4124-a70c-5e654e5051e4
2019-01-31;2015-02-01;55;d69fcc38-21a6-41ee-8c0f-90be24aff805;461;BA;e16b8ef1-ad54-4164-bc5b-6f27927599e9
2015-01-31;2011-02-01;54;d69fcc38-21a6-41ee-8c0f-90be24aff805;462;RS;18fe63d9-86f5-457b-b92b-05cdf376404c
2019-01-31;2015-02-01;55;d69fcc38-21a6-41ee-8c0f-90be24aff805;462;RS;a92da768-e02c-4f95-91e1-9fb7fb52cc58
2019-01-31;2015-02-01;55;d69fcc38-21a6-41ee-8c0f-90be24aff805;492;BA;e4dbf9cb-a3b5-4352-be9a-e757a4324c9a
2023-01-31;2019-02-01;56;d69fcc38-21a6-41ee-8c0f-90be24aff805;492;BA;61419373-a355-4ec5-86cb-553d004a3cb3
2015-01-31;2011-02-01;54;d69fcc38-21a6-41ee-8c0f-90be24aff805;471;SP;900d93b0-3ae2-4583-b9a8-91d5b113a5ce
2019-01-31;2015-02-01;55;d69fcc38-21a6-41ee-8c0f-90be24aff805;471;SP;52cefdcf-3620-48cd-9fcc-bd81279a8bbd
2019-01-31;2015-02-01;55;d69fcc38-21a6-41ee-8c0f-90be24aff805;501;AP;bd5840da-0f40-4cae-9cc9-d6b560dbf529
2023-01-31;2019-02-01;56;d69fcc38-21a6-41ee-8c0f-90be24aff805;501;AP;87a41e61-6b09-4d53-8b9d-8ca38f24395c
2019-01-31;2015-02-01;55;d69fcc38-21a6-41ee-8c0f-90be24aff805;494;MS;16fbe278-4b11-478f-b2b2-eced689ac732
2023-01-31;2019-02-01;56;d69fcc38-21a6-41ee-8c0f-90be24aff805;494;MS;a8c18df7-cebe-45c2-a896-25aa40f060f9
2015-01-31;2011-02-01;54;d69fcc38-21a6-41ee-8c0f-90be24aff805;485;SP;d3ac6a48-10a2-43d3-be35-9cbf3b89175c
2019-01-31;2015-02-01;55;d69fcc38-21a6-41ee-8c0f-90be24aff805;485;SP;67076939-6cce-4c58-95e6-52716e65ae7d
2015-01-31;2011-02-01;54;d69fcc38-21a6-41ee-8c0f-90be24aff805;450;CE;99324fd4-32b4-41d4-a326-6f3725dab636
2019-01-31;2015-02-01;55;d69fcc38-21a6-41ee-8c0f-90be24aff805;450;CE;51e115b2-7bb5-4ff7-a0fe-4a2349581800
2015-01-31;2011-02-01;54;d69fcc38-21a6-41ee-8c0f-90be24aff805;438;MA;d98c469b-482a-4d1a-9755-0145b2540ed4
2019-01-31;2015-02-01;55;d69fcc38-21a6-41ee-8c0f-90be24aff805;438;MA;9084e838-53c8-46e6-9b71-583f97c7a7c2
2015-01-31;2011-02-01;54;d69fcc38-21a6-41ee-8c0f-90be24aff805;482;PA;ba453e3e-0a3b-4585-85fe-67681e31d6be
2019-01-31;2015-02-01;55;d69fcc38-21a6-41ee-8c0f-90be24aff805;482;PA;2ebd8146-20a0-46c5-99f5-cc23470be0e6
2015-01-31;2011-02-01;54;d69fcc38-21a6-41ee-8c0f-90be24aff805;448;PE;f2b3f45c-7c14-46e6-99d7-4cea75418ebe
2019-01-31;2015-02-01;55;d69fcc38-21a6-41ee-8c0f-90be24aff805;448;PE;ebcfb425-9ee6-4885-b2ae-e1cdb85204fa
2019-01-31;2015-02-01;55;d69fcc38-21a6-41ee-8c0f-90be24aff805;506;MT;9cd55e95-ad2a-4f26-bb38-cc8e71c50e92
2023-01-31;2019-02-01;56;d69fcc38-21a6-41ee-8c0f-90be24aff805;506;MT;5b0a78b0-505e-4828-9f76-1e8d17da0afb
2015-01-31;2011-02-01;54;d69fcc38-21a6-41ee-8c0f-90be24aff805;480;RJ;40f33976-f636-4c2a-abf1-dbd3c7c35d8c
2019-01-31;2015-02-01;55;d69fcc38-21a6-41ee-8c0f-90be24aff805;480;RJ;d91fdfd4-f3a8-4d1f-9fdc-9e31b3c31956
2015-01-31;2011-02-01;54;d69fcc38-21a6-41ee-8c0f-90be24aff805;479;PB;4f1fc871-ddb1-4499-ba3b-a610929bdd75
2019-01-31;2015-02-01;55;d69fcc38-21a6-41ee-8c0f-90be24aff805;479;PB;ded017e3-ef0a-45e7-8de5-1b759a0e3f57
2015-01-31;2011-02-01;54;d69fcc38-21a6-41ee-8c0f-90be24aff805;459;GO;dc294739-c2fe-4057-b63b-b117c2373eb8
2019-01-31;2015-02-01;55;d69fcc38-21a6-41ee-8c0f-90be24aff805;459;GO;1404bcba-6ee7-456f-9b26-c88b77b0b586
2015-01-31;2011-02-01;54;d69fcc38-21a6-41ee-8c0f-90be24aff805;446;MS;0f9078e8-78b6-4d76-a102-7156f60e1ffe
2019-01-31;2015-02-01;55;d69fcc38-21a6-41ee-8c0f-90be24aff805;446;MS;ad66923b-08c1-42fc-9e6f-27066be6fe1d
2019-01-31;2015-02-01;55;d69fcc38-21a6-41ee-8c0f-90be24aff805;517;SE;b120fc22-2eb0-4fd0-8fa8-5186c9b3502b
2023-01-31;2019-02-01;56;d69fcc38-21a6-41ee-8c0f-90be24aff805;517;SE;04d928b7-05c9-426b-9c4a-c6297f461ef6
2015-01-31;2011-02-01;54;d69fcc38-21a6-41ee-8c0f-90be24aff805;456;MT;340536ff-0119-4f55-a2a6-a0f222b4e340
2019-01-31;2015-02-01;55;d69fcc38-21a6-41ee-8c0f-90be24aff805;456;MT;3d3807c1-e622-4e35-9a35-59f2db95381a
2015-01-31;2011-02-01;54;d69fcc38-21a6-41ee-8c0f-90be24aff805;453;RO;b0731375-a09b-4605-814f-69975d62f617
2019-01-31;2015-02-01;55;d69fcc38-21a6-41ee-8c0f-90be24aff805;453;RO;742d0da2-25f5-4c0c-8d54-0f51ac267b42
2015-01-31;2011-02-01;54;d69fcc38-21a6-41ee-8c0f-90be24aff805;483;ES;e210c82f-da5c-4c9c-a739-d2f13517f3de
2019-01-31;2015-02-01;55;d69fcc38-21a6-41ee-8c0f-90be24aff805;483;ES;c13ff4bc-9075-4d30-9279-80c440cd3b92
2015-01-31;2011-02-01;54;d69fcc38-21a6-41ee-8c0f-90be24aff805;459;GO;0f78584f-0f87-47b7-a315-9dc0105e57b4
2019-01-31;2015-02-01;55;d69fcc38-21a6-41ee-8c0f-90be24aff805;459;GO;c9b0ad8a-bb56-4b04-8aab-64caa3682383
2015-01-31;2011-02-01;54;d69fcc38-21a6-41ee-8c0f-90be24aff805;461;BA;0928a0b6-26ff-4426-8321-6027b6e14c35
2019-01-31;2015-02-01;55;d69fcc38-21a6-41ee-8c0f-90be24aff805;461;BA;5679aa77-51a8-4063-a78e-6287669967c1
2019-01-31;2015-02-01;55;d69fcc38-21a6-41ee-8c0f-90be24aff805;503;ES;fb4ec789-35bb-414e-83fd-f4182ff8c4bb
2023-01-31;2019-02-01;56;d69fcc38-21a6-41ee-8c0f-90be24aff805;503;ES;af55263c-c00a-40ca-9e12-7472c5f2eb77
2019-01-31;2015-02-01;55;d69fcc38-21a6-41ee-8c0f-90be24aff805;500;AC;a1447942-fc05-4252-bbd4-63c1b71fa6d5
2023-01-31;2019-02-01;56;d69fcc38-21a6-41ee-8c0f-90be24aff805;500;AC;139b9709-ab33-4715-9727-e2026a41ddd4
2015-01-31;2011-02-01;54;d69fcc38-21a6-41ee-8c0f-90be24aff805;467;PR;476fec16-1133-48a7-8f4b-6df44eb6cccd
2019-01-31;2015-02-01;55;d69fcc38-21a6-41ee-8c0f-90be24aff805;467;PR;9374622d-fc4b-4e60-8eb5-8acce635449d
2015-01-31;2011-02-01;54;d69fcc38-21a6-41ee-8c0f-90be24aff805;465;SC;dc3f7b6f-8104-44ce-90dd-8ce9ea2c8a9f
2019-01-31;2015-02-01;55;d69fcc38-21a6-41ee-8c0f-90be24aff805;465;SC;eb8c61dd-71dd-4f45-9f58-7cb6f892f0fa
2015-01-31;2011-02-01;54;d69fcc38-21a6-41ee-8c0f-90be24aff805;473;AM;b8bb71df-0d58-47e1-b787-e7d28e2d2d77
2019-01-31;2015-02-01;55;d69fcc38-21a6-41ee-8c0f-90be24aff805;473;AM;103e4bb7-12a3-4815-b108-145cc195ebaf
2015-01-31;2011-02-01;54;d69fcc38-21a6-41ee-8c0f-90be24aff805;444;CE;ce6e812e-e74b-4a34-ba44-517d33e5f9f9
2019-01-31;2015-02-01;55;d69fcc38-21a6-41ee-8c0f-90be24aff805;444;CE;8da0ee80-a667-4b99-b566-6fd9f85c65e7
2015-01-31;2011-02-01;54;d69fcc38-21a6-41ee-8c0f-90be24aff805;478;SE;368a3a57-afaa-4d52-9189-fc4077de4503
2019-01-31;2015-02-01;55;d69fcc38-21a6-41ee-8c0f-90be24aff805;478;SE;5bc69a6f-035b-4064-8304-fc7cbd0bd750
2019-01-31;2015-02-01;55;d69fcc38-21a6-41ee-8c0f-90be24aff805;493;AM;06ca555a-63dc-43b9-a6e6-964c4542ee95
2023-01-31;2019-02-01;56;d69fcc38-21a6-41ee-8c0f-90be24aff805;493;AM;9ddf10c3-4fac-42d3-97b7-5d47f67e2478
2019-01-31;2015-02-01;55;d69fcc38-21a6-41ee-8c0f-90be24aff805;504;GO;b1f28404-e64a-4e88-8cdb-c84b07d6921c
2023-01-31;2019-02-01;56;d69fcc38-21a6-41ee-8c0f-90be24aff805;504;GO;09d997e4-fcf8-4142-9363-97f2229b1c60
2015-01-31;2011-02-01;54;d69fcc38-21a6-41ee-8c0f-90be24aff805;470;DF;15c48e34-7704-42e9-a761-990e2142775c
2019-01-31;2015-02-01;55;d69fcc38-21a6-41ee-8c0f-90be24aff805;470;DF;052aa426-f355-4a11-b076-535b36b472e2
2015-01-31;2011-02-01;54;d69fcc38-21a6-41ee-8c0f-90be24aff805;436;RJ;66100724-f82c-4b6c-8e45-04bf05ee0e9a
2019-01-31;2015-02-01;55;d69fcc38-21a6-41ee-8c0f-90be24aff805;436;RJ;c5500fb4-5bb1-42f6-bb80-0b962c0c65a6
2015-01-31;2011-02-01;54;d69fcc38-21a6-41ee-8c0f-90be24aff805;445;MA;e73997d3-ff81-43da-9f3b-d172a85702fb
2019-01-31;2015-02-01;55;d69fcc38-21a6-41ee-8c0f-90be24aff805;445;MA;b95c5152-1944-43cd-abc2-3650d6d307a5
2019-01-31;2015-02-01;55;d69fcc38-21a6-41ee-8c0f-90be24aff805;497;RS;e28a2d30-ee46-4e25-8716-b89dfc792ca5
2023-01-31;2019-02-01;56;d69fcc38-21a6-41ee-8c0f-90be24aff805;497;RS;84ac8e97-f742-43a0-bbde-289393f6bc19
2015-01-31;2011-02-01;54;d69fcc38-21a6-41ee-8c0f-90be24aff805;461;BA;9e5cc6d2-ef9e-4a36-bf66-3c25cacf5f85
2019-01-31;2015-02-01;55;d69fcc38-21a6-41ee-8c0f-90be24aff805;461;BA;09bb647c-b344-4859-84e3-2669255f02bd
2019-01-31;2015-02-01;55;d69fcc38-21a6-41ee-8c0f-90be24aff805;518;TO;c874d3da-e983-4ccc-be3d-208ea54c5f9e
2023-01-31;2019-02-01;56;d69fcc38-21a6-41ee-8c0f-90be24aff805;518;TO;86e4afa3-ee58-479d-808f-791dcd286c7c
2019-01-31;2015-02-01;55;d69fcc38-21a6-41ee-8c0f-90be24aff805;495;MG;2692f5f3-41c0-4eb5-bb9d-faadc14a6229
2023-01-31;2019-02-01;56;d69fcc38-21a6-41ee-8c0f-90be24aff805;495;MG;11730852-1e7b-4ac7-9fc7-3587bf4b599d
2015-01-31;2011-02-01;54;d69fcc38-21a6-41ee-8c0f-90be24aff805;478;SE;edd6a2fc-a67d-4523-b3e5-921b8ce6a177
2019-01-31;2015-02-01;55;d69fcc38-21a6-41ee-8c0f-90be24aff805;478;SE;6c49c349-3a01-4ed4-bc29-fd2700cb462c
2015-01-31;2011-02-01;54;d69fcc38-21a6-41ee-8c0f-90be24aff805;468;TO;1e3681cd-76de-47b0-9674-908f83d0c426
2019-01-31;2015-02-01;55;d69fcc38-21a6-41ee-8c0f-90be24aff805;468;TO;9dd90795-7810-488a-ba08-74635d32bbb4
2015-01-31;2011-02-01;54;d69fcc38-21a6-41ee-8c0f-90be24aff805;451;TO;54df02ae-a432-4b9e-8458-02928801a16e
2019-01-31;2015-02-01;55;d69fcc38-21a6-41ee-8c0f-90be24aff805;451;TO;c0880307-717a-4f7c-be66-21794afed321
2015-01-31;2011-02-01;54;d69fcc38-21a6-41ee-8c0f-90be24aff805;481;RN;a8406557-a7d5-4b42-a0d6-1bd5c9ce09ba
2019-01-31;2015-02-01;55;d69fcc38-21a6-41ee-8c0f-90be24aff805;481;RN;213ba83d-5e3e-480e-82f2-7e92fa936cc5
2019-01-31;2015-02-01;55;d69fcc38-21a6-41ee-8c0f-90be24aff805;509;RJ;76ccd01c-bf2e-4db1-9525-e6f1124ea155
2023-01-31;2019-02-01;56;d69fcc38-21a6-41ee-8c0f-90be24aff805;509;RJ;45988c21-103a-454f-a4e2-5044d5cd9793
2015-01-31;2011-02-01;54;d69fcc38-21a6-41ee-8c0f-90be24aff805;490;AP;d66dd5f3-89ab-4755-aa8a-247fb291428e
2019-01-31;2015-02-01;55;d69fcc38-21a6-41ee-8c0f-90be24aff805;490;AP;cd497b52-efe5-4d10-8a31-8808f5bc0857
2015-01-31;2011-02-01;54;d69fcc38-21a6-41ee-8c0f-90be24aff805;458;PI;94f5e61e-d731-493e-82b4-9fc8a534433a
2019-01-31;2015-02-01;55;d69fcc38-21a6-41ee-8c0f-90be24aff805;458;PI;5a33cd04-6c46-4c44-9392-438b1122adee
2015-01-31;2011-02-01;54;d69fcc38-21a6-41ee-8c0f-90be24aff805;488;PI;38406652-9fc3-4d6a-9277-db9a36bed4cf
2019-01-31;2015-02-01;55;d69fcc38-21a6-41ee-8c0f-90be24aff805;488;PI;770b6ab8-98aa-4e35-8a70-2fdb04119751
2015-01-31;2011-02-01;54;d69fcc38-21a6-41ee-8c0f-90be24aff805;438;MA;808e08cf-6903-4aa9-9eff-05c1a2b3d959
2019-01-31;2015-02-01;55;d69fcc38-21a6-41ee-8c0f-90be24aff805;438;MA;4af01771-ae93-49bb-9b31-e100f9bc3652
2015-01-31;2011-02-01;54;d69fcc38-21a6-41ee-8c0f-90be24aff805;469;AL;e9c6b575-60d9-4afc-b514-ded6cfb1d66d
2019-01-31;2015-02-01;55;d69fcc38-21a6-41ee-8c0f-90be24aff805;469;AL;f579972e-02c4-4f80-9773-d09dd336b6dc
2019-01-31;2015-02-01;55;d69fcc38-21a6-41ee-8c0f-90be24aff805;516;SP;4bab723d-31de-4f38-b49f-e92b591ad4a3
2023-01-31;2019-02-01;56;d69fcc38-21a6-41ee-8c0f-90be24aff805;516;SP;3125e024-b4a0-478e-a91b-9af883688f0b
2015-01-31;2011-02-01;54;d69fcc38-21a6-41ee-8c0f-90be24aff805;443;PE;7aa05a04-ca6a-4f31-ae5a-465c99a692c5
2019-01-31;2015-02-01;55;d69fcc38-21a6-41ee-8c0f-90be24aff805;443;PE;d99b106a-a9b4-4ee0-a1c6-c650a5b8250d
2015-01-31;2011-02-01;54;d69fcc38-21a6-41ee-8c0f-90be24aff805;444;CE;0a72b2ec-cfa0-4a15-9486-b7a341be86f3
2019-01-31;2015-02-01;55;d69fcc38-21a6-41ee-8c0f-90be24aff805;444;CE;8492546a-9e1f-4d4b-9199-45375a15dc1d
2015-01-31;2011-02-01;54;d69fcc38-21a6-41ee-8c0f-90be24aff805;463;MT;43bcf9b2-ff35-448d-b53e-9f64f6698a75
2019-01-31;2015-02-01;55;d69fcc38-21a6-41ee-8c0f-90be24aff805;463;MT;18973a57-a3ae-4170-98d8-6e50fac57e21
2019-01-31;2015-02-01;55;d69fcc38-21a6-41ee-8c0f-90be24aff805;513;PB;bb83e217-365b-44c7-a033-71e150f40bd6
2023-01-31;2019-02-01;56;d69fcc38-21a6-41ee-8c0f-90be24aff805;513;PB;373cc9b8-f83d-428c-884d-8eadc5b4d1c3
2015-01-31;2011-02-01;54;d69fcc38-21a6-41ee-8c0f-90be24aff805;457;AL;742ff772-49f8-40ea-902d-6c5c383aefbe
2019-01-31;2015-02-01;55;d69fcc38-21a6-41ee-8c0f-90be24aff805;457;AL;09897fbf-8d3b-4f55-a345-36f8307e0015
2015-01-31;2011-02-01;54;d69fcc38-21a6-41ee-8c0f-90be24aff805;474;SE;a8e3847f-2a9e-4e8b-9c79-4f2116959a6f
2019-01-31;2015-02-01;55;d69fcc38-21a6-41ee-8c0f-90be24aff805;474;SE;a9ae4c63-20d9-4277-8a13-8f0bc7da8709
2019-01-31;2015-02-01;55;d69fcc38-21a6-41ee-8c0f-90be24aff805;502;DF;c1e315ee-4ed9-4e4a-b008-f9f181f9cec3
2023-01-31;2019-02-01;56;d69fcc38-21a6-41ee-8c0f-90be24aff805;502;DF;d80a20ec-fe1e-43a1-a6f1-1ce586babd85
2019-01-31;2015-02-01;55;d69fcc38-21a6-41ee-8c0f-90be24aff805;516;SP;7cb00b2d-488b-4c95-984c-495c9636ea8f
2023-01-31;2019-02-01;56;d69fcc38-21a6-41ee-8c0f-90be24aff805;516;SP;dc19ce6f-b059-4aa2-91f7-e5ca224b2ef1
2015-01-31;2011-02-01;54;d69fcc38-21a6-41ee-8c0f-90be24aff805;455;ES;2a5c4b55-d5d8-4d2d-b0d1-47e9b9b05c4c
2019-01-31;2015-02-01;55;d69fcc38-21a6-41ee-8c0f-90be24aff805;455;ES;bdd3abeb-b592-4323-8078-3b9a7e9f898c
2015-01-31;2011-02-01;54;d69fcc38-21a6-41ee-8c0f-90be24aff805;458;PI;f1c6e131-674f-4585-b4e0-783e1cec614b
2019-01-31;2015-02-01;55;d69fcc38-21a6-41ee-8c0f-90be24aff805;458;PI;5abd816d-1a10-4ffd-bcb5-69fbc64aec00
2019-01-31;2015-02-01;55;d69fcc38-21a6-41ee-8c0f-90be24aff805;501;AP;408375c6-8416-42ee-bb39-a6a47c4d80b3
2023-01-31;2019-02-01;56;d69fcc38-21a6-41ee-8c0f-90be24aff805;501;AP;7f352166-1312-4507-9395-6a33db9ea5be
2015-01-31;2011-02-01;54;d69fcc38-21a6-41ee-8c0f-90be24aff805;462;RS;45768c32-f23f-4d2c-94c4-cda10e554b38
2019-01-31;2015-02-01;55;d69fcc38-21a6-41ee-8c0f-90be24aff805;462;RS;6c1c0fda-fbe5-41f4-9308-6edf5c1aa19d
2015-01-31;2011-02-01;54;d69fcc38-21a6-41ee-8c0f-90be24aff805;481;RN;06363e39-0ac7-469f-8d5c-903e63d3c27c
2019-01-31;2015-02-01;55;d69fcc38-21a6-41ee-8c0f-90be24aff805;481;RN;22ecbe90-79a4-4e79-afc3-735ff6626125
2019-01-31;2015-02-01;55;d69fcc38-21a6-41ee-8c0f-90be24aff805;506;MT;cfdac7b9-7cbf-47ce-be61-b4646d7a63f1
2023-01-31;2019-02-01;56;d69fcc38-21a6-41ee-8c0f-90be24aff805;506;MT;6e1cfac9-805c-463e-9ea8-373f2daec792
2015-01-31;2011-02-01;54;d69fcc38-21a6-41ee-8c0f-90be24aff805;486;RR;8b1be614-50d4-4af4-9441-52e9484573ee
2019-01-31;2015-02-01;55;d69fcc38-21a6-41ee-8c0f-90be24aff805;486;RR;232f6df1-0a5c-4073-952e-517fdf7e6e6e
2019-01-31;2015-02-01;55;d69fcc38-21a6-41ee-8c0f-90be24aff805;496;PI;0016ea30-8e7b-4e38-8e1c-8a1ed5a3f34a
2023-01-31;2019-02-01;56;d69fcc38-21a6-41ee-8c0f-90be24aff805;496;PI;6f4ce6a3-cc36-4377-bbd1-9d1632c4dc19
2015-01-31;2011-02-01;54;d69fcc38-21a6-41ee-8c0f-90be24aff805;484;AC;92c2af81-4320-42a4-84dd-7a613653dfcd
2019-01-31;2015-02-01;55;d69fcc38-21a6-41ee-8c0f-90be24aff805;484;AC;b44885f8-7ff5-4df9-8031-20b592815446
2015-01-31;2011-02-01;54;d69fcc38-21a6-41ee-8c0f-90be24aff805;448;PE;61b1558b-8794-48be-a42a-658e9d390822
2019-01-31;2015-02-01;55;d69fcc38-21a6-41ee-8c0f-90be24aff805;448;PE;f528691a-7d6a-4d1f-af78-2ddb40da0900
2019-01-31;2015-02-01;55;d69fcc38-21a6-41ee-8c0f-90be24aff805;514;PR;f732e435-f07a-40b3-b818-72b855eb3bbe
2023-01-31;2019-02-01;56;d69fcc38-21a6-41ee-8c0f-90be24aff805;514;PR;4147e816-9f63-430a-a21c-b29b967e5444
2015-01-31;2011-02-01;54;d69fcc38-21a6-41ee-8c0f-90be24aff805;476;RN;033187e5-68a2-4ac9-9cb5-f6b64480bd99
2019-01-31;2015-02-01;55;d69fcc38-21a6-41ee-8c0f-90be24aff805;476;RN;88b16f00-937a-4856-894f-ac4cc4206a8b
2015-01-31;2011-02-01;54;d69fcc38-21a6-41ee-8c0f-90be24aff805;441;MG;a0b28af0-0ab5-4da6-8dc2-a01ea66713c5
2019-01-31;2015-02-01;55;d69fcc38-21a6-41ee-8c0f-90be24aff805;441;MG;7d8d3458-9f72-47ad-8a4b-e2575d9c920f
2015-01-31;2011-02-01;54;d69fcc38-21a6-41ee-8c0f-90be24aff805;490;AP;92d44e22-85f9-4f4a-905e-6f0e6af8472e
2019-01-31;2015-02-01;55;d69fcc38-21a6-41ee-8c0f-90be24aff805;490;AP;83e6ca00-ce7f-41e3-9acc-b045339f9615
2015-01-31;2011-02-01;54;d69fcc38-21a6-41ee-8c0f-90be24aff805;477;RO;d9249746-7c8a-447a-893e-e8324eb48f3d
2019-01-31;2015-02-01;55;d69fcc38-21a6-41ee-8c0f-90be24aff805;477;RO;b95c0655-cad0-43c6-9624-a1eaddf51de0
2019-01-31;2015-02-01;55;d69fcc38-21a6-41ee-8c0f-90be24aff805;510;RN;dbfbc1ad-7951-4f77-885b-c894fcca6b18
2023-01-31;2019-02-01;56;d69fcc38-21a6-41ee-8c0f-90be24aff805;510;RN;e2d0f3fc-28a4-4833-aaae-a92c790d291a
2015-01-31;2011-02-01;54;d69fcc38-21a6-41ee-8c0f-90be24aff805;491;PA;c3f2a5c6-6f1b-4be6-b951-b014e9ff1965
2019-01-31;2015-02-01;55;d69fcc38-21a6-41ee-8c0f-90be24aff805;491;PA;3b5dfbe2-9d9f-48eb-ab33-35d87139fc5f
2015-01-31;2011-02-01;54;d69fcc38-21a6-41ee-8c0f-90be24aff805;470;DF;e81802a1-b0bb-4db9-b5d5-0f6e9750b42b
2019-01-31;2015-02-01;55;d69fcc38-21a6-41ee-8c0f-90be24aff805;470;DF;4206af1f-8959-4922-a1f9-c473fa8e0e10
2015-01-31;2011-02-01;54;d69fcc38-21a6-41ee-8c0f-90be24aff805;459;GO;97b68971-3bcb-44e1-a631-4a7f8109c52f
2019-01-31;2015-02-01;55;d69fcc38-21a6-41ee-8c0f-90be24aff805;459;GO;dacd279d-4950-4d6a-ae18-17a3b87f1e24
2015-01-31;2011-02-01;54;d69fcc38-21a6-41ee-8c0f-90be24aff805;448;PE;f6681a42-0466-4100-b531-bd57c99383f4
2019-01-31;2015-02-01;55;d69fcc38-21a6-41ee-8c0f-90be24aff805;448;PE;c173fe49-196c-4b21-a33b-c62a2af2e83e
2015-01-31;2011-02-01;54;d69fcc38-21a6-41ee-8c0f-90be24aff805;439;PR;b894b222-e9d2-4dc8-b23d-7192524cc4d5
2019-01-31;2015-02-01;55;d69fcc38-21a6-41ee-8c0f-90be24aff805;439;PR;aa83da0e-45e7-4dde-8d56-8e6034d9f3b9
2019-01-31;2015-02-01;55;d69fcc38-21a6-41ee-8c0f-90be24aff805;515;RO;90f726fa-320d-4dc1-a559-5e76cc885787
2023-01-31;2019-02-01;56;d69fcc38-21a6-41ee-8c0f-90be24aff805;515;RO;a99654fd-1b96-4634-98ee-9cc646e54fe3
2019-01-31;2015-02-01;55;d69fcc38-21a6-41ee-8c0f-90be24aff805;500;AC;31ebf33a-1911-4b97-ab1b-577b1ed00114
2023-01-31;2019-02-01;56;d69fcc38-21a6-41ee-8c0f-90be24aff805;500;AC;86348b46-17a3-466e-9445-714b1baf4265
2015-01-31;2011-02-01;54;d69fcc38-21a6-41ee-8c0f-90be24aff805;446;MS;1f99b49a-a07b-40f1-b827-79d51854c7e4
2019-01-31;2015-02-01;55;d69fcc38-21a6-41ee-8c0f-90be24aff805;446;MS;c337b5e0-321b-404a-9da8-a76f0e3f432f
2015-01-31;2011-02-01;54;d69fcc38-21a6-41ee-8c0f-90be24aff805;464;AP;80fba4d3-dd6b-42c1-95ba-b93b9afe8de1
2019-01-31;2015-02-01;55;d69fcc38-21a6-41ee-8c0f-90be24aff805;464;AP;313bba58-ce41-4301-a5ba-f85b7f5e1411
2015-01-31;2011-02-01;54;d69fcc38-21a6-41ee-8c0f-90be24aff805;449;RS;333dec12-614d-4ba1-b5a8-e31927f0a01f
2019-01-31;2015-02-01;55;d69fcc38-21a6-41ee-8c0f-90be24aff805;449;RS;6efa4671-26b9-4a45-b8a5-9961e4165b92
2015-01-31;2011-02-01;54;d69fcc38-21a6-41ee-8c0f-90be24aff805;476;RN;d9db157c-c414-4e80-9088-11128ce8b244
2019-01-31;2015-02-01;55;d69fcc38-21a6-41ee-8c0f-90be24aff805;476;RN;ee36e5ce-6913-4e97-ac61-237b2bd5d57f
2015-01-31;2011-02-01;54;d69fcc38-21a6-41ee-8c0f-90be24aff805;464;AP;4b6db117-e3a5-4800-af05-3e9d2bbc0d6c
2019-01-31;2015-02-01;55;d69fcc38-21a6-41ee-8c0f-90be24aff805;464;AP;bb07c6bc-3adc-4e06-b5c4-ce5516bee848
2015-01-31;2011-02-01;54;d69fcc38-21a6-41ee-8c0f-90be24aff805;484;AC;c45e04f9-b941-45cd-91d3-38339773b0ab
2019-01-31;2015-02-01;55;d69fcc38-21a6-41ee-8c0f-90be24aff805;484;AC;80238959-2be0-4aba-bf4f-20078b718737
2015-01-31;2011-02-01;54;d69fcc38-21a6-41ee-8c0f-90be24aff805;491;PA;a6f0af20-1921-42cc-93d9-93b73e87048d
2019-01-31;2015-02-01;55;d69fcc38-21a6-41ee-8c0f-90be24aff805;491;PA;90cb59f2-32e3-4afb-a46b-f3252ed81864
2019-01-31;2015-02-01;55;d69fcc38-21a6-41ee-8c0f-90be24aff805;510;RN;d1477a74-d766-4e43-9fff-0648175fae3c
2023-01-31;2019-02-01;56;d69fcc38-21a6-41ee-8c0f-90be24aff805;510;RN;00441d80-e549-4225-8efa-38a0ac543061
2015-01-31;2011-02-01;54;d69fcc38-21a6-41ee-8c0f-90be24aff805;482;PA;919c9ef6-d635-46a3-86c3-dea236bb55f2
2019-01-31;2015-02-01;55;d69fcc38-21a6-41ee-8c0f-90be24aff805;482;PA;c6fc438b-96fe-477d-8ba8-0091ead8380b
2015-01-31;2011-02-01;54;d69fcc38-21a6-41ee-8c0f-90be24aff805;469;AL;a2d89208-77bd-4ea9-a3eb-cb84245d1499
2019-01-31;2015-02-01;55;d69fcc38-21a6-41ee-8c0f-90be24aff805;469;AL;ff9d13be-0940-4c6a-8b66-ed09436def02
2015-01-31;2011-02-01;54;d69fcc38-21a6-41ee-8c0f-90be24aff805;437;AM;c62ed7b8-6996-4c1d-a6b7-c946c411cd88
2019-01-31;2015-02-01;55;d69fcc38-21a6-41ee-8c0f-90be24aff805;437;AM;8af8b555-bf40-4093-93ed-701eaa42e913
2015-01-31;2011-02-01;54;d69fcc38-21a6-41ee-8c0f-90be24aff805;472;GO;8d0a01a7-5257-4274-a17c-e04bf22bda8d
2019-01-31;2015-02-01;55;d69fcc38-21a6-41ee-8c0f-90be24aff805;472;GO;4ae17fb7-2077-4ff5-bdfa-758f2ca5ae85
2015-01-31;2011-02-01;54;d69fcc38-21a6-41ee-8c0f-90be24aff805;467;PR;d4d2c349-af26-467a-9828-e1ff1457b8eb
2019-01-31;2015-02-01;55;d69fcc38-21a6-41ee-8c0f-90be24aff805;467;PR;ad645383-5e7d-4bbb-b39b-7e7e76424c70
2015-01-31;2011-02-01;54;d69fcc38-21a6-41ee-8c0f-90be24aff805;487;PA;7cdf3001-0d31-45da-b62d-d4663cfcf3d6
2019-01-31;2015-02-01;55;d69fcc38-21a6-41ee-8c0f-90be24aff805;487;PA;632d8d0a-9621-49cb-bfa9-aeb5f6ce08e4
2019-01-31;2015-02-01;55;d69fcc38-21a6-41ee-8c0f-90be24aff805;512;CE;5dbdbebd-c4b7-48a5-bebf-3b5fc7880c18
2023-01-31;2019-02-01;56;d69fcc38-21a6-41ee-8c0f-90be24aff805;512;CE;802d6810-3de1-498e-8a7d-dbb02f932b29
2015-01-31;2011-02-01;54;d69fcc38-21a6-41ee-8c0f-90be24aff805;491;PA;dceadad6-51e3-4d5d-96f0-3cb37af3be59
2019-01-31;2015-02-01;55;d69fcc38-21a6-41ee-8c0f-90be24aff805;491;PA;771a7099-5752-42cc-bf9e-aa2f757e7904
2015-01-31;2011-02-01;54;d69fcc38-21a6-41ee-8c0f-90be24aff805;442;AC;05ae58d6-d26c-47c7-8d11-2078eac7ecf3
2019-01-31;2015-02-01;55;d69fcc38-21a6-41ee-8c0f-90be24aff805;442;AC;ddc4e8b2-e519-4d2e-9c3e-386f3a32a13b
2019-01-31;2015-02-01;55;d69fcc38-21a6-41ee-8c0f-90be24aff805;511;AL;3e03191d-87b1-4a85-8454-3d2b67f09f6f
2023-01-31;2019-02-01;56;d69fcc38-21a6-41ee-8c0f-90be24aff805;511;AL;26750468-abe1-4559-a58b-45adcabdc0ff
2019-01-31;2015-02-01;55;d69fcc38-21a6-41ee-8c0f-90be24aff805;519;PE;730f34d6-20ed-4b34-bc61-9c711a3603d1
2023-01-31;2019-02-01;56;d69fcc38-21a6-41ee-8c0f-90be24aff805;519;PE;f46eefa2-e3d1-4816-9844-7e0dd8165f3b
2019-01-31;2015-02-01;55;d69fcc38-21a6-41ee-8c0f-90be24aff805;502;DF;0c875a5d-409d-4280-b35f-c379aa26c809
2023-01-31;2019-02-01;56;d69fcc38-21a6-41ee-8c0f-90be24aff805;502;DF;d59190d6-8f98-45c8-a38f-3b5ec3d41cb0
2015-01-31;2011-02-01;54;d69fcc38-21a6-41ee-8c0f-90be24aff805;483;ES;81a9224c-c3b3-479b-961c-155d72af4595
2019-01-31;2015-02-01;55;d69fcc38-21a6-41ee-8c0f-90be24aff805;483;ES;1347fc2e-f019-406a-9160-83a0db8e5dc3
2015-01-31;2011-02-01;54;d69fcc38-21a6-41ee-8c0f-90be24aff805;435;MG;f48fb6f0-21a2-469d-9d1a-b6a69cad5f5a
2019-01-31;2015-02-01;55;d69fcc38-21a6-41ee-8c0f-90be24aff805;435;MG;063cdcc5-4d9b-438f-a1a1-c0ed25a592e4
2019-01-31;2015-02-01;55;d69fcc38-21a6-41ee-8c0f-90be24aff805;519;PE;476841f3-c445-45fc-a0e7-85d84dc159ed
2023-01-31;2019-02-01;56;d69fcc38-21a6-41ee-8c0f-90be24aff805;519;PE;1a6bccbd-9549-4dac-92c6-5acc2c972126
2015-01-31;2011-02-01;54;d69fcc38-21a6-41ee-8c0f-90be24aff805;450;CE;9f669422-fab8-4456-8214-cd693c7dd6e5
2019-01-31;2015-02-01;55;d69fcc38-21a6-41ee-8c0f-90be24aff805;450;CE;ac3ddc58-a576-40ef-8d67-f1d5fb6f4d8f
2019-01-31;2015-02-01;55;d69fcc38-21a6-41ee-8c0f-90be24aff805;496;PI;fb788c1c-25b5-4153-ad3a-d7338bd6f6af
2023-01-31;2019-02-01;56;d69fcc38-21a6-41ee-8c0f-90be24aff805;496;PI;e8b03e5e-06bc-48af-acfd-0019c29d20d9
2015-01-31;2011-02-01;54;d69fcc38-21a6-41ee-8c0f-90be24aff805;436;RJ;e76a5589-5a2f-4020-ae9a-5634bb5c89cf
2019-01-31;2015-02-01;55;d69fcc38-21a6-41ee-8c0f-90be24aff805;436;RJ;b06d0049-98be-4c4a-a23d-dd5fcc2f40d3
2019-01-31;2015-02-01;55;d69fcc38-21a6-41ee-8c0f-90be24aff805;504;GO;c8c484bc-643c-4cf8-8dea-46fefc0033bc
2023-01-31;2019-02-01;56;d69fcc38-21a6-41ee-8c0f-90be24aff805;504;GO;11e31f1d-1fa9-4d8a-93fa-7c36369b15da
2015-01-31;2011-02-01;54;d69fcc38-21a6-41ee-8c0f-90be24aff805;441;MG;0dcad176-702f-4145-bc95-4149c049e331
2019-01-31;2015-02-01;55;d69fcc38-21a6-41ee-8c0f-90be24aff805;441;MG;c1729ace-76bd-4ff5-9512-c3780eca9a6a
2015-01-31;2011-02-01;54;d69fcc38-21a6-41ee-8c0f-90be24aff805;474;SE;656af1be-e987-4380-bccf-c05e70d60803
2019-01-31;2015-02-01;55;d69fcc38-21a6-41ee-8c0f-90be24aff805;474;SE;7993b810-36ab-4c0f-8422-65cece98e96e
2015-01-31;2011-02-01;54;d69fcc38-21a6-41ee-8c0f-90be24aff805;482;PA;820369ad-3768-4a5f-baa9-367b10abd326
2019-01-31;2015-02-01;55;d69fcc38-21a6-41ee-8c0f-90be24aff805;482;PA;bedbbf9e-2476-4939-9bd0-1a2552dc7233
2015-01-31;2011-02-01;54;d69fcc38-21a6-41ee-8c0f-90be24aff805;480;RJ;e0f151b9-4d33-491d-88ef-b31868e08aa8
2019-01-31;2015-02-01;55;d69fcc38-21a6-41ee-8c0f-90be24aff805;480;RJ;7a0cbdf2-c149-412f-847e-02f5b0249eae
2015-01-31;2011-02-01;54;d69fcc38-21a6-41ee-8c0f-90be24aff805;478;SE;3959a180-537c-422d-8197-17c0606cee24
2019-01-31;2015-02-01;55;d69fcc38-21a6-41ee-8c0f-90be24aff805;478;SE;5834b451-bc50-44fc-bbf6-637b31fc3196
2015-01-31;2011-02-01;54;d69fcc38-21a6-41ee-8c0f-90be24aff805;473;AM;79e50567-a4c3-47a1-a5a8-4ef848b1e505
2019-01-31;2015-02-01;55;d69fcc38-21a6-41ee-8c0f-90be24aff805;473;AM;e8c60efb-ac0d-4aa8-bdb9-9d9e159531f6
2015-01-31;2011-02-01;54;d69fcc38-21a6-41ee-8c0f-90be24aff805;445;MA;1824e7a4-47e3-47d1-a50f-89bf2a98efa5
2019-01-31;2015-02-01;55;d69fcc38-21a6-41ee-8c0f-90be24aff805;445;MA;e7d51fd5-a163-4938-9bbc-c9e34e5b4c65
2019-01-31;2015-02-01;55;d69fcc38-21a6-41ee-8c0f-90be24aff805;511;AL;8cd8475e-fb81-4ce0-9ef9-ef62866d99fb
2023-01-31;2019-02-01;56;d69fcc38-21a6-41ee-8c0f-90be24aff805;511;AL;deb1cc76-c5c4-4d1f-be3b-7bfe3906aa0c
2019-01-31;2015-02-01;55;d69fcc38-21a6-41ee-8c0f-90be24aff805;499;SC;306c4ef1-dd25-4405-8051-add913d7f716
2023-01-31;2019-02-01;56;d69fcc38-21a6-41ee-8c0f-90be24aff805;499;SC;3e15ef86-e6d5-4a03-bda8-ebfd9eade1d7
2019-01-31;2015-02-01;55;d69fcc38-21a6-41ee-8c0f-90be24aff805;493;AM;393c080b-eab0-4bc3-b2e6-829c6e09c983
2023-01-31;2019-02-01;56;d69fcc38-21a6-41ee-8c0f-90be24aff805;493;AM;7468d932-3bf2-459f-bdb8-266d92862be4
2015-01-31;2011-02-01;54;d69fcc38-21a6-41ee-8c0f-90be24aff805;472;GO;5b77bde3-6543-49eb-930d-45ee65afa120
2019-01-31;2015-02-01;55;d69fcc38-21a6-41ee-8c0f-90be24aff805;472;GO;3fc55a27-e3ba-4e6f-90d2-8b0cfa8b6648
2015-01-31;2011-02-01;54;d69fcc38-21a6-41ee-8c0f-90be24aff805;447;MS;a947f4c3-4c83-48a0-a233-cf35bacbad78
2019-01-31;2015-02-01;55;d69fcc38-21a6-41ee-8c0f-90be24aff805;447;MS;8d934057-c36f-4068-ac2a-755be13bea60
2015-01-31;2011-02-01;54;d69fcc38-21a6-41ee-8c0f-90be24aff805;489;PB;6b43a1de-1587-4d5a-9e9b-ef2a27cebdfd
2019-01-31;2015-02-01;55;d69fcc38-21a6-41ee-8c0f-90be24aff805;489;PB;0069d6a6-0559-4b43-8404-421cee44f607
2019-01-31;2015-02-01;55;d69fcc38-21a6-41ee-8c0f-90be24aff805;518;TO;cb3e0bad-6840-4ca4-aaef-2ff540d1953b
2023-01-31;2019-02-01;56;d69fcc38-21a6-41ee-8c0f-90be24aff805;518;TO;39d1ac7d-2b7b-4e65-bde5-047beeb5bf83
2015-01-31;2011-02-01;54;d69fcc38-21a6-41ee-8c0f-90be24aff805;443;PE;a1596ac0-a62d-4e49-9486-d0819b3b1e47
2019-01-31;2015-02-01;55;d69fcc38-21a6-41ee-8c0f-90be24aff805;443;PE;f5132ce8-619a-4768-afcc-c6305db259de
2019-01-31;2015-02-01;55;d69fcc38-21a6-41ee-8c0f-90be24aff805;501;AP;a0b6319d-2e33-46a3-8908-fc3420e77e85
2023-01-31;2019-02-01;56;d69fcc38-21a6-41ee-8c0f-90be24aff805;501;AP;8c876f6b-9438-4e2a-ae25-8a3a7374b08d
2015-01-31;2011-02-01;54;d69fcc38-21a6-41ee-8c0f-90be24aff805;465;SC;08203970-c745-4f80-a88b-e5af5049a4a7
2019-01-31;2015-02-01;55;d69fcc38-21a6-41ee-8c0f-90be24aff805;465;SC;51dbcba4-fe57-4519-9dd2-50fc48c8f924
2015-01-31;2011-02-01;54;d69fcc38-21a6-41ee-8c0f-90be24aff805;489;PB;ca9f6747-5adf-4f02-bd12-f9cfa15abead
2019-01-31;2015-02-01;55;d69fcc38-21a6-41ee-8c0f-90be24aff805;489;PB;4ef1e913-a443-46d4-a6ac-86c44d4e7bf4
2015-01-31;2011-02-01;54;d69fcc38-21a6-41ee-8c0f-90be24aff805;438;MA;890d32a8-23af-44fe-a85e-d5231add2ceb
2019-01-31;2015-02-01;55;d69fcc38-21a6-41ee-8c0f-90be24aff805;438;MA;a3cea57c-4b3a-410a-827e-554658c456c5
2015-01-31;2011-02-01;54;d69fcc38-21a6-41ee-8c0f-90be24aff805;468;TO;0c733e70-ac04-4ce1-9a36-c59c875dfb7a
2019-01-31;2015-02-01;55;d69fcc38-21a6-41ee-8c0f-90be24aff805;468;TO;254c143e-21ab-4877-b32e-a4637a72e2c6
2015-01-31;2011-02-01;54;d69fcc38-21a6-41ee-8c0f-90be24aff805;452;DF;5a0fb42b-7263-46a5-8221-430f8a1616d9
2019-01-31;2015-02-01;55;d69fcc38-21a6-41ee-8c0f-90be24aff805;452;DF;af21786f-7144-4f7f-9765-309cdbb438da
2015-01-31;2011-02-01;54;d69fcc38-21a6-41ee-8c0f-90be24aff805;475;AP;4d4afad8-34b3-4301-807d-f431023ad070
2019-01-31;2015-02-01;55;d69fcc38-21a6-41ee-8c0f-90be24aff805;475;AP;40931e35-797e-461e-955a-20836df02cd8
2015-01-31;2011-02-01;54;d69fcc38-21a6-41ee-8c0f-90be24aff805;489;PB;e9fd8862-5bd7-445a-b8f8-e53cbe45e989
2019-01-31;2015-02-01;55;d69fcc38-21a6-41ee-8c0f-90be24aff805;489;PB;5e22b03f-3ca3-48bf-bf55-33c5166b4aca
2015-01-31;2011-02-01;54;d69fcc38-21a6-41ee-8c0f-90be24aff805;442;AC;0b8fce7e-6813-44aa-b149-64982586195a
2019-01-31;2015-02-01;55;d69fcc38-21a6-41ee-8c0f-90be24aff805;442;AC;8393e165-3984-4b9c-91e3-5ef0106f505a
2015-01-31;2011-02-01;54;d69fcc38-21a6-41ee-8c0f-90be24aff805;443;PE;2bf3487f-d19c-45f6-995a-ea68af85af6f
2019-01-31;2015-02-01;55;d69fcc38-21a6-41ee-8c0f-90be24aff805;443;PE;91b20e37-9eb3-4232-898b-a8733b6ce2e7
2015-01-31;2011-02-01;54;d69fcc38-21a6-41ee-8c0f-90be24aff805;440;PB;f1a44a0f-5c7e-4fed-adfe-7fc6f03b2669
2019-01-31;2015-02-01;55;d69fcc38-21a6-41ee-8c0f-90be24aff805;440;PB;96ffbf3b-fa5f-4728-a9d6-2b8a26cf5d2f
2015-01-31;2011-02-01;54;d69fcc38-21a6-41ee-8c0f-90be24aff805;465;SC;cea214b4-adab-406b-a28b-b7b20b668426
2019-01-31;2015-02-01;55;d69fcc38-21a6-41ee-8c0f-90be24aff805;465;SC;ca569bfc-af18-421e-934f-25051e8df491
2015-01-31;2011-02-01;54;d69fcc38-21a6-41ee-8c0f-90be24aff805;471;SP;8aa78527-ae05-446f-b16c-39ccaacf6442
2019-01-31;2015-02-01;55;d69fcc38-21a6-41ee-8c0f-90be24aff805;471;SP;54e51838-ed70-485b-9d16-cb35af9699aa
2015-01-31;2011-02-01;54;d69fcc38-21a6-41ee-8c0f-90be24aff805;474;SE;d53ecdc8-1825-4b8b-9ecd-f0c8c3441319
2019-01-31;2015-02-01;55;d69fcc38-21a6-41ee-8c0f-90be24aff805;474;SE;60a9fa36-c6b4-40df-a07a-b6cd805a0049
2015-01-31;2011-02-01;54;d69fcc38-21a6-41ee-8c0f-90be24aff805;457;AL;f2d1752e-9890-4888-8ec2-394d0cff6859
2019-01-31;2015-02-01;55;d69fcc38-21a6-41ee-8c0f-90be24aff805;457;AL;71202fe2-f84d-46c4-84ea-f05578adda81
2015-01-31;2011-02-01;54;d69fcc38-21a6-41ee-8c0f-90be24aff805;462;RS;fd13e2fe-1063-42e9-b093-1e0ca034beac
2019-01-31;2015-02-01;55;d69fcc38-21a6-41ee-8c0f-90be24aff805;462;RS;231866ac-2a8b-4590-855c-b52aff106289
2015-01-31;2011-02-01;54;d69fcc38-21a6-41ee-8c0f-90be24aff805;475;AP;84d5e326-3fe8-4fc6-b361-cb3e8617dbe5
2019-01-31;2015-02-01;55;d69fcc38-21a6-41ee-8c0f-90be24aff805;475;AP;75eeff0c-63c7-46c7-a996-bd43b626a8a8
2019-01-31;2015-02-01;55;d69fcc38-21a6-41ee-8c0f-90be24aff805;495;MG;452e18a4-7fc2-420d-b254-4c0e39f68d4c
2023-01-31;2019-02-01;56;d69fcc38-21a6-41ee-8c0f-90be24aff805;495;MG;6e74437e-92cc-4842-96d8-1b7d9b10c987
2015-01-31;2011-02-01;54;d69fcc38-21a6-41ee-8c0f-90be24aff805;437;AM;65199fd4-c386-4a2a-b3eb-3972d09484da
2019-01-31;2015-02-01;55;d69fcc38-21a6-41ee-8c0f-90be24aff805;437;AM;7ea2e1a5-8f06-4124-98bc-88b2ca36bae8
2019-01-31;2015-02-01;55;d69fcc38-21a6-41ee-8c0f-90be24aff805;496;PI;ce5504f2-51ac-419c-a90d-350640cb5d46
2023-01-31;2019-02-01;56;d69fcc38-21a6-41ee-8c0f-90be24aff805;496;PI;6997f604-f668-41f5-b224-f60d2e72d289
2019-01-31;2015-02-01;55;d69fcc38-21a6-41ee-8c0f-90be24aff805;514;PR;fc185169-6688-411b-8997-f696cb70905d
2023-01-31;2019-02-01;56;d69fcc38-21a6-41ee-8c0f-90be24aff805;514;PR;b97ff2a6-7b58-4a9a-ba07-983e557b8299
2019-01-31;2015-02-01;55;d69fcc38-21a6-41ee-8c0f-90be24aff805;495;MG;ea7eca24-1534-4ded-bae5-ae4b67d0a967
2023-01-31;2019-02-01;56;d69fcc38-21a6-41ee-8c0f-90be24aff805;495;MG;a5df2324-dedd-4bfa-b91f-0cb0cbb7a814
2015-01-31;2011-02-01;54;d69fcc38-21a6-41ee-8c0f-90be24aff805;485;SP;eebf04a0-ceae-4c6c-9b6b-6d77f4a65abf
2019-01-31;2015-02-01;55;d69fcc38-21a6-41ee-8c0f-90be24aff805;485;SP;595b30bd-dc7d-48cc-8dab-9ed565b11d02
2015-01-31;2011-02-01;54;d69fcc38-21a6-41ee-8c0f-90be24aff805;485;SP;2158078c-9797-4316-bd6f-7ed3774f59d1
2019-01-31;2015-02-01;55;d69fcc38-21a6-41ee-8c0f-90be24aff805;485;SP;52cc24cd-73c0-4f2e-96c1-10c06bb6fee3
2019-01-31;2015-02-01;55;d69fcc38-21a6-41ee-8c0f-90be24aff805;497;RS;183de1ae-c9a5-4670-a86f-5976e21fc634
2023-01-31;2019-02-01;56;d69fcc38-21a6-41ee-8c0f-90be24aff805;497;RS;4d48b796-5cb1-42ea-919c-7480a986a957
2015-01-31;2011-02-01;54;d69fcc38-21a6-41ee-8c0f-90be24aff805;451;TO;fb182c97-e708-41ff-851a-820006267394
2019-01-31;2015-02-01;55;d69fcc38-21a6-41ee-8c0f-90be24aff805;451;TO;7ac0cea0-bb61-48bf-9d4d-90588a3455ce
2019-01-31;2015-02-01;55;d69fcc38-21a6-41ee-8c0f-90be24aff805;515;RO;165df5f1-f53a-4358-a27b-b63b8d7fbee9
2023-01-31;2019-02-01;56;d69fcc38-21a6-41ee-8c0f-90be24aff805;515;RO;d1e91c66-cdd5-4c27-a500-dfeec8ac3733
2015-01-31;2011-02-01;54;d69fcc38-21a6-41ee-8c0f-90be24aff805;487;PA;7dc556b7-ec1d-44d4-a7e2-0dadf2a38487
2019-01-31;2015-02-01;55;d69fcc38-21a6-41ee-8c0f-90be24aff805;487;PA;27b10880-9a43-435e-870d-ba649da70d58
