postIn;resource_uri;role
7b210070-df61-11e7-97e9-c82a144c0a85;a5282e97-584b-4899-a6a4-53933306d265;6a688541-b16a-45ca-8aa9-fa700373279f
7b211a38-df61-11e7-b1b8-c82a144c0a85;da386c41-669e-40a2-b7cf-0bb474e3660b;6a688541-b16a-45ca-8aa9-fa700373279f
7b20ed7e-df61-11e7-bb65-c82a144c0a85;199cc384-f89c-48b7-b57a-7bda3200de0b;6a688541-b16a-45ca-8aa9-fa700373279f
7b212e92-df61-11e7-aaf4-c82a144c0a85;5885b146-0874-4bad-8bcc-3d8576a43c03;6a688541-b16a-45ca-8aa9-fa700373279f
7b212d98-df61-11e7-95f7-c82a144c0a85;f59be088-dbf2-447e-9d84-3c59829f2d20;6a688541-b16a-45ca-8aa9-fa700373279f
7b211b34-df61-11e7-b235-c82a144c0a85;3c2a53bc-97da-460f-a2ca-5232e626e6a0;6a688541-b16a-45ca-8aa9-fa700373279f
7b210cfa-df61-11e7-9864-c82a144c0a85;85555e2c-df9f-4a06-bf7e-ca7568d3b0c5;6a688541-b16a-45ca-8aa9-fa700373279f
7b2139c8-df61-11e7-8d64-c82a144c0a85;45fb47a5-a2d3-4e85-be73-e8ff86f54983;6a688541-b16a-45ca-8aa9-fa700373279f
7b210cfa-df61-11e7-9864-c82a144c0a85;c7cf8762-243a-4c38-ba31-2d4878f51ddd;6a688541-b16a-45ca-8aa9-fa700373279f
7b212e92-df61-11e7-aaf4-c82a144c0a85;1511a7e5-3e3a-48cb-a309-4b644cb0c248;6a688541-b16a-45ca-8aa9-fa700373279f
7b20e63a-df61-11e7-b49c-c82a144c0a85;678ca0a0-b520-414e-8b41-cf0a7ff402f8;6a688541-b16a-45ca-8aa9-fa700373279f
7b212e92-df61-11e7-aaf4-c82a144c0a85;c13bc2de-ad5b-4594-bacd-f8f02fb202ca;6a688541-b16a-45ca-8aa9-fa700373279f
7b212d98-df61-11e7-95f7-c82a144c0a85;c46a009e-d51a-423a-b02c-6814f9e9bdaf;6a688541-b16a-45ca-8aa9-fa700373279f
7b21152e-df61-11e7-bdcf-c82a144c0a85;7077a781-2dee-4809-9c53-1d7bf3fbc89a;6a688541-b16a-45ca-8aa9-fa700373279f
7b211754-df61-11e7-86d7-c82a144c0a85;a3fb3463-24f9-42f8-9aff-56c9ad72fa04;6a688541-b16a-45ca-8aa9-fa700373279f
7b2139c8-df61-11e7-8d64-c82a144c0a85;dd41e55e-d51a-4dcf-8d15-f5774c5fe02a;6a688541-b16a-45ca-8aa9-fa700373279f
7b210cfa-df61-11e7-9864-c82a144c0a85;3c8640ea-f6fd-4992-aa95-fa38356def73;6a688541-b16a-45ca-8aa9-fa700373279f
7b212c9e-df61-11e7-a12b-c82a144c0a85;792bf34c-703c-404c-a4fd-e8f79ea2f751;6a688541-b16a-45ca-8aa9-fa700373279f
7b2148e6-df61-11e7-b174-c82a144c0a85;c41b0104-cb77-4339-8c6e-d1d1f9ab09b0;6a688541-b16a-45ca-8aa9-fa700373279f
7b212c9e-df61-11e7-a12b-c82a144c0a85;fb1f311d-a442-4a2a-8ef7-6927ada1b47f;6a688541-b16a-45ca-8aa9-fa700373279f
7b2138a6-df61-11e7-baf1-c82a144c0a85;d698b5f1-517b-46b6-a4e3-6e340f7ba171;6a688541-b16a-45ca-8aa9-fa700373279f
7b210cfa-df61-11e7-9864-c82a144c0a85;c69eb8d2-8089-4ba0-8171-dda0fec1e76a;6a688541-b16a-45ca-8aa9-fa700373279f
7b2139c8-df61-11e7-8d64-c82a144c0a85;9e5d9b41-75e2-44c5-8d8c-0200939bb107;6a688541-b16a-45ca-8aa9-fa700373279f
7b210070-df61-11e7-97e9-c82a144c0a85;c7d5df53-47eb-47be-bd4b-62bc166a7444;6a688541-b16a-45ca-8aa9-fa700373279f
7b21046c-df61-11e7-8094-c82a144c0a85;cb3151aa-c2ab-4a47-bd17-440837c685a0;6a688541-b16a-45ca-8aa9-fa700373279f
7b210070-df61-11e7-97e9-c82a144c0a85;bcdbdd05-f152-4ef5-b545-e4dfae3155c8;6a688541-b16a-45ca-8aa9-fa700373279f
7b2138a6-df61-11e7-baf1-c82a144c0a85;789b654e-dacf-46a4-a43f-6fcc87af4f05;6a688541-b16a-45ca-8aa9-fa700373279f
7b213b12-df61-11e7-b867-c82a144c0a85;00ab0942-eff4-402c-85bd-4795d9d81c68;6a688541-b16a-45ca-8aa9-fa700373279f
7b2139c8-df61-11e7-8d64-c82a144c0a85;ab12dd23-456e-4a07-bdd9-07cdec9e9512;6a688541-b16a-45ca-8aa9-fa700373279f
7b210cfa-df61-11e7-9864-c82a144c0a85;fea7cc83-a4ed-4101-a512-d054375988f7;6a688541-b16a-45ca-8aa9-fa700373279f
7b20ed7e-df61-11e7-bb65-c82a144c0a85;027be6e5-83fc-42df-8f1f-e3ea7449af10;6a688541-b16a-45ca-8aa9-fa700373279f
7b21152e-df61-11e7-bdcf-c82a144c0a85;656f4fa8-abe5-4018-ae1f-4d14b9160165;6a688541-b16a-45ca-8aa9-fa700373279f
7b20ed7e-df61-11e7-bb65-c82a144c0a85;4c4b75c8-bb6b-484d-a866-77ffdf39157c;6a688541-b16a-45ca-8aa9-fa700373279f
7b210cfa-df61-11e7-9864-c82a144c0a85;6f3fc1fc-69aa-4c15-b6df-a8300ade46a5;6a688541-b16a-45ca-8aa9-fa700373279f
7b210070-df61-11e7-97e9-c82a144c0a85;e015d995-9be5-4b53-8caf-1e06c6f913ee;6a688541-b16a-45ca-8aa9-fa700373279f
7b211a38-df61-11e7-b1b8-c82a144c0a85;42135988-e8a0-4ab8-a98c-2c09fdb71c17;6a688541-b16a-45ca-8aa9-fa700373279f
7b2109d0-df61-11e7-a4af-c82a144c0a85;0e4da452-e17a-4128-ac0a-2c9885b3b6fe;6a688541-b16a-45ca-8aa9-fa700373279f
7b210cfa-df61-11e7-9864-c82a144c0a85;2a9bd55b-a472-4485-8978-7f0acf96302d;6a688541-b16a-45ca-8aa9-fa700373279f
7b2138a6-df61-11e7-baf1-c82a144c0a85;1c7746dd-2a59-4524-93fb-cdbd3e9ba278;6a688541-b16a-45ca-8aa9-fa700373279f
7b2138a6-df61-11e7-baf1-c82a144c0a85;1033fe4b-f402-4a56-aa26-a0c45af88ebf;6a688541-b16a-45ca-8aa9-fa700373279f
7b212c9e-df61-11e7-a12b-c82a144c0a85;3cfca9a7-14f7-4931-b6c4-706dc03fba05;6a688541-b16a-45ca-8aa9-fa700373279f
7b210cfa-df61-11e7-9864-c82a144c0a85;9c5a5d29-1056-4aa8-a9c4-172e731a5c6a;6a688541-b16a-45ca-8aa9-fa700373279f
7b2138a6-df61-11e7-baf1-c82a144c0a85;ec8b1786-ad46-45d4-b6a8-ae9bc3285899;6a688541-b16a-45ca-8aa9-fa700373279f
7b212b86-df61-11e7-9f98-c82a144c0a85;cf923bf4-63f7-439b-8b22-dad00bebc5b7;6a688541-b16a-45ca-8aa9-fa700373279f
7b210070-df61-11e7-97e9-c82a144c0a85;b0cc73e5-bf4e-4070-9daa-3feba00d2cd6;6a688541-b16a-45ca-8aa9-fa700373279f
7b211a38-df61-11e7-b1b8-c82a144c0a85;1f0027ae-d70e-4ae2-ad85-4fa939c53cb9;6a688541-b16a-45ca-8aa9-fa700373279f
7b20e8d8-df61-11e7-8928-c82a144c0a85;d237ce7b-a650-467c-9569-bca43b946cbc;6a688541-b16a-45ca-8aa9-fa700373279f
7b211a38-df61-11e7-b1b8-c82a144c0a85;a2b9c72c-0647-4391-ac99-f3985708aace;6a688541-b16a-45ca-8aa9-fa700373279f
7b212e92-df61-11e7-aaf4-c82a144c0a85;dcb1a496-6ad9-437c-9ce9-5542732e5456;6a688541-b16a-45ca-8aa9-fa700373279f
7b20f90c-df61-11e7-a941-c82a144c0a85;df076f90-9583-4e4e-ae0e-0d7a5d1b2bbb;6a688541-b16a-45ca-8aa9-fa700373279f
7b2138a6-df61-11e7-baf1-c82a144c0a85;350cd3d1-839a-496d-ab21-9110f29aec50;6a688541-b16a-45ca-8aa9-fa700373279f
7b212e92-df61-11e7-aaf4-c82a144c0a85;591f4eab-05c0-45bb-9aab-e8fe9d67a663;6a688541-b16a-45ca-8aa9-fa700373279f
7b2138a6-df61-11e7-baf1-c82a144c0a85;af95f109-0ebc-4d05-ada2-806650770d0d;6a688541-b16a-45ca-8aa9-fa700373279f
7b211b34-df61-11e7-b235-c82a144c0a85;ca9072cb-529c-40db-ad61-87cf22496726;6a688541-b16a-45ca-8aa9-fa700373279f
7b212b86-df61-11e7-9f98-c82a144c0a85;af7b64c3-b854-47ea-ae2b-bf7b93e7fdf1;6a688541-b16a-45ca-8aa9-fa700373279f
7b2138a6-df61-11e7-baf1-c82a144c0a85;e2636457-ac86-4d9d-99ad-416b7caa1fa1;6a688541-b16a-45ca-8aa9-fa700373279f
7b210cfa-df61-11e7-9864-c82a144c0a85;edeacdcc-3793-4e23-8e56-e9e8cbea1933;6a688541-b16a-45ca-8aa9-fa700373279f
7b2139c8-df61-11e7-8d64-c82a144c0a85;7c14771f-d2ba-4f18-87be-3f62e37bbf79;6a688541-b16a-45ca-8aa9-fa700373279f
7b210070-df61-11e7-97e9-c82a144c0a85;f9cf16eb-7e58-4b5e-8d88-641fe05a4711;6a688541-b16a-45ca-8aa9-fa700373279f
7b210cfa-df61-11e7-9864-c82a144c0a85;c4ef78e1-d5e6-4f3d-a637-fa849e25cd19;6a688541-b16a-45ca-8aa9-fa700373279f
7b2138a6-df61-11e7-baf1-c82a144c0a85;db607fe4-4eab-40a6-8940-500bc7cddfbe;6a688541-b16a-45ca-8aa9-fa700373279f
7b2139c8-df61-11e7-8d64-c82a144c0a85;5506d9df-ff16-4a73-9a79-d3447afbf3d9;6a688541-b16a-45ca-8aa9-fa700373279f
7b210070-df61-11e7-97e9-c82a144c0a85;de8c1854-e962-46b2-be7c-9d9750142786;6a688541-b16a-45ca-8aa9-fa700373279f
7b212e92-df61-11e7-aaf4-c82a144c0a85;be24819b-287b-4b91-953c-d71f48ac9986;6a688541-b16a-45ca-8aa9-fa700373279f
7b211b34-df61-11e7-b235-c82a144c0a85;ac1728c6-358d-4d55-9f9e-fd965c95cc56;6a688541-b16a-45ca-8aa9-fa700373279f
7b210cfa-df61-11e7-9864-c82a144c0a85;62253d21-eff0-4aec-ab0b-55cc11729bdd;6a688541-b16a-45ca-8aa9-fa700373279f
7b210070-df61-11e7-97e9-c82a144c0a85;286b7265-f8c4-4a41-806d-e1134a8d9430;6a688541-b16a-45ca-8aa9-fa700373279f
7b212d98-df61-11e7-95f7-c82a144c0a85;bb96c23d-270c-4c2b-bd22-659cee8c2fd9;6a688541-b16a-45ca-8aa9-fa700373279f
7b210e1c-df61-11e7-b99b-c82a144c0a85;dbcc4c99-4495-4b30-b877-46bb22cde266;6a688541-b16a-45ca-8aa9-fa700373279f
7b2139c8-df61-11e7-8d64-c82a144c0a85;0e2bbb16-906f-425d-8bbb-b5915c34de49;6a688541-b16a-45ca-8aa9-fa700373279f
7b212b86-df61-11e7-9f98-c82a144c0a85;436e332c-cbe8-49aa-98a9-d5ca8fbe58b9;6a688541-b16a-45ca-8aa9-fa700373279f
7b210cfa-df61-11e7-9864-c82a144c0a85;48022fdf-f270-475c-a56e-f544dc7fd31e;6a688541-b16a-45ca-8aa9-fa700373279f
7b212e92-df61-11e7-aaf4-c82a144c0a85;f8c35623-877d-4cc9-a61b-af71cfa29eb5;6a688541-b16a-45ca-8aa9-fa700373279f
7b212b86-df61-11e7-9f98-c82a144c0a85;95ddc420-9427-4c5b-b3c1-47c964dd2c0d;6a688541-b16a-45ca-8aa9-fa700373279f
7b210cfa-df61-11e7-9864-c82a144c0a85;bc1b7c47-43e6-4981-b790-466f500a2d8c;6a688541-b16a-45ca-8aa9-fa700373279f
7b210cfa-df61-11e7-9864-c82a144c0a85;12e718b1-aebd-4474-aec2-22fbb898bac0;6a688541-b16a-45ca-8aa9-fa700373279f
7b210cfa-df61-11e7-9864-c82a144c0a85;ee5be67c-a238-4fb8-8107-8c3961a3a72a;6a688541-b16a-45ca-8aa9-fa700373279f
7b2148e6-df61-11e7-b174-c82a144c0a85;f1edd0e6-cd54-4e0c-974d-dbfb74dbd7a6;6a688541-b16a-45ca-8aa9-fa700373279f
7b210cfa-df61-11e7-9864-c82a144c0a85;121da34f-f570-478d-8f73-6d474ccd8ea3;6a688541-b16a-45ca-8aa9-fa700373279f
7b214350-df61-11e7-b1a0-c82a144c0a85;d9d6efe8-7c66-4844-b614-b339f460f5fa;6a688541-b16a-45ca-8aa9-fa700373279f
7b210cfa-df61-11e7-9864-c82a144c0a85;fc401c86-9aae-4b07-871d-defa7e1da7f6;6a688541-b16a-45ca-8aa9-fa700373279f
7b212e92-df61-11e7-aaf4-c82a144c0a85;e96a2fb2-9935-4905-b46c-b1b0c8d88f36;6a688541-b16a-45ca-8aa9-fa700373279f
7b210cfa-df61-11e7-9864-c82a144c0a85;cb79c291-83ad-42ac-8f44-a2afed524327;6a688541-b16a-45ca-8aa9-fa700373279f
7b211a38-df61-11e7-b1b8-c82a144c0a85;6d0801d9-b632-413e-b4be-35c95799a0a5;6a688541-b16a-45ca-8aa9-fa700373279f
7b214350-df61-11e7-b1a0-c82a144c0a85;1f43f456-e1ac-41e8-87e7-1ba7ee854028;6a688541-b16a-45ca-8aa9-fa700373279f
7b212b86-df61-11e7-9f98-c82a144c0a85;8e1b2129-c16b-43f6-92f1-c28bbca7d32c;6a688541-b16a-45ca-8aa9-fa700373279f
7b212b86-df61-11e7-9f98-c82a144c0a85;c1649279-d173-4d2b-b4ea-134cb0a17691;6a688541-b16a-45ca-8aa9-fa700373279f
7b210cfa-df61-11e7-9864-c82a144c0a85;0cae6919-62fa-4d1d-9496-702cac9717e5;6a688541-b16a-45ca-8aa9-fa700373279f
7b212e92-df61-11e7-aaf4-c82a144c0a85;8230c20c-9932-4507-944d-b76d5e9c456c;6a688541-b16a-45ca-8aa9-fa700373279f
7b21046c-df61-11e7-8094-c82a144c0a85;9bb20417-e0ce-4763-9962-7f6837236635;6a688541-b16a-45ca-8aa9-fa700373279f
7b21184c-df61-11e7-a6b7-c82a144c0a85;6c3735f4-4f9f-4d4d-954d-c25b339576fa;6a688541-b16a-45ca-8aa9-fa700373279f
7b212b86-df61-11e7-9f98-c82a144c0a85;ab14f6d7-b645-4cff-aeb5-7315d3d5bd8d;6a688541-b16a-45ca-8aa9-fa700373279f
7b20ed7e-df61-11e7-bb65-c82a144c0a85;8bdf3c2e-685e-4ba2-b184-cda8fd78e130;6a688541-b16a-45ca-8aa9-fa700373279f
7b21046c-df61-11e7-8094-c82a144c0a85;9ab28613-59c9-47aa-89fb-cba2ec5b0b2f;6a688541-b16a-45ca-8aa9-fa700373279f
7b211b34-df61-11e7-b235-c82a144c0a85;1658ca69-2c54-4d34-8d61-1c69558c6918;6a688541-b16a-45ca-8aa9-fa700373279f
7b212e92-df61-11e7-aaf4-c82a144c0a85;c2cc0213-ec35-4a91-8676-59d540d39270;6a688541-b16a-45ca-8aa9-fa700373279f
7b212b86-df61-11e7-9f98-c82a144c0a85;6dbe48bd-4115-4b62-917e-92d626db2ede;6a688541-b16a-45ca-8aa9-fa700373279f
7b212e92-df61-11e7-aaf4-c82a144c0a85;7bebfd88-867f-491b-84f0-6b1ce7627ff2;6a688541-b16a-45ca-8aa9-fa700373279f
7b210cfa-df61-11e7-9864-c82a144c0a85;7ba1fa78-5bf4-41f8-9721-0992582467eb;6a688541-b16a-45ca-8aa9-fa700373279f
7b21152e-df61-11e7-bdcf-c82a144c0a85;85e2a504-1f3a-40ff-96af-27a7ce0bdeaf;6a688541-b16a-45ca-8aa9-fa700373279f
7b20ed7e-df61-11e7-bb65-c82a144c0a85;e29bcc24-cfe6-4130-b9d2-fd902dfac0b9;6a688541-b16a-45ca-8aa9-fa700373279f
7b2139c8-df61-11e7-8d64-c82a144c0a85;ae96a6af-28d0-42bc-9817-021c8485b52e;6a688541-b16a-45ca-8aa9-fa700373279f
7b212e92-df61-11e7-aaf4-c82a144c0a85;e288e301-18de-4d18-b2d6-dfb90d99e8c6;6a688541-b16a-45ca-8aa9-fa700373279f
7b210cfa-df61-11e7-9864-c82a144c0a85;da106be7-65dd-43f7-a0f2-2182c5284f9a;6a688541-b16a-45ca-8aa9-fa700373279f
7b21193e-df61-11e7-8869-c82a144c0a85;517b474d-e477-4193-b82d-e3e5dfbadf42;6a688541-b16a-45ca-8aa9-fa700373279f
7b212e92-df61-11e7-aaf4-c82a144c0a85;cfaf1e66-0c6b-4954-bdb0-02ca14943836;6a688541-b16a-45ca-8aa9-fa700373279f
7b210070-df61-11e7-97e9-c82a144c0a85;5ef34447-b0bc-4b84-bb39-d1cacdb37fad;6a688541-b16a-45ca-8aa9-fa700373279f
7b210cfa-df61-11e7-9864-c82a144c0a85;7e5e3fa9-aa8d-4ee6-804f-10b49183aeee;6a688541-b16a-45ca-8aa9-fa700373279f
7b2138a6-df61-11e7-baf1-c82a144c0a85;063547c1-63c7-41de-bd3b-5948edbb09e4;6a688541-b16a-45ca-8aa9-fa700373279f
7b211b34-df61-11e7-b235-c82a144c0a85;4393af82-98fd-450c-bcb1-fb2971de30c0;6a688541-b16a-45ca-8aa9-fa700373279f
7b212c9e-df61-11e7-a12b-c82a144c0a85;c55aaaed-62be-449e-ade2-1ec3da0a32b3;6a688541-b16a-45ca-8aa9-fa700373279f
7b213e50-df61-11e7-918f-c82a144c0a85;aa11b8f6-7fcd-48a5-8ead-5ac082616f8b;6a688541-b16a-45ca-8aa9-fa700373279f
7b2132de-df61-11e7-8882-c82a144c0a85;7a69045b-48c4-404c-ad8e-9e1e0b5113dc;6a688541-b16a-45ca-8aa9-fa700373279f
7b2138a6-df61-11e7-baf1-c82a144c0a85;4bc96e6c-4832-491e-bb23-393bae1aa0ce;6a688541-b16a-45ca-8aa9-fa700373279f
7b21152e-df61-11e7-bdcf-c82a144c0a85;92f0c72d-930c-4d4d-9694-090199e475ed;6a688541-b16a-45ca-8aa9-fa700373279f
7b212d98-df61-11e7-95f7-c82a144c0a85;825a310d-c172-4760-9357-169cc1a6cd03;6a688541-b16a-45ca-8aa9-fa700373279f
7b210cfa-df61-11e7-9864-c82a144c0a85;09b305f5-69f4-41e0-87f0-a211f7b61eaf;6a688541-b16a-45ca-8aa9-fa700373279f
7b21224c-df61-11e7-8bf0-c82a144c0a85;74881ff5-3052-4208-83d3-308b9b25577e;6a688541-b16a-45ca-8aa9-fa700373279f
7b210cfa-df61-11e7-9864-c82a144c0a85;5eda59a4-fb8c-4cc1-b2eb-1cc54ea5a5db;6a688541-b16a-45ca-8aa9-fa700373279f
7b2138a6-df61-11e7-baf1-c82a144c0a85;b9e9c2ed-327a-430d-9f13-d6fd2dc06879;6a688541-b16a-45ca-8aa9-fa700373279f
7b210070-df61-11e7-97e9-c82a144c0a85;7fa1baa4-6db3-4973-a971-1fcbfa12f0f7;6a688541-b16a-45ca-8aa9-fa700373279f
7b212e92-df61-11e7-aaf4-c82a144c0a85;fe011e7c-199f-43b3-893a-0f90e336f6b5;6a688541-b16a-45ca-8aa9-fa700373279f
7b2138a6-df61-11e7-baf1-c82a144c0a85;cbb0fef9-884d-4000-b297-f9b6fd97ba51;6a688541-b16a-45ca-8aa9-fa700373279f
7b21193e-df61-11e7-8869-c82a144c0a85;c2d3bbfe-7022-4f76-acae-72d8548fbfb4;6a688541-b16a-45ca-8aa9-fa700373279f
7b2148e6-df61-11e7-b174-c82a144c0a85;58975438-f8fe-4a4b-bd8b-a1e032d79f8c;6a688541-b16a-45ca-8aa9-fa700373279f
7b2109d0-df61-11e7-a4af-c82a144c0a85;b6a9a667-3ebf-4118-b9e4-c2b4b931172e;6a688541-b16a-45ca-8aa9-fa700373279f
7b2139c8-df61-11e7-8d64-c82a144c0a85;d54fb16a-9425-4df9-9e77-0e40cfa048b5;6a688541-b16a-45ca-8aa9-fa700373279f
7b212e92-df61-11e7-aaf4-c82a144c0a85;049eec4c-0c8b-40dd-a6c3-b68af7a140c2;6a688541-b16a-45ca-8aa9-fa700373279f
7b212e92-df61-11e7-aaf4-c82a144c0a85;e298a4c5-6487-4437-9b2e-16f2e527cda9;6a688541-b16a-45ca-8aa9-fa700373279f
7b21046c-df61-11e7-8094-c82a144c0a85;da988d52-bbde-4d13-a0a8-ca5c447430f1;6a688541-b16a-45ca-8aa9-fa700373279f
7b2148e6-df61-11e7-b174-c82a144c0a85;b628faed-a7e3-4529-a58a-59334f826477;6a688541-b16a-45ca-8aa9-fa700373279f
7b211a38-df61-11e7-b1b8-c82a144c0a85;5edb4003-2453-4102-a7c1-4c3de7eb8caa;6a688541-b16a-45ca-8aa9-fa700373279f
7b2138a6-df61-11e7-baf1-c82a144c0a85;578c59f5-f1f1-4d75-a2c4-be2f7b99e5f0;6a688541-b16a-45ca-8aa9-fa700373279f
7b21297e-df61-11e7-8546-c82a144c0a85;3c69f61c-a2e3-4492-b137-17e9ad225af8;6a688541-b16a-45ca-8aa9-fa700373279f
7b210cfa-df61-11e7-9864-c82a144c0a85;dd6d4e00-2d63-451b-a9b9-60ca0336bcbc;6a688541-b16a-45ca-8aa9-fa700373279f
7b210070-df61-11e7-97e9-c82a144c0a85;d7fef4ba-e8d8-4b43-b035-fa7faddcd8b2;6a688541-b16a-45ca-8aa9-fa700373279f
7b210070-df61-11e7-97e9-c82a144c0a85;c26d4965-0ff4-4ceb-ba4c-c3f807d33abd;6a688541-b16a-45ca-8aa9-fa700373279f
7b212d98-df61-11e7-95f7-c82a144c0a85;129ae33e-c794-4db6-9f94-d8da269a4099;6a688541-b16a-45ca-8aa9-fa700373279f
7b212c9e-df61-11e7-a12b-c82a144c0a85;5f1bea21-4b15-424f-89c7-e1b4b4d027f8;6a688541-b16a-45ca-8aa9-fa700373279f
7b210cfa-df61-11e7-9864-c82a144c0a85;a58ecf37-cbe1-4216-a10c-dbf7598c60c8;6a688541-b16a-45ca-8aa9-fa700373279f
7b212c9e-df61-11e7-a12b-c82a144c0a85;526e8d7f-2156-43ae-a7e3-623a898014e5;6a688541-b16a-45ca-8aa9-fa700373279f
7b211754-df61-11e7-86d7-c82a144c0a85;d0b8c253-a6b3-4f47-9fda-fefe95cd1849;6a688541-b16a-45ca-8aa9-fa700373279f
7b212d98-df61-11e7-95f7-c82a144c0a85;b28bc928-b02e-4ae3-8464-6e20a5f68c08;6a688541-b16a-45ca-8aa9-fa700373279f
7b2138a6-df61-11e7-baf1-c82a144c0a85;d7a9052a-818c-456c-b15d-9220ed1030a8;6a688541-b16a-45ca-8aa9-fa700373279f
7b210070-df61-11e7-97e9-c82a144c0a85;5f3d19bb-97f4-4659-ac9d-36412e6c5953;6a688541-b16a-45ca-8aa9-fa700373279f
7b2138a6-df61-11e7-baf1-c82a144c0a85;885f135d-038f-405f-bf95-066276e7faee;6a688541-b16a-45ca-8aa9-fa700373279f
7b210070-df61-11e7-97e9-c82a144c0a85;cda86342-529f-468a-af96-ed8db4977bd7;6a688541-b16a-45ca-8aa9-fa700373279f
7b21152e-df61-11e7-bdcf-c82a144c0a85;d9b5d879-83ee-461c-bbdc-0a50a813571f;6a688541-b16a-45ca-8aa9-fa700373279f
7b212e92-df61-11e7-aaf4-c82a144c0a85;ab4f6fe7-05ea-47e5-8c72-4b2cb8c52daf;6a688541-b16a-45ca-8aa9-fa700373279f
7b211b34-df61-11e7-b235-c82a144c0a85;dc87db88-cd61-48f7-9f3d-ce0f62f85aeb;6a688541-b16a-45ca-8aa9-fa700373279f
7b210cfa-df61-11e7-9864-c82a144c0a85;85ace5e7-23ee-40cc-9b53-4c818ce5a968;6a688541-b16a-45ca-8aa9-fa700373279f
7b212b86-df61-11e7-9f98-c82a144c0a85;941ed08d-c4e0-41b4-b739-9b42568bbf8e;6a688541-b16a-45ca-8aa9-fa700373279f
7b21152e-df61-11e7-bdcf-c82a144c0a85;61f5fdd5-0def-43ee-9a26-963e23453985;6a688541-b16a-45ca-8aa9-fa700373279f
7b2139c8-df61-11e7-8d64-c82a144c0a85;b5dd4e24-9d9b-4bf9-937b-51d7c28d267e;6a688541-b16a-45ca-8aa9-fa700373279f
7b21046c-df61-11e7-8094-c82a144c0a85;90ea2a5d-b743-4ac9-9b33-79a58347b86a;6a688541-b16a-45ca-8aa9-fa700373279f
7b20ed7e-df61-11e7-bb65-c82a144c0a85;76d965fd-f373-4bd9-9bb6-16fae34a37e5;6a688541-b16a-45ca-8aa9-fa700373279f
7b20ed7e-df61-11e7-bb65-c82a144c0a85;fa0ded71-5222-4a3c-a40d-181d208aa4ce;6a688541-b16a-45ca-8aa9-fa700373279f
7b2132de-df61-11e7-8882-c82a144c0a85;0e3d15c1-03ed-4fdc-a13d-09aabf2a4d3c;6a688541-b16a-45ca-8aa9-fa700373279f
7b20ed7e-df61-11e7-bb65-c82a144c0a85;970a5e11-5276-43e4-8d60-64382e6c844f;6a688541-b16a-45ca-8aa9-fa700373279f
7b21046c-df61-11e7-8094-c82a144c0a85;8c55a2c7-0a68-47a4-8c1c-b46ce872b758;6a688541-b16a-45ca-8aa9-fa700373279f
7b210cfa-df61-11e7-9864-c82a144c0a85;4fd919c3-6283-45f2-b660-89d1d2b01de3;6a688541-b16a-45ca-8aa9-fa700373279f
7b2138a6-df61-11e7-baf1-c82a144c0a85;40db69a0-f72a-4036-97e0-a4f68ff38c05;6a688541-b16a-45ca-8aa9-fa700373279f
7b210cfa-df61-11e7-9864-c82a144c0a85;a3c31109-848e-467a-8447-bc8e872bf02e;6a688541-b16a-45ca-8aa9-fa700373279f
7b21046c-df61-11e7-8094-c82a144c0a85;912723f1-5bc9-4156-bacb-514f73b9ee22;6a688541-b16a-45ca-8aa9-fa700373279f
7b2138a6-df61-11e7-baf1-c82a144c0a85;f6a52450-e344-470b-9ad1-6b2dd3bd620e;6a688541-b16a-45ca-8aa9-fa700373279f
7b2138a6-df61-11e7-baf1-c82a144c0a85;b38e1c4c-7706-4e33-b262-8cbed2dda4b3;6a688541-b16a-45ca-8aa9-fa700373279f
7b2139c8-df61-11e7-8d64-c82a144c0a85;7fe8a937-e94a-4561-aa78-1e4fe027beb2;6a688541-b16a-45ca-8aa9-fa700373279f
7b210cfa-df61-11e7-9864-c82a144c0a85;590196f2-82ab-4a58-ada8-579fb72ff42e;6a688541-b16a-45ca-8aa9-fa700373279f
7b210cfa-df61-11e7-9864-c82a144c0a85;e997939c-3db8-44c6-845d-0ee1f51f1f0f;6a688541-b16a-45ca-8aa9-fa700373279f
7b212c9e-df61-11e7-a12b-c82a144c0a85;d4ef144b-da8d-4949-a32c-067b75c5209c;6a688541-b16a-45ca-8aa9-fa700373279f
7b212c9e-df61-11e7-a12b-c82a144c0a85;d4a99c60-d4a6-470e-813c-21dffa032aee;6a688541-b16a-45ca-8aa9-fa700373279f
7b212b86-df61-11e7-9f98-c82a144c0a85;aac047e3-3030-483a-ab10-0a886b5ea819;6a688541-b16a-45ca-8aa9-fa700373279f
7b2139c8-df61-11e7-8d64-c82a144c0a85;cd80227b-c08d-41aa-8f58-091a6bf2e814;6a688541-b16a-45ca-8aa9-fa700373279f
7b21046c-df61-11e7-8094-c82a144c0a85;fd0179e4-7198-4a49-b3bf-3827c70ff0e2;6a688541-b16a-45ca-8aa9-fa700373279f
7b21046c-df61-11e7-8094-c82a144c0a85;dcf0923a-ba26-474a-8c8c-796a4c44096e;6a688541-b16a-45ca-8aa9-fa700373279f
7b211b34-df61-11e7-b235-c82a144c0a85;ffb461f7-ed10-4f0d-bd99-fcb8884f052e;6a688541-b16a-45ca-8aa9-fa700373279f
7b210f18-df61-11e7-ba0a-c82a144c0a85;a870b7ee-37c7-4ad0-9097-2b7919d67254;6a688541-b16a-45ca-8aa9-fa700373279f
7b2109d0-df61-11e7-a4af-c82a144c0a85;9da24b1f-2bda-4115-908e-3ec369eee7c8;6a688541-b16a-45ca-8aa9-fa700373279f
7b2160e2-df61-11e7-bad5-c82a144c0a85;c2a75e8c-5da1-419a-8b49-7365a4e6385e;6a688541-b16a-45ca-8aa9-fa700373279f
7b211a38-df61-11e7-b1b8-c82a144c0a85;6c06bebb-add4-40e4-a8ff-22a448caac0f;6a688541-b16a-45ca-8aa9-fa700373279f
7b2109d0-df61-11e7-a4af-c82a144c0a85;4f6a7f0b-4b04-45fd-9a50-cd243b8a95a5;6a688541-b16a-45ca-8aa9-fa700373279f
7b2139c8-df61-11e7-8d64-c82a144c0a85;90d80054-04d7-4069-ae41-fcfdd9a571e7;6a688541-b16a-45ca-8aa9-fa700373279f
7b212e92-df61-11e7-aaf4-c82a144c0a85;4b32e355-c8e0-43c7-a4fc-aa1730617c0d;6a688541-b16a-45ca-8aa9-fa700373279f
7b210cfa-df61-11e7-9864-c82a144c0a85;96bb94d8-6db9-4b23-96b1-32dfa29fd7b1;6a688541-b16a-45ca-8aa9-fa700373279f
7b212b86-df61-11e7-9f98-c82a144c0a85;f1b52b2f-4000-4e6d-a592-12dcc9f6dbde;6a688541-b16a-45ca-8aa9-fa700373279f
7b212e92-df61-11e7-aaf4-c82a144c0a85;19bf2fb8-1b92-4029-8385-857add8e1728;6a688541-b16a-45ca-8aa9-fa700373279f
7b210cfa-df61-11e7-9864-c82a144c0a85;eb41dead-6bb6-45a5-8191-0bd854054c70;6a688541-b16a-45ca-8aa9-fa700373279f
7b212b86-df61-11e7-9f98-c82a144c0a85;84c35107-d5b9-4a00-9459-6b1cde138d50;6a688541-b16a-45ca-8aa9-fa700373279f
7b210cfa-df61-11e7-9864-c82a144c0a85;dfe26abd-6ced-4704-b0f5-e5396c0a83a3;6a688541-b16a-45ca-8aa9-fa700373279f
7b212d98-df61-11e7-95f7-c82a144c0a85;1e13eac5-1e33-472b-8faf-ad518481ebf1;6a688541-b16a-45ca-8aa9-fa700373279f
7b210cfa-df61-11e7-9864-c82a144c0a85;b959bcfe-b213-4b91-b843-c12dd96632cb;6a688541-b16a-45ca-8aa9-fa700373279f
7b20f90c-df61-11e7-a941-c82a144c0a85;c3fd618c-9de9-41a4-ad8d-f64956a5c228;6a688541-b16a-45ca-8aa9-fa700373279f
7b210cfa-df61-11e7-9864-c82a144c0a85;af390400-7c36-46a0-8f31-347f76957fa5;6a688541-b16a-45ca-8aa9-fa700373279f
7b20f90c-df61-11e7-a941-c82a144c0a85;877aadc9-6cbe-487d-a752-964c745641b5;6a688541-b16a-45ca-8aa9-fa700373279f
7b211a38-df61-11e7-b1b8-c82a144c0a85;f4e7a785-91d2-49f1-a63e-1ce7286720f4;6a688541-b16a-45ca-8aa9-fa700373279f
7b2138a6-df61-11e7-baf1-c82a144c0a85;dc10342c-aee3-486c-baa9-f8b5be91341f;6a688541-b16a-45ca-8aa9-fa700373279f
7b212d98-df61-11e7-95f7-c82a144c0a85;f90e426e-2953-4b92-bbdf-3586f24a08bb;6a688541-b16a-45ca-8aa9-fa700373279f
7b210070-df61-11e7-97e9-c82a144c0a85;500caac2-8f60-4314-8fa1-4830577b418d;6a688541-b16a-45ca-8aa9-fa700373279f
7b210cfa-df61-11e7-9864-c82a144c0a85;b3805c87-e2f7-4fc2-947c-4d753e7bf2a6;6a688541-b16a-45ca-8aa9-fa700373279f
7b20ed7e-df61-11e7-bb65-c82a144c0a85;295a3dd0-ce51-4b40-b592-c4795bc4ca7a;6a688541-b16a-45ca-8aa9-fa700373279f
7b210070-df61-11e7-97e9-c82a144c0a85;d781aa84-deda-4d81-a679-067ac0dd031f;6a688541-b16a-45ca-8aa9-fa700373279f
7b210cfa-df61-11e7-9864-c82a144c0a85;9fbf2125-8302-40b5-b9bd-d05277c16a55;6a688541-b16a-45ca-8aa9-fa700373279f
7b212d98-df61-11e7-95f7-c82a144c0a85;f717d3fe-05d9-4bae-ae1a-49904fdc738b;6a688541-b16a-45ca-8aa9-fa700373279f
7b20ed7e-df61-11e7-bb65-c82a144c0a85;44c963a9-9e17-43f7-82fd-c022947a3277;6a688541-b16a-45ca-8aa9-fa700373279f
7b21046c-df61-11e7-8094-c82a144c0a85;2ed57d6a-4a83-4fb7-9f4a-f6c2ddd84a0a;6a688541-b16a-45ca-8aa9-fa700373279f
7b20ed7e-df61-11e7-bb65-c82a144c0a85;a32fde0d-188e-4922-83d1-e189aedd10df;6a688541-b16a-45ca-8aa9-fa700373279f
7b21046c-df61-11e7-8094-c82a144c0a85;2a956d5d-4c0a-4885-9cb0-5cbb46f5a7da;6a688541-b16a-45ca-8aa9-fa700373279f
7b212e92-df61-11e7-aaf4-c82a144c0a85;61bddbc3-dafe-4ab2-9937-d11274026fcb;6a688541-b16a-45ca-8aa9-fa700373279f
7b211a38-df61-11e7-b1b8-c82a144c0a85;eb0fe89a-adfa-46d9-b9a5-48cdad319bcd;6a688541-b16a-45ca-8aa9-fa700373279f
7b2109d0-df61-11e7-a4af-c82a144c0a85;bb8ad1f5-1400-4ffd-8cae-9bd84e8a571c;6a688541-b16a-45ca-8aa9-fa700373279f
7b21046c-df61-11e7-8094-c82a144c0a85;1931e873-9a0a-41c6-bd1e-3c4f694efba6;6a688541-b16a-45ca-8aa9-fa700373279f
7b2138a6-df61-11e7-baf1-c82a144c0a85;e0cefd48-1dbb-4903-8971-c30631098eb2;6a688541-b16a-45ca-8aa9-fa700373279f
7b210070-df61-11e7-97e9-c82a144c0a85;64b9fe30-e5e2-467a-b200-892b4f3d8448;6a688541-b16a-45ca-8aa9-fa700373279f
7b212b86-df61-11e7-9f98-c82a144c0a85;596bb69c-1a99-4948-8aba-4ac9c54e2943;6a688541-b16a-45ca-8aa9-fa700373279f
7b20e3f6-df61-11e7-885c-c82a144c0a85;4507bb9e-c42a-4d08-86c4-6f10a3e0042b;6a688541-b16a-45ca-8aa9-fa700373279f
7b212e92-df61-11e7-aaf4-c82a144c0a85;908ca642-f615-4889-9731-05802c98dc10;6a688541-b16a-45ca-8aa9-fa700373279f
7b21297e-df61-11e7-8546-c82a144c0a85;e098be8b-9185-4744-9214-faba079f020a;6a688541-b16a-45ca-8aa9-fa700373279f
7b2160e2-df61-11e7-bad5-c82a144c0a85;d7c76132-904c-4083-a4bd-378d215c2a2c;6a688541-b16a-45ca-8aa9-fa700373279f
7b210cfa-df61-11e7-9864-c82a144c0a85;cba9c137-4013-4c16-888e-8d5724627fb8;6a688541-b16a-45ca-8aa9-fa700373279f
7b2138a6-df61-11e7-baf1-c82a144c0a85;96358e8e-0d94-4959-ab1a-efebe4dd9efb;6a688541-b16a-45ca-8aa9-fa700373279f
7b210cfa-df61-11e7-9864-c82a144c0a85;e93a742c-a0b2-4e31-9733-1405f4598e9f;6a688541-b16a-45ca-8aa9-fa700373279f
7b210cfa-df61-11e7-9864-c82a144c0a85;d6801f15-a1c0-403a-a1a7-760f0b25806d;6a688541-b16a-45ca-8aa9-fa700373279f
7b212e92-df61-11e7-aaf4-c82a144c0a85;2a2a8d70-d3c3-4924-adba-1fd6b4e411a1;6a688541-b16a-45ca-8aa9-fa700373279f
7b212b86-df61-11e7-9f98-c82a144c0a85;7677af77-91be-4be8-bdb9-de75a930e7b1;6a688541-b16a-45ca-8aa9-fa700373279f
7b214350-df61-11e7-b1a0-c82a144c0a85;63c91023-bf4e-48c8-b8f7-cd63717eb75a;6a688541-b16a-45ca-8aa9-fa700373279f
7b212d98-df61-11e7-95f7-c82a144c0a85;a64faf0c-0540-4303-8ef6-cdad67866519;6a688541-b16a-45ca-8aa9-fa700373279f
7b21193e-df61-11e7-8869-c82a144c0a85;190b2313-d4ec-4476-9b5d-52f40f123abb;6a688541-b16a-45ca-8aa9-fa700373279f
7b210cfa-df61-11e7-9864-c82a144c0a85;e39af739-3e49-4241-95de-ac5e273b3740;6a688541-b16a-45ca-8aa9-fa700373279f
7b210070-df61-11e7-97e9-c82a144c0a85;4c8a6830-13d5-4087-8a58-c45e9b3547b5;6a688541-b16a-45ca-8aa9-fa700373279f
7b2138a6-df61-11e7-baf1-c82a144c0a85;5a5c2acf-7374-4abd-8cc6-832897901981;6a688541-b16a-45ca-8aa9-fa700373279f
7b212e92-df61-11e7-aaf4-c82a144c0a85;c9d019ad-d813-4d1b-8577-c5fd0bba6e77;6a688541-b16a-45ca-8aa9-fa700373279f
7b212b86-df61-11e7-9f98-c82a144c0a85;bff6e4d0-3f38-4098-b12b-6ea9ba052c40;6a688541-b16a-45ca-8aa9-fa700373279f
7b212e92-df61-11e7-aaf4-c82a144c0a85;0c2f077c-de27-483b-8ffe-d30150761ec5;6a688541-b16a-45ca-8aa9-fa700373279f
7b20e63a-df61-11e7-b49c-c82a144c0a85;c9c467e0-60d5-4e13-84d0-02fa318eb21b;6a688541-b16a-45ca-8aa9-fa700373279f
7b21297e-df61-11e7-8546-c82a144c0a85;33fe5ff1-b372-4746-bfab-4eb4f3266330;6a688541-b16a-45ca-8aa9-fa700373279f
7b212e92-df61-11e7-aaf4-c82a144c0a85;5db254a2-71d4-4946-8543-089e17cbecac;6a688541-b16a-45ca-8aa9-fa700373279f
7b20ed7e-df61-11e7-bb65-c82a144c0a85;fe81c454-5aa8-4056-a6a4-2e55f54997d8;6a688541-b16a-45ca-8aa9-fa700373279f
7b21046c-df61-11e7-8094-c82a144c0a85;e37b5ea4-79e1-49c1-a746-f3ae05394112;6a688541-b16a-45ca-8aa9-fa700373279f
7b2138a6-df61-11e7-baf1-c82a144c0a85;37a13765-5bb3-47b2-9a17-7e6154633b32;6a688541-b16a-45ca-8aa9-fa700373279f
7b212d98-df61-11e7-95f7-c82a144c0a85;b896a92f-f69d-46fb-a192-f91775d62f27;6a688541-b16a-45ca-8aa9-fa700373279f
7b20ed7e-df61-11e7-bb65-c82a144c0a85;5fd15af3-51f0-4e83-a631-da8c7e53ac9a;6a688541-b16a-45ca-8aa9-fa700373279f
7b20ed7e-df61-11e7-bb65-c82a144c0a85;c36b8652-bba1-40d3-a6d4-c0ac909139b2;6a688541-b16a-45ca-8aa9-fa700373279f
7b212b86-df61-11e7-9f98-c82a144c0a85;34aef95a-1ca1-4a97-9d58-41f774d3b0a7;6a688541-b16a-45ca-8aa9-fa700373279f
7b2139c8-df61-11e7-8d64-c82a144c0a85;fb990153-942c-4ba5-910b-3a4f62b8cee0;6a688541-b16a-45ca-8aa9-fa700373279f
7b21046c-df61-11e7-8094-c82a144c0a85;4c879004-01e4-488e-8710-8ce23d48d308;6a688541-b16a-45ca-8aa9-fa700373279f
7b2138a6-df61-11e7-baf1-c82a144c0a85;847b5c28-e094-4cf9-9f7a-def2f538fa08;6a688541-b16a-45ca-8aa9-fa700373279f
7b2138a6-df61-11e7-baf1-c82a144c0a85;f87ff4bc-eb8c-4c84-a578-7c29a4a1d0f4;6a688541-b16a-45ca-8aa9-fa700373279f
7b211a38-df61-11e7-b1b8-c82a144c0a85;eb5e1497-cd83-41da-9f8a-d4da64d2202a;6a688541-b16a-45ca-8aa9-fa700373279f
7b210cfa-df61-11e7-9864-c82a144c0a85;93371978-dff5-414f-84f7-42a322d5a956;6a688541-b16a-45ca-8aa9-fa700373279f
7b21152e-df61-11e7-bdcf-c82a144c0a85;c23eaaba-776f-4aa0-b4be-fa14edddc7e7;6a688541-b16a-45ca-8aa9-fa700373279f
7b21193e-df61-11e7-8869-c82a144c0a85;fed6b1e2-abdc-437b-9c3e-b0c2cb78054e;6a688541-b16a-45ca-8aa9-fa700373279f
7b20e63a-df61-11e7-b49c-c82a144c0a85;07d5bb4e-7333-4db9-b440-881e9abb513d;6a688541-b16a-45ca-8aa9-fa700373279f
7b210cfa-df61-11e7-9864-c82a144c0a85;97b4d244-eb37-4a24-b2c3-3dae2704dff7;6a688541-b16a-45ca-8aa9-fa700373279f
7b213f54-df61-11e7-9eec-c82a144c0a85;3d7beb01-c7c7-420b-be1f-86af798bbd1c;6a688541-b16a-45ca-8aa9-fa700373279f
7b212d98-df61-11e7-95f7-c82a144c0a85;c4c88fa1-3aee-40bf-874d-37b900c79e98;6a688541-b16a-45ca-8aa9-fa700373279f
7b2138a6-df61-11e7-baf1-c82a144c0a85;658f2751-1087-4450-9a5c-f0b8fb942d67;6a688541-b16a-45ca-8aa9-fa700373279f
7b2138a6-df61-11e7-baf1-c82a144c0a85;7714a81b-0d54-46e9-9854-3513ff500c46;6a688541-b16a-45ca-8aa9-fa700373279f
7b2139c8-df61-11e7-8d64-c82a144c0a85;4eb58d86-36c9-4ebc-9702-58f443381e17;6a688541-b16a-45ca-8aa9-fa700373279f
7b2138a6-df61-11e7-baf1-c82a144c0a85;22eebe92-38e2-4897-b729-582fe4885888;6a688541-b16a-45ca-8aa9-fa700373279f
7b210070-df61-11e7-97e9-c82a144c0a85;6cdf7359-1030-4e9d-919d-d72143b42176;6a688541-b16a-45ca-8aa9-fa700373279f
7b21152e-df61-11e7-bdcf-c82a144c0a85;c8c08f34-6e4e-4d18-a94e-32fb86ede4ec;6a688541-b16a-45ca-8aa9-fa700373279f
7b20ed7e-df61-11e7-bb65-c82a144c0a85;088fb223-d4a5-4a1c-ba74-6868be3fdc20;6a688541-b16a-45ca-8aa9-fa700373279f
7b2138a6-df61-11e7-baf1-c82a144c0a85;2fb02960-8722-4f51-8623-a03052e8ffe2;6a688541-b16a-45ca-8aa9-fa700373279f
7b210cfa-df61-11e7-9864-c82a144c0a85;ef6b7ce0-42e2-4c19-baac-86cfb3d98611;6a688541-b16a-45ca-8aa9-fa700373279f
7b210cfa-df61-11e7-9864-c82a144c0a85;a24182be-faa1-43bd-929d-52dc0a399f1a;6a688541-b16a-45ca-8aa9-fa700373279f
7b210cfa-df61-11e7-9864-c82a144c0a85;5178ba3e-26ff-4813-bb5d-e90bf244bc52;6a688541-b16a-45ca-8aa9-fa700373279f
7b210cfa-df61-11e7-9864-c82a144c0a85;0ef96012-2606-4326-808c-577e1cae6158;6a688541-b16a-45ca-8aa9-fa700373279f
7b212b86-df61-11e7-9f98-c82a144c0a85;89f7d98b-f200-4292-ac08-ecd4c35c4879;6a688541-b16a-45ca-8aa9-fa700373279f
7b2132de-df61-11e7-8882-c82a144c0a85;960464a3-2fba-4e4d-8833-c00b65aa2b39;6a688541-b16a-45ca-8aa9-fa700373279f
7b2138a6-df61-11e7-baf1-c82a144c0a85;c7bd2614-111d-4f7e-8a9c-56c8265b0b6d;6a688541-b16a-45ca-8aa9-fa700373279f
7b210cfa-df61-11e7-9864-c82a144c0a85;15842c3a-b258-4c32-b2a8-fa5dc243600f;6a688541-b16a-45ca-8aa9-fa700373279f
7b210cfa-df61-11e7-9864-c82a144c0a85;1b29ea60-d5d1-4a47-ad10-6cb70a503dba;6a688541-b16a-45ca-8aa9-fa700373279f
7b21152e-df61-11e7-bdcf-c82a144c0a85;b8a3e7e1-1aac-474f-981f-f35d209e9b7a;6a688541-b16a-45ca-8aa9-fa700373279f
7b21046c-df61-11e7-8094-c82a144c0a85;994d2d92-e6f4-43f2-a6d4-a85a3aea67de;6a688541-b16a-45ca-8aa9-fa700373279f
7b21046c-df61-11e7-8094-c82a144c0a85;610bfc8d-ab81-48d4-a69a-0f5fe0b9f4c9;6a688541-b16a-45ca-8aa9-fa700373279f
7b212e92-df61-11e7-aaf4-c82a144c0a85;eb400c06-3b89-4566-8ec0-6121e408ec31;6a688541-b16a-45ca-8aa9-fa700373279f
7b210cfa-df61-11e7-9864-c82a144c0a85;0a3669d6-f795-4b92-983f-76a768e39fe2;6a688541-b16a-45ca-8aa9-fa700373279f
7b212b86-df61-11e7-9f98-c82a144c0a85;67fa563b-1459-4789-a7db-4e26edd5372c;6a688541-b16a-45ca-8aa9-fa700373279f
7b212e92-df61-11e7-aaf4-c82a144c0a85;d66a5a71-e1f2-4543-b021-bcf01f34c3b8;6a688541-b16a-45ca-8aa9-fa700373279f
7b210cfa-df61-11e7-9864-c82a144c0a85;5bad2a95-68d9-4aef-b800-47b1595f1ea8;6a688541-b16a-45ca-8aa9-fa700373279f
7b20e8d8-df61-11e7-8928-c82a144c0a85;b048ad0e-99ba-44a8-8ec5-525c7cd58f9f;6a688541-b16a-45ca-8aa9-fa700373279f
7b20ed7e-df61-11e7-bb65-c82a144c0a85;91da0a25-2571-4315-9568-c3c32b0b1b59;6a688541-b16a-45ca-8aa9-fa700373279f
7b210cfa-df61-11e7-9864-c82a144c0a85;7053c806-648f-43cd-b1e4-f5e0b02a7272;6a688541-b16a-45ca-8aa9-fa700373279f
7b213b12-df61-11e7-b867-c82a144c0a85;abf44e9d-a71b-4a9c-8bd5-13de11974b58;6a688541-b16a-45ca-8aa9-fa700373279f
7b2139c8-df61-11e7-8d64-c82a144c0a85;43340e68-36b7-4a65-9a4a-908ed358f8f3;6a688541-b16a-45ca-8aa9-fa700373279f
7b21297e-df61-11e7-8546-c82a144c0a85;eb003fdf-1046-4fb5-8721-cd3bc8379ed8;6a688541-b16a-45ca-8aa9-fa700373279f
7b20ed7e-df61-11e7-bb65-c82a144c0a85;893e2351-a841-4eec-aa9f-ef0db8f92421;6a688541-b16a-45ca-8aa9-fa700373279f
7b210cfa-df61-11e7-9864-c82a144c0a85;4b8864d4-b560-44d8-a35c-c96b090b517d;6a688541-b16a-45ca-8aa9-fa700373279f
7b210070-df61-11e7-97e9-c82a144c0a85;6fcad618-5941-4581-9727-6cb91cf514f3;6a688541-b16a-45ca-8aa9-fa700373279f
7b212b86-df61-11e7-9f98-c82a144c0a85;1bb238c5-8954-485b-bb33-28314c9337a2;6a688541-b16a-45ca-8aa9-fa700373279f
7b212b86-df61-11e7-9f98-c82a144c0a85;b417815c-4e78-4bd1-ac10-bcb14b49916d;6a688541-b16a-45ca-8aa9-fa700373279f
7b20ed7e-df61-11e7-bb65-c82a144c0a85;799b80e9-20c8-4b92-8b2c-e43d0776d809;6a688541-b16a-45ca-8aa9-fa700373279f
7b2138a6-df61-11e7-baf1-c82a144c0a85;0c4647cb-f75d-4f77-a611-0f645eaa34bd;6a688541-b16a-45ca-8aa9-fa700373279f
7b2139c8-df61-11e7-8d64-c82a144c0a85;336a62df-f59d-4b72-8224-a819acba7420;6a688541-b16a-45ca-8aa9-fa700373279f
7b214350-df61-11e7-b1a0-c82a144c0a85;36b59f6a-1f5e-43a6-adc2-8b8342cc37aa;6a688541-b16a-45ca-8aa9-fa700373279f
7b210cfa-df61-11e7-9864-c82a144c0a85;321fb047-0409-4cfc-adcd-ccb38e87219e;6a688541-b16a-45ca-8aa9-fa700373279f
7b2139c8-df61-11e7-8d64-c82a144c0a85;7f6b73ec-33d7-42aa-8358-559466f64885;6a688541-b16a-45ca-8aa9-fa700373279f
7b210cfa-df61-11e7-9864-c82a144c0a85;4b890d75-b615-4dce-9402-1b75de3f8133;6a688541-b16a-45ca-8aa9-fa700373279f
7b212e92-df61-11e7-aaf4-c82a144c0a85;d00cc22a-5f7f-4d75-bc7e-277a477c066b;6a688541-b16a-45ca-8aa9-fa700373279f
7b212c9e-df61-11e7-a12b-c82a144c0a85;a0acc753-3dcf-4a33-bfc9-951fabb63e11;6a688541-b16a-45ca-8aa9-fa700373279f
7b211b34-df61-11e7-b235-c82a144c0a85;bd82996f-857b-4fbb-af84-42c721c64b14;6a688541-b16a-45ca-8aa9-fa700373279f
7b212b86-df61-11e7-9f98-c82a144c0a85;6a5b518c-9198-49d2-b8a6-a575bc9e163d;6a688541-b16a-45ca-8aa9-fa700373279f
7b2132de-df61-11e7-8882-c82a144c0a85;3e1c072b-1d14-49c7-8de9-03af7406eef7;6a688541-b16a-45ca-8aa9-fa700373279f
7b211a38-df61-11e7-b1b8-c82a144c0a85;d59dd797-aae5-433f-a54b-6b32194b217c;6a688541-b16a-45ca-8aa9-fa700373279f
7b2139c8-df61-11e7-8d64-c82a144c0a85;fecce6bc-9117-45ec-88df-0eda27800c62;6a688541-b16a-45ca-8aa9-fa700373279f
7b210cfa-df61-11e7-9864-c82a144c0a85;5a77b8c8-7e10-4ed0-9fea-0745547506e5;6a688541-b16a-45ca-8aa9-fa700373279f
7b210cfa-df61-11e7-9864-c82a144c0a85;3b72dee7-d21a-4507-8268-749da65ed954;6a688541-b16a-45ca-8aa9-fa700373279f
7b20ed7e-df61-11e7-bb65-c82a144c0a85;1abaed7b-a251-4f6c-85bf-28823a4e333a;6a688541-b16a-45ca-8aa9-fa700373279f
7b21046c-df61-11e7-8094-c82a144c0a85;581ffaa5-28ed-4023-9dbb-f465debb5c76;6a688541-b16a-45ca-8aa9-fa700373279f
7b20ed7e-df61-11e7-bb65-c82a144c0a85;48638bd9-d3e1-4365-be01-23548ea731c5;6a688541-b16a-45ca-8aa9-fa700373279f
7b21046c-df61-11e7-8094-c82a144c0a85;2298de8a-fd72-406e-9659-37360ea16fa8;6a688541-b16a-45ca-8aa9-fa700373279f
7b2138a6-df61-11e7-baf1-c82a144c0a85;6d6a2631-9ed7-4cc5-bac7-8102fe2a48a1;6a688541-b16a-45ca-8aa9-fa700373279f
7b2139c8-df61-11e7-8d64-c82a144c0a85;612c2b66-c0aa-4a2f-99e5-3c850ada2e80;6a688541-b16a-45ca-8aa9-fa700373279f
7b212e92-df61-11e7-aaf4-c82a144c0a85;170be70c-b551-4882-b0bb-2d564358ba71;6a688541-b16a-45ca-8aa9-fa700373279f
7b2138a6-df61-11e7-baf1-c82a144c0a85;645a8e10-812a-4102-95f5-810cc77b3323;6a688541-b16a-45ca-8aa9-fa700373279f
7b212e92-df61-11e7-aaf4-c82a144c0a85;8eba5205-e3ed-43d0-9204-549029c09ad8;6a688541-b16a-45ca-8aa9-fa700373279f
7b212e92-df61-11e7-aaf4-c82a144c0a85;f57d5a83-93a3-457a-aaad-1298c3b9ed39;6a688541-b16a-45ca-8aa9-fa700373279f
7b20ed7e-df61-11e7-bb65-c82a144c0a85;8958b79b-2eee-41db-9aca-306787187420;6a688541-b16a-45ca-8aa9-fa700373279f
7b21046c-df61-11e7-8094-c82a144c0a85;5cdfbdd0-07dc-41a7-9e01-3f13f35cedc8;6a688541-b16a-45ca-8aa9-fa700373279f
7b210070-df61-11e7-97e9-c82a144c0a85;a48e7711-5206-4409-82c6-56d9d0fd6df9;6a688541-b16a-45ca-8aa9-fa700373279f
7b210cfa-df61-11e7-9864-c82a144c0a85;c29c1d3a-4e5a-475e-854c-6be3eb1fd427;6a688541-b16a-45ca-8aa9-fa700373279f
7b210cfa-df61-11e7-9864-c82a144c0a85;579801ab-240a-45b0-8979-d0faf4e7ad1f;6a688541-b16a-45ca-8aa9-fa700373279f
7b20f350-df61-11e7-ae0b-c82a144c0a85;289bc27c-9e0d-4aea-b96c-8d98fd087a6f;6a688541-b16a-45ca-8aa9-fa700373279f
7b21193e-df61-11e7-8869-c82a144c0a85;de5a9644-665a-46f2-8af9-430feae038b0;6a688541-b16a-45ca-8aa9-fa700373279f
7b210070-df61-11e7-97e9-c82a144c0a85;8d576558-4557-4cfb-b5d8-8fd4217b80ea;6a688541-b16a-45ca-8aa9-fa700373279f
7b2138a6-df61-11e7-baf1-c82a144c0a85;29f05992-0ba9-4ef3-a012-aac49463868d;6a688541-b16a-45ca-8aa9-fa700373279f
7b21152e-df61-11e7-bdcf-c82a144c0a85;f12aa191-3be5-442d-87a1-44c5317d3f3d;6a688541-b16a-45ca-8aa9-fa700373279f
7b21046c-df61-11e7-8094-c82a144c0a85;ba66361f-bfd9-4250-936a-82c55a93d2ee;6a688541-b16a-45ca-8aa9-fa700373279f
7b2132de-df61-11e7-8882-c82a144c0a85;bb8aa195-b3c1-428f-9535-6f2ccfdb0f71;6a688541-b16a-45ca-8aa9-fa700373279f
7b20ed7e-df61-11e7-bb65-c82a144c0a85;14aac4a3-429b-4841-8dc8-326b0553bf0b;6a688541-b16a-45ca-8aa9-fa700373279f
7b21046c-df61-11e7-8094-c82a144c0a85;49f7a702-a5b1-466b-a72b-a8c994e7bb76;6a688541-b16a-45ca-8aa9-fa700373279f
7b210070-df61-11e7-97e9-c82a144c0a85;0667b2a4-0fd4-4c8f-803b-6f63f4a17afb;6a688541-b16a-45ca-8aa9-fa700373279f
7b212e92-df61-11e7-aaf4-c82a144c0a85;da16025c-4760-4ecf-83ed-8666fd7e4fb7;6a688541-b16a-45ca-8aa9-fa700373279f
7b211a38-df61-11e7-b1b8-c82a144c0a85;8547589c-f216-4bb9-adba-c9f0a0a64fbe;6a688541-b16a-45ca-8aa9-fa700373279f
7b211a38-df61-11e7-b1b8-c82a144c0a85;047b3bed-4be0-4b74-8e04-caf088842c8c;6a688541-b16a-45ca-8aa9-fa700373279f
7b21152e-df61-11e7-bdcf-c82a144c0a85;03a76f8f-1ded-4e54-bc25-0d4fc21ccfcf;6a688541-b16a-45ca-8aa9-fa700373279f
7b20f90c-df61-11e7-a941-c82a144c0a85;937dce42-1901-4c49-90dd-6775777c3add;6a688541-b16a-45ca-8aa9-fa700373279f
7b20ed7e-df61-11e7-bb65-c82a144c0a85;7b61c9ee-f84a-4f37-be02-12e2b0852f1c;6a688541-b16a-45ca-8aa9-fa700373279f
7b21152e-df61-11e7-bdcf-c82a144c0a85;083cde1c-982d-4faf-a30b-151f784218b8;6a688541-b16a-45ca-8aa9-fa700373279f
7b212e92-df61-11e7-aaf4-c82a144c0a85;330b94e6-d6c0-424b-8259-23e165046973;6a688541-b16a-45ca-8aa9-fa700373279f
7b212b86-df61-11e7-9f98-c82a144c0a85;c246ca7a-ac25-4053-bcc9-47ad6bc06d37;6a688541-b16a-45ca-8aa9-fa700373279f
7b21152e-df61-11e7-bdcf-c82a144c0a85;c30d88e1-3c9f-4946-a84a-db0a316e42b6;6a688541-b16a-45ca-8aa9-fa700373279f
7b2132de-df61-11e7-8882-c82a144c0a85;ab21a320-973b-48bf-ab7c-973fffecf2c4;6a688541-b16a-45ca-8aa9-fa700373279f
7b2139c8-df61-11e7-8d64-c82a144c0a85;8290a754-fa86-43ee-97b6-4476aea8bedf;6a688541-b16a-45ca-8aa9-fa700373279f
7b214350-df61-11e7-b1a0-c82a144c0a85;3815df08-e370-48c9-a1d6-41d1e3953264;6a688541-b16a-45ca-8aa9-fa700373279f
7b2148e6-df61-11e7-b174-c82a144c0a85;5ed9a237-3e07-448f-b7b1-e93f22a76519;6a688541-b16a-45ca-8aa9-fa700373279f
7b212e92-df61-11e7-aaf4-c82a144c0a85;57c7d537-5395-48b3-b737-edcf786cdcde;6a688541-b16a-45ca-8aa9-fa700373279f
7b210070-df61-11e7-97e9-c82a144c0a85;9090891c-e75e-4003-9af9-5553a294abd5;6a688541-b16a-45ca-8aa9-fa700373279f
7b212e92-df61-11e7-aaf4-c82a144c0a85;f79db184-79cd-4c32-8987-daff7407b5e7;6a688541-b16a-45ca-8aa9-fa700373279f
7b210cfa-df61-11e7-9864-c82a144c0a85;e0df6442-97c8-4d1a-9ad9-4c57aa00d187;6a688541-b16a-45ca-8aa9-fa700373279f
7b1a2ee4-df61-11e7-a2f6-c82a144c0a85;79653ff1-d4de-4cff-b4e3-29363b221b3d;6a688541-b16a-45ca-8aa9-fa700373279f
7b212d98-df61-11e7-95f7-c82a144c0a85;6fa27031-2ea3-470b-a250-ef429ceba022;6a688541-b16a-45ca-8aa9-fa700373279f
7b21193e-df61-11e7-8869-c82a144c0a85;7258a2ed-5d89-479e-91a0-02180242a12d;6a688541-b16a-45ca-8aa9-fa700373279f
7b212e92-df61-11e7-aaf4-c82a144c0a85;7db0149f-3128-4ba5-a0e6-11c66b86c747;6a688541-b16a-45ca-8aa9-fa700373279f
7b212e92-df61-11e7-aaf4-c82a144c0a85;fa10518d-3682-4dee-8222-940ff66bcf64;6a688541-b16a-45ca-8aa9-fa700373279f
7b210070-df61-11e7-97e9-c82a144c0a85;08b2665a-3a92-45d3-9410-941933348cbb;6a688541-b16a-45ca-8aa9-fa700373279f
7b21193e-df61-11e7-8869-c82a144c0a85;d41d7bcb-7710-4d55-bc3e-883d90a2bbc9;6a688541-b16a-45ca-8aa9-fa700373279f
