org:role;slp:resource_uri;org:postIn
6a688541-b16a-45ca-8aa9-fa700373279f;b53fdc09-dd9b-4f79-aa93-57a3f112d2aa;7b211b34-df61-11e7-b235-c82a144c0a85
0661f295-d9de-4230-8d2a-d1074e12dd7d;358b6dad-5e6d-4ad2-9082-e21fda730565;7b20ed7e-df61-11e7-bb65-c82a144c0a85
780f42ab-09be-4803-859d-cdf0d5c8e079;1256ba3f-32d2-48da-a423-2f9289e4cebf;7b21152e-df61-11e7-bdcf-c82a144c0a85
7156ae83-171d-4d8c-877e-c9a1518e5651;69ed832b-bfab-435f-a86e-4649897bb9ae;7b210cfa-df61-11e7-9864-c82a144c0a85
f3d85b78-f9da-46de-bdd3-afa8aecd6619;d8fddf27-7265-4fd8-8e48-5cfd073650b7;7b2138a6-df61-11e7-baf1-c82a144c0a85
74993ae0-77bb-4ccb-b1e0-017ca34bb1f8;69481727-e58c-460c-b148-9dd72f4f9698;7b212b86-df61-11e7-9f98-c82a144c0a85
77532c20-b7d5-4001-adcb-ffc5e1404d31;87d8fef7-b4d7-4267-bcea-d9e6028f8fec;7b214aa8-df61-11e7-a515-c82a144c0a85
b6fe4b45-1515-4a2b-8520-5674d538eb82;e07060c7-496f-4644-b2b4-d129d8ced0ba;7b211b34-df61-11e7-b235-c82a144c0a85
11687de5-0c0b-4f5e-a577-e1276271f8ad;95fd96e6-0745-4bde-a22b-b6e89df4c403;7b21152e-df61-11e7-bdcf-c82a144c0a85
71dda66b-fcfc-470b-a25b-f90027a752b2;db893503-1d9e-4337-9b92-c472249bfb98;7b210070-df61-11e7-97e9-c82a144c0a85
4bbc9442-b00e-4903-8aaa-185bc22bf9d4;da2e9110-7292-432b-9d0f-9e06843a9037;7b211a38-df61-11e7-b1b8-c82a144c0a85
18753576-110f-475a-aeb2-d190f0b58370;bd2f8b4f-6fd7-4dbe-8f03-945b6fceb0e6;7b212e92-df61-11e7-aaf4-c82a144c0a85
869c3270-2526-4717-b8cf-fe61470489cd;3e0eed94-f2a0-46d5-ac5e-fbb700993b8d;7b2139c8-df61-11e7-8d64-c82a144c0a85
fd8fb0bc-0b89-4be3-b046-22bb8fc113af;bf1d5b7a-9021-4f12-91cb-ade5b04904d3;7b213f54-df61-11e7-9eec-c82a144c0a85
a68c18c4-b750-4acb-8849-b0c290bfdb9b;b76b5b02-0967-46b9-ba63-02f9ee954828;7b213c18-df61-11e7-9e2c-c82a144c0a85
5c4d3607-b820-4447-b807-9f73af34d454;915a4985-a059-41e4-86be-1e3c543323e2;7b2139c8-df61-11e7-8d64-c82a144c0a85
3e6ecb26-5130-479e-a402-6fc423a61b9e;c69358a7-cdf9-45b5-af9c-a08ab9635df5;7b213c18-df61-11e7-9e2c-c82a144c0a85
101accb0-88ec-47c8-8c48-56216ba623e6;afe22dad-47f3-458d-b433-cf113aa95de7;7b21444a-df61-11e7-a137-c82a144c0a85
d8cf5651-f304-48f0-8131-90de210bbc79;3bb6baf0-7f6a-4639-aa3e-7f6e269dbe70;7b2139c8-df61-11e7-8d64-c82a144c0a85
b5904fcb-b9c0-49f8-bbc2-4d80693952e7;58fa2e97-c542-4ec3-a74b-382871dd109f;7b211a38-df61-11e7-b1b8-c82a144c0a85
ddd3bb53-6d83-4b5e-9aa3-d6c839851ac5;bdcc1170-094e-45b1-a14c-0c3d204f00e8;7b2107c8-df61-11e7-a617-c82a144c0a85
e8b0786f-3e1c-4dd0-b89e-cf634c908e7b;a0d56d58-eb53-4f2e-8a42-7022490d3ea8;7b214aa8-df61-11e7-a515-c82a144c0a85
8fef7124-27f7-4822-9fd0-bc6673104014;ea2155cd-de82-439c-a703-ab710e73e0e4;7b21152e-df61-11e7-bdcf-c82a144c0a85
effd450e-46ef-4c31-b33e-dd1dcb520541;5ed3308a-e2f1-4d2a-ab5f-ce90734480dc;7b2138a6-df61-11e7-baf1-c82a144c0a85
c33878c1-bdb1-4371-a47c-3baadc6759c4;5d249ca4-d8ce-40c3-b13d-77ff8c27c35f;7b20e63a-df61-11e7-b49c-c82a144c0a85
9e5e116e-2e6f-4ba0-b264-d0c325781aee;676cf048-d5a5-40e6-a253-38290e0a6d69;7b210070-df61-11e7-97e9-c82a144c0a85
11b86d8e-80ef-44bf-bdc5-c1739b2c2670;7bb75374-d005-4299-b015-aa89779ecf6d;7b2139c8-df61-11e7-8d64-c82a144c0a85
d3281256-bfc1-48ab-84c5-14d3f13404ec;48d11cb9-9591-4bf2-a992-cb7b608a6c9e;7b212d98-df61-11e7-95f7-c82a144c0a85
27cca621-1c65-44e6-8952-8d0f3495620f;f839fc1a-71bf-41b9-a80e-0525f499f584;7b20e63a-df61-11e7-b49c-c82a144c0a85
c8f6dd36-bc37-473c-b03e-6a89ef539076;701cc1bd-7d9d-421e-bedd-4d9ce572e30e;7b214546-df61-11e7-b9be-c82a144c0a85
fd17d488-fbf3-41d1-affc-aab53e182ff2;f1a5157c-8f15-46ba-8905-511ca32f30bb;7b214350-df61-11e7-b1a0-c82a144c0a85
4b325a94-35b8-453e-a7de-52cc1e24f7be;b6763f72-4072-4904-9a54-c2d94212590c;7b2138a6-df61-11e7-baf1-c82a144c0a85
86503969-625a-4b5b-8a73-ba2f9f9fe0ca;c1324ab8-0408-448e-a605-30a24f1af477;7b210cfa-df61-11e7-9864-c82a144c0a85
a79776ad-a3cb-467b-bbd7-5745ef4e7159;b4a24771-999e-4ef0-9b62-08ad8f8ab179;7b210070-df61-11e7-97e9-c82a144c0a85
165eed5a-393c-423f-ab4a-ab2b8dc655bf;5d04a1fc-58ce-4d0a-8cd6-e590b4df34c5;7b213f54-df61-11e7-9eec-c82a144c0a85
301dcc03-79c2-40be-a6e4-34a856c4b881;462fee86-3142-46a8-b07f-2e1d02452140;7b20ed7e-df61-11e7-bb65-c82a144c0a85
2abbd85f-8819-4910-bdde-887d8d35cf3e;0c6413f2-97a7-4248-bbda-13ef5b520118;7b211b34-df61-11e7-b235-c82a144c0a85
e42d7b82-688f-42fa-b4f5-0b2d4225d469;801745ea-584b-4780-844a-d6eb6e918800;7b20f90c-df61-11e7-a941-c82a144c0a85
037dfd2f-530f-4093-88f5-93e615d2014d;d554c2e0-a9fe-472c-b804-f8dcdf707166;7b211a38-df61-11e7-b1b8-c82a144c0a85
215c9322-f010-4fbd-a375-eac6a2a4bdd3;f6951609-7e14-4854-8e0f-16feb6450f05;7b21444a-df61-11e7-a137-c82a144c0a85
4f9bf6bd-7844-48e3-9091-f2cbc7847868;a25729ca-e527-44ee-8adb-c69211cf7bdf;7b212f8c-df61-11e7-bef6-c82a144c0a85
6da07034-a3b2-42fd-beb4-6ff5f631c938;20020a11-cc9e-4656-abf7-cd871cec7cff;7b213f54-df61-11e7-9eec-c82a144c0a85
4855c243-d1ec-439f-880d-fa6a957d3632;6a16f6fe-823e-4372-ac65-374288659d62;7b214546-df61-11e7-b9be-c82a144c0a85
aa6e7bd2-e09c-4d3f-95e1-1815b1b8ad42;0b5d6149-5bd5-470c-a3d8-1ac1d6a73d0c;7b214350-df61-11e7-b1a0-c82a144c0a85
88674bb1-0b47-4199-82c7-099fdfe01121;912bc8ac-082a-4c10-9d60-c153d39b3cac;7b2138a6-df61-11e7-baf1-c82a144c0a85
d0f55034-99f0-46b3-9bfa-a2841bdba461;b7caad78-0470-493e-bcbc-425bcc08983d;7b2138a6-df61-11e7-baf1-c82a144c0a85
4e223fb0-9406-4b4d-9539-4465a3eea2e5;2ced1b6c-9282-4acd-aa1a-c8f6e3f730aa;7b213f54-df61-11e7-9eec-c82a144c0a85
635a9a95-3ba6-41e0-8dcb-544de023a5a4;af781ef6-1c92-430a-ad40-8df44eb9e34b;7b210070-df61-11e7-97e9-c82a144c0a85
b07f0301-dfdd-4d34-8ded-df7ee8da3a54;bfcdbebd-100e-413a-a834-8548e9ed7cc1;7b2132de-df61-11e7-8882-c82a144c0a85
74943d79-d125-4c0c-8088-f1c606ae078e;5d31f4c0-152f-4883-b963-792a0d5b6bdc;7b214aa8-df61-11e7-a515-c82a144c0a85
7319f5c0-267e-4297-84ab-5e7cf57fea94;5f7141b9-92fd-4d61-a7ac-000e5dca2b32;7b213c18-df61-11e7-9e2c-c82a144c0a85
ed18ea5b-07d1-4a98-8c22-210d53303863;6669b8d4-20e6-4923-ba57-e78aedafecd5;7b21444a-df61-11e7-a137-c82a144c0a85
08a1f4ad-a05f-4c99-a010-1736cfd781f3;2d4a7e6a-a541-441d-9333-5f9bb70c7af1;7b21152e-df61-11e7-bdcf-c82a144c0a85
735a2e8f-a697-420c-a7c0-aaab5d3212a3;56459d18-f6dd-4f8c-81e5-854111286da0;7b210cfa-df61-11e7-9864-c82a144c0a85
41d00979-8f9e-48ef-8cdf-52ac2d4e14f1;c7ebe267-cf7a-41bb-98e5-2f34f67ac9b5;7b212e92-df61-11e7-aaf4-c82a144c0a85
184aa941-f5ad-479f-9ea3-aa8124c4864a;abb181a2-e39e-498c-a0c4-b870ab36877b;7b212d98-df61-11e7-95f7-c82a144c0a85
e3ceab44-d622-4bc4-b049-25690cd61c92;334fa9e2-0653-47fb-8238-6892b6bcde16;7b212e92-df61-11e7-aaf4-c82a144c0a85
7c50c788-62a4-45d7-a391-d97cfb0ba817;2be3fbe5-31c7-4482-b1ba-570788e8e54f;7b20ed7e-df61-11e7-bb65-c82a144c0a85
41c1226b-205e-4670-880d-5a7eb40c2274;94ec35c7-30d0-4fb8-8ff9-198057e238e2;7b210cfa-df61-11e7-9864-c82a144c0a85
164dfc2b-2fa1-408c-874f-df59c11649ae;2a2f03ee-1a05-4a19-9a48-5d40a3e6ee9b;7b20e8d8-df61-11e7-8928-c82a144c0a85
1462e5e4-47e0-44fd-8f38-a8378f6dfe24;1c8ae761-24e9-4c20-8a8b-b4ee5ec361e5;7b213086-df61-11e7-aa5b-c82a144c0a85
c8055b87-1350-4bda-a4f1-18cd6de648e1;f9bcf963-1628-478f-b53d-d165786f2a9f;7b210cfa-df61-11e7-9864-c82a144c0a85
65a58ea9-3a3e-4be8-865b-2b12833f932f;77b2330e-464a-4a5e-b2cf-e98c72228cf0;7b213f54-df61-11e7-9eec-c82a144c0a85
9149b08d-1554-4936-8421-7927191fada1;322800b2-6629-4b7f-8483-a811c8387319;7b214546-df61-11e7-b9be-c82a144c0a85
cc9623ee-143b-4570-900e-a7cf09e07b24;09b0c79b-c9ca-418a-a657-19cba8b9a35c;7b214350-df61-11e7-b1a0-c82a144c0a85
4e182349-4cd8-432a-b1e3-259d72d3c5be;b3b353ef-242e-446f-baea-af602bcfb740;7b210cfa-df61-11e7-9864-c82a144c0a85
68541f98-cb63-4e4c-8d46-d32dd09caedc;b922af71-e0b5-4eb3-83a1-42a6c701cbf3;7b212b86-df61-11e7-9f98-c82a144c0a85
0ff9bdb8-67d0-48eb-8f09-e5ce93884a5a;86773664-8419-426e-89cf-8b5cece28a36;7b214aa8-df61-11e7-a515-c82a144c0a85
f46005b9-d145-49f3-9716-cf1eb4617d27;0e75e3ed-bc25-48f3-9457-75e0d491d687;7b20ed7e-df61-11e7-bb65-c82a144c0a85
fbe882cf-497a-4632-a759-ad345ee454b9;029fe2c3-5b59-4359-b5f7-cdec7f64bec1;7b212b86-df61-11e7-9f98-c82a144c0a85
9175319f-cc94-43ca-8538-3d010400f613;9ae356d8-ead8-4547-a5e3-52739e8d4548;7b210cfa-df61-11e7-9864-c82a144c0a85
e0e70773-0a9a-469d-8d42-b3699e25d315;46847991-a131-45c8-821d-60fdd5a50254;7b212c9e-df61-11e7-a12b-c82a144c0a85
3b5afd2c-dc5e-4d31-85fb-548d5c8fb338;ad5a631a-8794-4506-ba6a-45375df755ad;7b213086-df61-11e7-aa5b-c82a144c0a85
a2b2346f-ebed-4e6c-8a98-b07a1ef2f851;4aff8e74-dd4b-4ffc-af3b-bce07143d8be;7b21297e-df61-11e7-8546-c82a144c0a85
9bd7a020-d476-4c65-8883-f5dca369a10e;45684ef1-cd63-4a73-9c9c-448b8ab5c6cb;7b212d98-df61-11e7-95f7-c82a144c0a85
f4c2009c-7b32-4d36-8e12-c3f37aa67c69;237044c9-df93-4ee9-8cf8-7b6df3403245;7b210cfa-df61-11e7-9864-c82a144c0a85
81ffd13c-b07c-4ec3-8098-4a4d35fbbdc7;cb110a5a-c198-49ef-adcc-d610d05868de;7b214350-df61-11e7-b1a0-c82a144c0a85
192f8fdc-9428-4d4c-a081-8210bf04e41e;e80477bb-a9b4-4475-8796-e514263373f0;7b2107c8-df61-11e7-a617-c82a144c0a85
dca8cfb6-774e-433b-959c-096e107e70db;892b8d06-6db3-41e7-8ca2-097258a52243;7b212e92-df61-11e7-aaf4-c82a144c0a85
3617ed38-734d-464c-80af-6af4c93645b1;3acde6e4-758c-4d55-a496-c4b9b710c833;7b212e92-df61-11e7-aaf4-c82a144c0a85
cea718d0-d341-4dab-b1d6-a3fece3c6c28;8a025c2a-5d0f-436c-b083-e4e2f810faa9;7b2132de-df61-11e7-8882-c82a144c0a85
2d858e7c-4bc4-43eb-bb13-f0b9d46d4ce7;fe7feeb9-600b-4177-aa84-d6c011e0914a;7b21152e-df61-11e7-bdcf-c82a144c0a85
99309d9f-e33c-4db7-b583-7c73afb13d7e;14a65063-dadc-4658-9d82-ba0a15869605;7b2148e6-df61-11e7-b174-c82a144c0a85
57454108-5787-4efd-8484-25af66ffe3f1;e3794d00-f1ca-4141-bbc1-7a684e1004b7;7b212e92-df61-11e7-aaf4-c82a144c0a85
026bb90e-2253-463f-b9c1-abdb00280b73;5df7feb3-f49f-47f6-9d2f-501547b29d63;7b21193e-df61-11e7-8869-c82a144c0a85
ca354fa5-6ea6-40da-b560-0d5dfb76a647;bb56c88a-278b-4009-889a-318a5653cdd5;7b212e92-df61-11e7-aaf4-c82a144c0a85
aa7e93b3-59c3-43f9-8b7d-0ec9b0bcf893;95cc1ae3-c9d2-464a-b9d2-31ec4b635e91;7b210070-df61-11e7-97e9-c82a144c0a85
64734eb9-f43c-4022-8838-4f16bb7e153f;7fddf9cc-9a66-4a25-a119-6b96d05a58f7;7b212b86-df61-11e7-9f98-c82a144c0a85
0f33746e-d32a-4833-a921-a0a7e67e7464;78f0710d-99b8-45c7-9556-f6932ee36599;7b2132de-df61-11e7-8882-c82a144c0a85
e43bd014-9c9f-4881-9956-db2b3b55eb2a;0e1b0a5e-2c5d-499b-a6d4-72a544b28512;7b21152e-df61-11e7-bdcf-c82a144c0a85
36b7664a-81b0-4b27-a66e-4063e2f96349;8d105b75-617c-4c24-8150-02eaf67de786;7b212b86-df61-11e7-9f98-c82a144c0a85
4548f02f-b20d-48d9-94c1-3e67d379da1b;b5762c01-0233-40c8-8864-badbf86ab81f;7b210e1c-df61-11e7-b99b-c82a144c0a85
1c5c429e-046e-4710-86db-839748a5ebdd;486f912a-6c24-42a9-8ee7-afdf1e132c4b;7b213f54-df61-11e7-9eec-c82a144c0a85
6d9c1057-2c15-4ab2-b249-ff44418bde6b;32c93b5d-750c-414d-98cc-3db0efad2b61;7b214aa8-df61-11e7-a515-c82a144c0a85
be24050f-3b66-42af-a85c-d9414e785950;0c965aa1-fa20-4fe2-a5ed-1a8ee0f17e75;7b21152e-df61-11e7-bdcf-c82a144c0a85
75be45af-05be-43fe-ae57-c2964362defc;adf3dc46-a796-4639-b75e-396b42b96047;7b212b86-df61-11e7-9f98-c82a144c0a85
7377e310-92fc-475e-ab04-6d7bd0d37423;4ca4a784-c293-4ac3-8a12-b4454a84f8c8;7b212b86-df61-11e7-9f98-c82a144c0a85
395fb667-05eb-4faa-bee4-fb72d55a7476;f39957fa-867a-4d76-ab2a-e413ce730d46;7b20e63a-df61-11e7-b49c-c82a144c0a85
f2764f28-1752-401d-b04f-ccc6143fcb38;b8142ca0-04b1-4cc5-bd34-e55b1bd11e3c;7b211b34-df61-11e7-b235-c82a144c0a85
d9e5e608-2541-4e6f-9b52-d582c9330df7;019b3894-d359-4c5f-93b4-f53a3c6c7a56;7b21152e-df61-11e7-bdcf-c82a144c0a85
45963e07-db8f-4a94-84d4-1e62ca3e7aad;f6791237-9521-4957-a54f-7e347572682e;7b212d98-df61-11e7-95f7-c82a144c0a85
b9fe38d5-1039-4d89-8d9e-39daec67ebd6;48dfb613-a99c-4837-b993-2430f59bb356;7b214546-df61-11e7-b9be-c82a144c0a85
7a74a6f2-16d5-4b1a-b957-112a3bbf8886;2eb672e1-9dfd-4f1c-ab35-e11775cb25d0;7b214350-df61-11e7-b1a0-c82a144c0a85
57e21784-9ad3-4087-86ff-343c52451584;151ebe32-cdbc-48e3-b053-91a6f1981968;7b2138a6-df61-11e7-baf1-c82a144c0a85
97367f9b-0258-4bdc-bf30-56ccb31658ae;e725755b-d70d-4347-9f5c-cb07dad7128f;7b20f90c-df61-11e7-a941-c82a144c0a85
8088c136-ad7a-4e9e-8a38-efdf8c3bb9a2;6522ff9e-df2e-4a75-be4a-5eb093cc8fdf;7b2139c8-df61-11e7-8d64-c82a144c0a85
0d18f5c3-8f46-4085-aa12-622d7c866c74;44ad0337-ed47-43ba-9b6c-80be17c414ff;7b214546-df61-11e7-b9be-c82a144c0a85
1f7d8f3a-8216-4e7d-ab73-7d0926007c7b;22f0cadf-148e-4358-a531-579c5f5df938;7b214350-df61-11e7-b1a0-c82a144c0a85
f27a82b9-ad22-4bed-9ad4-ea9f1b6f8006;3372311a-1691-45c2-b691-caf54e999958;7b20ed7e-df61-11e7-bb65-c82a144c0a85
26e0ea75-39c5-42ca-b084-7475cb414c26;8043110e-d174-4132-b23c-66391249ec37;7b20f90c-df61-11e7-a941-c82a144c0a85
67c3c804-0761-4695-93ec-b48ddf35855b;0175d997-3cde-4b11-af1c-4d799b4c304f;7b213e50-df61-11e7-918f-c82a144c0a85
1dc6c961-a4c6-4d5c-ab09-243a016f32a6;1a48f4d1-2f58-4967-be83-8a77424e8c9f;7b2139c8-df61-11e7-8d64-c82a144c0a85
3271ca0b-b719-438e-9885-48bc14e239f4;328225da-1d39-4240-930e-a575bede0d69;7b210cfa-df61-11e7-9864-c82a144c0a85
59edf87d-8305-409a-ad9c-3416d52470aa;0b34250f-df45-4ea7-b1b2-2c2f3a96be33;7b214aa8-df61-11e7-a515-c82a144c0a85
5f1b6d85-ccac-4ab9-a0fe-51fced57586d;a807da39-2c6d-42f3-88fb-e7be0947be7c;7b20ed7e-df61-11e7-bb65-c82a144c0a85
b88ba3e8-a23f-4427-a35d-52c5f4cf2234;f8fcbaa8-b628-429d-b1be-7e6309d1d5e1;7b212b86-df61-11e7-9f98-c82a144c0a85
1710d6d1-1421-4c95-8d77-db53f6904623;5f4fc828-458c-4b40-9bf8-9ab7284892ef;7b21152e-df61-11e7-bdcf-c82a144c0a85
9725da60-bd76-46a7-8b72-3d87df884a97;f7a44f97-d19f-4c06-82f2-917e0c1e7706;7b212b86-df61-11e7-9f98-c82a144c0a85
87bba505-8c7e-4334-bc22-2e290a9bd308;73bcf939-e3b1-459a-b969-0497755c1d53;7b21193e-df61-11e7-8869-c82a144c0a85
c6077c6b-1a02-4bba-946a-6f7aab4d969e;afcf5512-f88c-483f-9818-0df0d63c9800;7b210cfa-df61-11e7-9864-c82a144c0a85
b897df6d-cf32-41f0-ae42-a5d0aed41f98;581c87ae-39f8-4ea8-822f-7f8214b196cf;7b211a38-df61-11e7-b1b8-c82a144c0a85
b8f50273-14f0-44fe-8c76-b4a093772e43;143491f6-eb9a-468c-8503-e172b0d9f349;7b2107c8-df61-11e7-a617-c82a144c0a85
c2e4a45f-07f0-49de-ba8b-a5375f957e95;15f0c8b5-49e3-471e-bc3e-129e0e35f305;7b211a38-df61-11e7-b1b8-c82a144c0a85
c3ccb0ea-7b90-4841-b5ec-ce27128da8ec;e107eebb-4b2a-47df-86c8-7f8700799129;7b210070-df61-11e7-97e9-c82a144c0a85
02e1c985-7bc2-4da6-af8c-1f60f2ba86c2;23985962-c221-4802-8ac9-9c514b6b0a49;7b210cfa-df61-11e7-9864-c82a144c0a85
dd89dec2-4c19-48e7-8da2-c1cfe75e549e;98b331c6-1a08-4c06-b975-0530ad9fe81a;7b212e92-df61-11e7-aaf4-c82a144c0a85
e52d25c7-fff0-406f-852e-096ab64a3559;67c4af84-c15e-4f21-8e3f-7fad13249b19;7b21152e-df61-11e7-bdcf-c82a144c0a85
3c0215e4-64b9-414e-a3ac-0cbdf806bd61;7571555a-dead-46b3-9930-9315990d56bb;7b212c9e-df61-11e7-a12b-c82a144c0a85
6c117aab-b4d0-496b-b32e-94e3a65f9eaf;4d683558-8c60-4a37-8398-b863e2c2f7cf;7b214350-df61-11e7-b1a0-c82a144c0a85
37725e1d-2bea-4059-bd70-bf7b5bd0e5d8;c52b0b41-a1ff-4560-9ab9-007ae4bd6a70;7b2138a6-df61-11e7-baf1-c82a144c0a85
73cf0f92-3b1c-413f-9000-fd1d4ca9f91d;a86a46f8-6332-420f-b2ec-db9ecd2c7561;7b210070-df61-11e7-97e9-c82a144c0a85
de7ad82f-c067-4e02-86f9-13f515599b34;b2443e35-5cce-4547-8b83-73c0a0e867f4;7b20e8d8-df61-11e7-8928-c82a144c0a85
3003d8e3-17f3-401b-8dbe-7f386b608e43;03d8e1d3-a0e7-4e92-8937-4a3d4d50445a;7b21152e-df61-11e7-bdcf-c82a144c0a85
d3458969-5ee0-4e38-996b-ab9b25e9d03a;a065ed34-f158-4dd8-ab5a-12417be02fc9;7b21152e-df61-11e7-bdcf-c82a144c0a85
3d64c273-c457-4207-b7af-31b352a449e1;dc0603f9-6448-414e-9eb6-707252f5f50d;7b211b34-df61-11e7-b235-c82a144c0a85
1ac52c4f-4219-47d4-9ad8-6dcb4f66455b;3c0a0f40-b25f-4925-9788-514e41bb3fa4;7b20ed7e-df61-11e7-bb65-c82a144c0a85
1b165c81-30d1-495d-a0e1-8a8f04723a97;83336c97-927d-4b40-a65b-92d3ea833c83;7b21152e-df61-11e7-bdcf-c82a144c0a85
b80e02d6-b0ac-460d-98eb-74954eb08251;24cf8712-6786-48c6-bb67-b9497af74a99;7b212e92-df61-11e7-aaf4-c82a144c0a85
e76c6f78-3e74-43f4-ba6f-41de575923b2;2c9d2a8f-cd9e-4f94-bd28-2bea5fd44bc4;7b210cfa-df61-11e7-9864-c82a144c0a85
6bd963f6-e639-4510-802b-e1211362c6c8;2ddc7d12-a3ea-472d-8665-aa67d523eed5;7b2139c8-df61-11e7-8d64-c82a144c0a85
9b0cd2bb-9493-4659-8237-c1c58679b778;bbae6016-9377-4cd3-91c6-f31ce0cb65f6;7b212b86-df61-11e7-9f98-c82a144c0a85
ed1bb8e7-a3fa-4e6c-b214-a8a647472ba7;a8172397-04d7-4809-bf40-58ea285eee9d;7b214aa8-df61-11e7-a515-c82a144c0a85
11be7e5a-9e7c-476f-95a6-5a52ea6da160;c891cf03-4a00-47c3-93b9-27685026b62c;7b20ed7e-df61-11e7-bb65-c82a144c0a85
cc82d67d-4302-4c53-ac73-001d83600a52;10af4d1b-a36e-4b37-8e4d-d234d175d1f2;7b2138a6-df61-11e7-baf1-c82a144c0a85
4e585457-d435-4ce7-a7ec-864d9a410fc4;281d01b2-e8e2-4b90-adea-aa1b6ca5df16;7b210cfa-df61-11e7-9864-c82a144c0a85
c7ca79a8-49c9-47fc-a603-e4589fe06f24;04eb2d96-7259-4f46-bcb9-a17500c60175;7b21152e-df61-11e7-bdcf-c82a144c0a85
5b9a80ec-38ce-4c88-9e1c-b43f0d585b4f;ae3991f2-e51c-4c8e-98b4-46761fbc23c8;7b213c18-df61-11e7-9e2c-c82a144c0a85
a2aa9ccc-0788-4c52-aa53-6599af53a85c;9563d62c-d8c7-4a6d-8901-409e113d4b5d;7b21444a-df61-11e7-a137-c82a144c0a85
9c391ef5-6ab1-47b7-aca6-0f125edd581f;db556c66-e04c-4e9a-aa48-8b67849f33ef;7b2138a6-df61-11e7-baf1-c82a144c0a85
5a76fd92-c2b7-4ac3-9cf1-8e0c0591f90d;58d814b3-4b1f-41d7-8dcf-ff73e6ba5bd5;7b20f90c-df61-11e7-a941-c82a144c0a85
518825c6-f192-4405-823a-64a1d24fedf2;ac647171-61f5-4e11-829f-94f2f10632bb;7b2138a6-df61-11e7-baf1-c82a144c0a85
85b308c7-440f-4f28-82ad-53e16ec1be84;805c3362-f061-4e39-89e8-6397ab590d3f;7b2138a6-df61-11e7-baf1-c82a144c0a85
53fcfc30-1ce8-4879-9123-0f34d80d113d;5d4d0b6d-dcc8-4840-855b-307d919f7b74;7b210cfa-df61-11e7-9864-c82a144c0a85
3b4c7cef-08ce-40dc-bd17-02a67dc01e11;18fca2e8-a5bf-481d-b5a6-db322835370f;7b211a38-df61-11e7-b1b8-c82a144c0a85
41b5ef7f-9d27-46cc-8334-6da0cd49f4ed;ee7f2bc4-21ac-41b5-b5ee-b3a03df1e7f5;7b2107c8-df61-11e7-a617-c82a144c0a85
302479cc-2b90-43ee-952b-753cb330f0f3;3afd81b0-7282-4792-bb76-8470ca8a0132;7b2138a6-df61-11e7-baf1-c82a144c0a85
36f86ae5-153b-43ce-94c7-f95141ac4a7a;56851cc5-3e12-4ecb-9f83-c9bf408fc3de;7b212e92-df61-11e7-aaf4-c82a144c0a85
2ad7f697-8f56-4656-9669-4f19b0e55220;01db3326-738f-4450-b0fd-ad826bbd4a50;7b2139c8-df61-11e7-8d64-c82a144c0a85
6ec065d2-01ab-453e-b741-aa4721733a4b;4d631bc9-9f7f-4e32-9268-779e5f3266cb;7b212e92-df61-11e7-aaf4-c82a144c0a85
4fc02a71-ac8b-4363-a1a4-0312c97a9d87;7ae0a9a1-4691-4b1e-9290-2fbca4915bd3;7b2138a6-df61-11e7-baf1-c82a144c0a85
540ee9d8-bfb2-4dd8-96a6-23a06df3f580;934bc7d7-f725-49a1-98d6-ca218304511e;7b2139c8-df61-11e7-8d64-c82a144c0a85
97757a8e-7409-41f1-924d-217d90d814b2;56fa306a-9573-40cb-a6fa-e34bc367bd62;7b1a2ee4-df61-11e7-a2f6-c82a144c0a85
a1044982-1a40-44b1-9201-2e1762b24db7;d3ee9e18-d516-41d3-ade9-cf03efa0f06b;7b20e8d8-df61-11e7-8928-c82a144c0a85
a041bd88-f9bf-475b-8cce-8db10c4ea5eb;3c255e94-bb7a-4603-9d02-0abdda8e84aa;7b210cfa-df61-11e7-9864-c82a144c0a85
a44ce5d6-3a58-45e6-b625-fa4761fbcb37;f099ebec-344e-4c74-ac9b-6e321d4bf545;7b20ed7e-df61-11e7-bb65-c82a144c0a85
629c5cee-49da-42ff-a76b-bd0dfa68fa30;33e56f00-631d-4d4c-8f4f-eb589a19508e;7b20e8d8-df61-11e7-8928-c82a144c0a85
33b56125-3d82-4a41-8091-e8c68f83ff03;4e734f86-e91b-4a0d-89e8-5d4a0053e323;7b2138a6-df61-11e7-baf1-c82a144c0a85
8d21ef6e-fc8c-4e17-85b0-16128cefb183;5333908a-4a86-4a93-a685-7edae3c4837e;7b210cfa-df61-11e7-9864-c82a144c0a85
71fd95b9-1bd8-4b43-9338-b6f52586a830;8fa2d3da-485c-4a3f-9665-453747c6c369;7b210070-df61-11e7-97e9-c82a144c0a85
e9846b47-dd31-4c2c-9817-f5d00029eb7c;4ba91a6c-ed53-4363-9bb2-ddc9757cb450;7b212c9e-df61-11e7-a12b-c82a144c0a85
5fbbeccc-a611-452c-9f83-e48a5aa86fda;4bcd28fb-25b1-4523-9a34-ddc15d9424ab;7b210070-df61-11e7-97e9-c82a144c0a85
7672d203-88a7-4615-b016-238a1f3ef5b6;d0bae3b3-251c-4925-9ef6-975e7dcd3d9c;7b2148e6-df61-11e7-b174-c82a144c0a85
8f0cb27f-813f-4227-85b8-318179d6b75c;84678bbe-19e4-4fa1-b2da-5978e44c9752;7b21152e-df61-11e7-bdcf-c82a144c0a85
b5955f47-d405-44d7-854e-78d1da5f3387;2600cfd7-0d23-4251-a411-2325cc1f0e9b;7b212d98-df61-11e7-95f7-c82a144c0a85
4bef4d94-747a-490d-9e66-dc334d3baee7;d3256e7c-091e-4998-be66-07ae6c1af02d;7b210cfa-df61-11e7-9864-c82a144c0a85
08a1ed40-ff0d-48ea-abe8-08cc7e509eee;834a91bb-14ac-4ae5-befc-489ef2ec4ed8;7b211a38-df61-11e7-b1b8-c82a144c0a85
875b55b3-fd69-4914-80e7-59db450a9ee0;c2e75c43-ebe3-4ad5-ad72-acf1ea877f97;7b210070-df61-11e7-97e9-c82a144c0a85
33e3d919-601f-4e16-a5d4-27a88a736933;bebc67f8-d23b-40a8-b718-e27b9f06ac47;7b210cfa-df61-11e7-9864-c82a144c0a85
5e876ab4-d46c-4799-b985-30c532e41a9b;d939b683-3fb0-4f79-ad50-ba4cff1cb348;7b2139c8-df61-11e7-8d64-c82a144c0a85
fa6163e9-0b06-433d-a889-829a23a8d09c;faabbe9d-b16c-4098-a1b5-b639f852d2e0;7b210cfa-df61-11e7-9864-c82a144c0a85
3cde868d-adb2-4c62-8a0d-8229270ea971;fa5ab7b0-cbc1-4f3e-bb79-98db0a4db956;7b212e92-df61-11e7-aaf4-c82a144c0a85
8f903836-ac86-4bc1-b778-b34cf1885597;4e47f98c-4cbd-42e8-9c3d-8b5c429318fc;7b211a38-df61-11e7-b1b8-c82a144c0a85
9321bf89-162e-4dd2-93d6-e6b4cc7d1982;50e2b81c-9076-44b7-82a0-34a5a626adb0;7b2148e6-df61-11e7-b174-c82a144c0a85
5a1b0ab6-e035-49e4-b8ae-36b3327d9e3d;bc2e442a-20dc-4403-abc9-23d42c0b048a;7b213f54-df61-11e7-9eec-c82a144c0a85
ced4afbd-1521-4ca0-8fd7-6fe5dcc55c1f;c1bcee11-1de3-426c-9879-f0b8427cb078;7b212d98-df61-11e7-95f7-c82a144c0a85
b13d4d56-df7e-4de4-965f-15b6d5f3ea19;2cf167bb-3c84-486f-9c61-f4ec8f3c9dba;7b212b86-df61-11e7-9f98-c82a144c0a85
e5819cfb-d48b-41bb-8774-5f573d6d6f4f;882efefe-7aef-43b0-adfa-a945c485727e;7b211a38-df61-11e7-b1b8-c82a144c0a85
21c56026-dbda-4527-8afe-a90a907dda1c;3191b8c7-9ad4-4a96-b730-deeddbfd642e;7b2138a6-df61-11e7-baf1-c82a144c0a85
a64f7a81-0908-45eb-9456-6cbf2a20717e;1d0dcb96-5840-4530-9474-1552156cb7f9;7b211b34-df61-11e7-b235-c82a144c0a85
047a42c9-6d9e-498e-888e-513265afb536;b6251611-9221-45c0-b142-df02fd0ff358;7b2138a6-df61-11e7-baf1-c82a144c0a85
7f469af5-648c-429b-85b4-8482fc337819;13e51d92-f034-4fe4-963b-33ef9b60cae4;7b213f54-df61-11e7-9eec-c82a144c0a85
4335e0a0-d374-41a2-b311-45fb43c891f3;0153e29b-6070-4290-b654-7bed26db8caa;7b20e63a-df61-11e7-b49c-c82a144c0a85
eefed09c-ee3f-472c-9fc0-3e66bd6d89b3;2af58840-0c7e-410d-a5ff-21d87ba70c40;7b2138a6-df61-11e7-baf1-c82a144c0a85
221d1b4f-c2a6-4cff-ad23-d8ccffff94ae;86fc06e1-128a-4be7-b716-eef18af6a653;7b2138a6-df61-11e7-baf1-c82a144c0a85
c93e83d5-ae90-4cb3-b25f-6d62908fd7c2;2f37756b-96d6-4994-9f2c-210783d977f3;7b20e63a-df61-11e7-b49c-c82a144c0a85
b9446814-a286-42dc-a8a5-de084cfcaba3;88053b11-46cf-4f51-8c4a-329d5b2085fd;7b213f54-df61-11e7-9eec-c82a144c0a85
7956f2a7-32a6-4985-bb89-909c52ea75e2;e45e74cd-75df-4d48-b595-4cf645dd4a62;7b210cfa-df61-11e7-9864-c82a144c0a85
5a93c9ba-b1a6-40e8-9a4a-103d2254dea9;8163ebee-c2c4-4d51-a42c-5f2bac5e3251;7b212b86-df61-11e7-9f98-c82a144c0a85
a4f0d605-992d-4623-92d6-ad00ee386acc;b7d2f68b-2eca-4039-be4c-49cc0510f545;7b2138a6-df61-11e7-baf1-c82a144c0a85
d94b4bc0-2e05-4d2b-a282-ad71b0ded161;fda6e23f-cd4c-4180-9497-05327b1aa259;7b210cfa-df61-11e7-9864-c82a144c0a85
af2e952e-898d-4472-9555-b54715ab20dd;4dcd14a1-41d2-4186-9c4e-9babb785f5e4;7b20e63a-df61-11e7-b49c-c82a144c0a85
2d5702b0-736a-4e72-af1a-d99ae3088a88;a9c76007-528a-4dd3-a928-9e921e42a303;7b210070-df61-11e7-97e9-c82a144c0a85
f70230b5-ed98-4dd4-85bd-af3a4d7f43a6;db9c487d-fb13-408e-8edf-40ffc14cabac;7b210cfa-df61-11e7-9864-c82a144c0a85
3cd633fc-87ff-4ad4-af78-331e09599f25;2d5a1f1a-a8b0-4b18-ad86-0c92526e941a;7b21297e-df61-11e7-8546-c82a144c0a85
eb3d93be-0724-4614-9606-6d8fedfe6d44;f5bc5725-9e78-4e08-a77f-c66861940633;7b2138a6-df61-11e7-baf1-c82a144c0a85
aede23e9-ea80-4569-a090-4d213791d86a;81ae92e4-2055-456e-a2e3-317adcafd3cc;7b2138a6-df61-11e7-baf1-c82a144c0a85
8da955ba-84c6-4ac3-81b4-87f3f861652d;8046c6e8-ac4b-44fe-a7cf-a7d040497c42;7b213f54-df61-11e7-9eec-c82a144c0a85
c7c8e78e-ed6f-4b9e-ad96-3e4a3bae30b5;9b098be6-e5b6-4c0f-bd3e-35ba86e4bfab;7b20e63a-df61-11e7-b49c-c82a144c0a85
f4761bc2-b781-4dbd-bead-edfb726f14bb;633868ea-1dae-47d1-826d-b9e7bb8b9c40;7b212f8c-df61-11e7-bef6-c82a144c0a85
6e7f0201-d185-44ab-a594-d9b9fa39cac7;d1d4dd5e-8ae1-4b46-8cbc-f142b996c6bd;7b20ed7e-df61-11e7-bb65-c82a144c0a85
c111c8d1-7d8e-4e46-bc3d-26e9116c1f9e;02eed7d0-dd8f-430f-ad2e-b9e7a78daf07;7b20e63a-df61-11e7-b49c-c82a144c0a85
1d827592-ed07-4496-8458-b307ccc1b6fd;5ec25ae2-738c-4d69-99ae-99a66b865f20;7b21152e-df61-11e7-bdcf-c82a144c0a85
af01a4cb-71b8-40f3-b82b-74632212fde9;39e54f2f-d27a-460e-9416-0a43ae042317;7b213b12-df61-11e7-b867-c82a144c0a85
a388e9d1-361c-4624-9c35-221fb34893b6;3d2e45bd-0202-4afb-b065-3bae366b7a5d;7b2148e6-df61-11e7-b174-c82a144c0a85
5a2ca15a-6d16-4814-b5f6-b962a6e22820;a4837c22-107b-4934-b3d2-4c8df5ff97b9;7b212b86-df61-11e7-9f98-c82a144c0a85
518e8818-bc87-41c5-a073-bb323735f99e;4b0bfe45-8226-4bce-9ed8-1335e2293b4c;7b211a38-df61-11e7-b1b8-c82a144c0a85
ea14cb08-dc28-44f9-a59a-7e8ba0cd7e0c;f85fc922-8e44-406a-9cb2-ab508229040a;7b211a38-df61-11e7-b1b8-c82a144c0a85
943822a3-d22f-42e0-8fb2-afebcb8ea1a7;e034c2b2-5e00-40bb-8fc3-e9fdb8c6d129;7b212b86-df61-11e7-9f98-c82a144c0a85
fd0105f1-9811-40e3-8db3-e63ae5b0d90a;9e8d1f74-8074-4fa1-aa9d-b58578df91d6;7b212b86-df61-11e7-9f98-c82a144c0a85
aa32c52f-8e0f-4198-b661-910dd2ad7bd2;a76a3cd5-9acf-4af8-b7c6-e43a1390f685;7b212c9e-df61-11e7-a12b-c82a144c0a85
8361da51-5f36-4f00-aba7-cebc2ab9069a;e26b31b1-7daf-4eea-8ae5-d145e272f4af;7b210070-df61-11e7-97e9-c82a144c0a85
268d409b-abb4-425b-a589-cd06844e6d00;b8a730ac-7c7b-48ed-bcd6-cdde1281aaa3;7b212d98-df61-11e7-95f7-c82a144c0a85
e937ac21-dd85-4bbc-aa69-9ef87337ce8e;7cee3bf5-5a8e-4827-bd4a-ab00389fe6b7;7b210070-df61-11e7-97e9-c82a144c0a85
e1a6e799-f670-4c08-ab31-0d08c1788053;8c272470-70e3-45a9-9c70-b1622470196a;7b212b86-df61-11e7-9f98-c82a144c0a85
99296c5b-7622-487c-ad87-a34df4a6b35f;796a4e97-4375-40ce-a560-57c847e74835;7b212d98-df61-11e7-95f7-c82a144c0a85
c37e21de-6ebf-4d06-bd57-b9cc0e180a46;f96b3e16-d90d-4100-bf33-18452bcf17da;7b211b34-df61-11e7-b235-c82a144c0a85
aed0bb3b-ee4e-4fd0-8572-e4d9fc87c7c1;1a212c92-312b-4b9b-b516-3da547c48a5c;7b210cfa-df61-11e7-9864-c82a144c0a85
3f563ec5-0874-4199-9959-79bd88ba4c36;4d21d988-ed98-475b-bef9-e9f7d8cb6bd9;7b21152e-df61-11e7-bdcf-c82a144c0a85
a3f00f98-f581-4f61-8ac6-71270885d289;0bad1e6c-d0b4-44c6-9c07-bb4fc06a62d0;7b212e92-df61-11e7-aaf4-c82a144c0a85
8e2ef98c-d91d-43e4-aa16-216538b4d5dc;e7423e5f-a29f-4a01-869a-8d8cc62e7b5d;7b212c9e-df61-11e7-a12b-c82a144c0a85
03264a70-5926-4037-afb9-911c793ee72d;4d9bd3fd-0f44-45b7-b24b-19e98d8a403c;7b213c18-df61-11e7-9e2c-c82a144c0a85
b559a8eb-cdab-40ea-ad4a-6cb3021f9983;012edf3a-0c14-42ba-acd1-de247abac996;7b21444a-df61-11e7-a137-c82a144c0a85
28b96a45-4efc-484d-8858-4306a08ae3c0;a6668884-42d4-44e4-bb74-90c00e7d704f;7b210cfa-df61-11e7-9864-c82a144c0a85
acef034f-4087-4f14-aeda-85787359d0e7;57e5907f-d302-4ab2-803b-f61f67490154;7b212d98-df61-11e7-95f7-c82a144c0a85
5718cc46-600d-4b2f-bda6-da9132b8ba96;9060f86c-3100-4000-ad67-4903933eec9d;7b211b34-df61-11e7-b235-c82a144c0a85
fd6f17a6-deb6-4836-bc31-7fbd7f97c2c7;0b9fb4d5-fe06-403b-b3ee-73334d0639a5;7b212d98-df61-11e7-95f7-c82a144c0a85
d0107f5e-44c6-4dd7-b1d4-3d09d01db0cc;1d4bcd81-626e-467a-b2b5-fc0684a4e5d5;7b2138a6-df61-11e7-baf1-c82a144c0a85
664d86cd-97b9-436b-9032-26834b0b4762;c89bf323-c5ee-410c-865b-7b6a6b3b36c0;7b212e92-df61-11e7-aaf4-c82a144c0a85
3aec820a-24d1-4511-8add-4639594fa07e;a69db216-074d-49f4-b251-7a17a5cc09a2;7b212d98-df61-11e7-95f7-c82a144c0a85
19f6415b-ece1-44d1-bf98-143bbdb56391;8aa10272-8b34-4cb8-bb94-c481f3c2f5a5;7b20ed7e-df61-11e7-bb65-c82a144c0a85
3fba6964-5ed2-4639-a290-20a0f141f6b3;fdafa2ab-9d83-4041-86cb-e1440014dd9a;7b210070-df61-11e7-97e9-c82a144c0a85
7a112db1-0c68-42db-8354-08e07b3fbdb4;e71b44b2-19ce-4840-bd00-1c3fabab81df;7b211a38-df61-11e7-b1b8-c82a144c0a85
9b86e931-46f2-4c9b-9d4d-6dd3d19e1bc0;1e12f2df-4bc6-44e4-bea0-f24b48c2c72c;7b214350-df61-11e7-b1a0-c82a144c0a85
19b4c93c-48f7-460a-93e3-21849c00ddec;6fd31863-199d-451c-a076-c3b0e64bb88a;7b212d98-df61-11e7-95f7-c82a144c0a85
303d95dd-7611-4be2-9c9a-e9a7b112d37f;d861d57c-85fc-4a9a-90c1-3163062d609b;7b210cfa-df61-11e7-9864-c82a144c0a85
353177f3-c297-4e74-8ff5-e4bc004ed5ee;818e62cf-29d8-4d05-93cb-c1bde203d31d;7b214350-df61-11e7-b1a0-c82a144c0a85
d97e9ea4-1100-484f-a855-34d93ff4eedd;bc6fa428-c889-4f38-b3bb-6b9e0be49f58;7b20ed7e-df61-11e7-bb65-c82a144c0a85
9beb32b4-280c-493e-8478-6414032f9458;38e0ee15-75a2-422e-a7e1-89598e477cd6;7b2139c8-df61-11e7-8d64-c82a144c0a85
21320c16-6dc3-4aa7-82ce-8cb1d39d3fb6;ecee3443-9fd3-442e-832e-376a15488e14;7b212b86-df61-11e7-9f98-c82a144c0a85
3aca653b-3627-4373-9211-c04bdea8170d;cfadd52f-de81-4466-a8a8-5d43276f925e;7b210cfa-df61-11e7-9864-c82a144c0a85
53ac3ea5-686d-45c0-bfc9-0d78be1d48f8;e01c2b97-ec0a-4ea9-ae85-70f845ec0d57;7b211b34-df61-11e7-b235-c82a144c0a85
420105f4-c2a3-49d6-bf3d-8369a43ccf5e;639d5342-042a-4e8c-b2f7-23a13a6de86d;7b2148e6-df61-11e7-b174-c82a144c0a85
0cd1c3b3-33e0-44b2-8ad9-1546f3bf3c6e;45c727d8-f5d8-4a21-9d9d-ae951a390c86;7b21193e-df61-11e7-8869-c82a144c0a85
6c4447f8-5360-4f1f-8188-6698ea0b294a;ae23e086-77b9-4295-82b3-701d4c70abb9;7b212d98-df61-11e7-95f7-c82a144c0a85
08f55ae7-77fb-4706-aeb8-49bace580246;9e3b768b-4f56-4867-8931-2c07cee5f42c;7b21152e-df61-11e7-bdcf-c82a144c0a85
7a086104-98f6-42d4-8c2f-32518695aa9b;92355e1e-8934-4e25-ac0c-de8d176dd26c;7b2138a6-df61-11e7-baf1-c82a144c0a85
4c07e9bf-688f-469f-b5e9-6ef52da78aae;1b0d755f-50e6-4f6d-884f-d72f8977ab79;7b21193e-df61-11e7-8869-c82a144c0a85
0f6040bc-6ea5-4a6c-bf55-cac3b48f0b06;35b54c1e-8c7e-4ba8-86ee-c8378c19b1ea;7b212e92-df61-11e7-aaf4-c82a144c0a85
b122524e-7eec-4542-8677-8c55ba30e3df;93cf07c6-4be7-488a-b63f-623377fa713c;7b210cfa-df61-11e7-9864-c82a144c0a85
48f77a5d-f0e6-4dd0-87b5-ea11ae99fff2;8ca3a5e8-6eab-4c18-b4ec-8075f0b03e1a;7b212d98-df61-11e7-95f7-c82a144c0a85
90f8e7ca-026c-4c29-85ad-25bbfb3c6182;8a8cc51b-dc42-4c47-98fa-560a13763874;7b211a38-df61-11e7-b1b8-c82a144c0a85
3928f826-6b5f-4f46-89bb-b65d0ff275a8;a9b60d49-437d-446a-ad2c-70960cecc60f;7b213c18-df61-11e7-9e2c-c82a144c0a85
6b495ad3-f16e-48f1-9856-0c998dfd3620;c7de150c-31a9-49ae-a600-c1bc6324eb3f;7b21444a-df61-11e7-a137-c82a144c0a85
14d98b5f-d837-4faf-b582-a7c66a9cdc46;48e38cf7-0a3c-43a4-8ce0-e95cd5375ec9;7b210070-df61-11e7-97e9-c82a144c0a85
93077d2c-cf0c-4f43-bd2c-2066a3ef1ec7;b53d36c8-e047-4ca2-9e73-096ecac417ae;7b211b34-df61-11e7-b235-c82a144c0a85
54cfc613-dea7-48b1-9b4a-ab867c8439b2;294e70c0-21c8-41ad-b616-a029717f0f6b;7b20f90c-df61-11e7-a941-c82a144c0a85
883bc85a-d4eb-4a2d-aeac-1a6f2342fdfa;e60f341d-11a2-4a90-a3ee-17c8a3689f86;7b210cfa-df61-11e7-9864-c82a144c0a85
0dafff92-e6fd-4692-98e5-e2271a3d1b62;f96d9a4a-73d1-47fd-bb1e-82add4517b71;7b21152e-df61-11e7-bdcf-c82a144c0a85
3cecc93b-a821-43e3-942b-902541d4072f;759dd677-421c-41b9-9a90-7ee03be33d4b;7b210070-df61-11e7-97e9-c82a144c0a85
5fdae414-3afe-4ce2-b4bc-afa4b5f23405;bdbf6d6b-1baf-4a48-b57f-819c13448207;7b20e63a-df61-11e7-b49c-c82a144c0a85
f0458bd2-a45e-4540-90b1-42676d457f65;a0c419c1-8899-43ce-bb63-3dbe9ff558b8;7b210cfa-df61-11e7-9864-c82a144c0a85
b29127ac-8bc0-49a8-8ce5-1b2155cdccfe;326fbc3a-d171-4bce-ab4c-549da279cc11;7b212d98-df61-11e7-95f7-c82a144c0a85
06cecef5-2398-4371-9126-4b7878cced7d;8f1617b3-43cf-4ba6-a1de-de6d625749ff;7b211b34-df61-11e7-b235-c82a144c0a85
1fc39c9c-5f77-4684-a20f-a24eb5dd4ce5;2280c4b0-05fc-40b6-8b10-83f9651eb420;7b210cfa-df61-11e7-9864-c82a144c0a85
9accd2ba-fe01-4e3b-9f8c-4bd1e116a10b;d1d5fbcf-a4e5-4edd-aac6-ccd6b6c00309;7b212e92-df61-11e7-aaf4-c82a144c0a85
1f5a61db-2e66-4f5b-8a9b-591bee8f5f8d;330d0ba8-c39b-4a3a-938d-ae914ce533bb;7b210cfa-df61-11e7-9864-c82a144c0a85
6f71b2e5-8cc9-4104-87c6-347ee4424695;1976a8ca-4fc4-441e-ab7f-9e1a7d7dfdf1;7b20ed7e-df61-11e7-bb65-c82a144c0a85
193fcc71-cfcc-4429-bc15-493d14f45285;4813aab2-eea0-4389-866f-941b1cffd107;7b212b86-df61-11e7-9f98-c82a144c0a85
d1bb4643-c413-43b7-9ce2-620f813ab95d;6bc57b05-f950-409e-bf9d-0043f8845dc1;7b20ed7e-df61-11e7-bb65-c82a144c0a85
bdbd7399-6de9-4c55-9143-cc358b3a6123;ba36381a-4325-4fab-8520-4f5fa7ddd611;7b2139c8-df61-11e7-8d64-c82a144c0a85
672b9595-38d3-44d3-995a-b2dcfbd92529;e413cca2-de0a-44dd-bcd9-73aa07ce445b;7b212e92-df61-11e7-aaf4-c82a144c0a85
bc939a97-4994-4a7c-aedb-2eaafc8ae77c;72a66b9b-a2b5-4371-a434-f46471bab110;7b20e63a-df61-11e7-b49c-c82a144c0a85
5b705606-6744-4a41-af36-229294094d26;96d77be8-476c-4ec3-9bf1-cfac92d21450;7b20ed7e-df61-11e7-bb65-c82a144c0a85
14d1e090-61ff-4df2-bbbe-7043007df3b0;91ede7ec-78c7-42b0-9423-21d0ef4751d2;7b210cfa-df61-11e7-9864-c82a144c0a85
4119b828-dc75-414a-868e-95c211124dc1;b6b16fa5-987c-4097-adc2-83a9c3d6150a;7b2138a6-df61-11e7-baf1-c82a144c0a85
3793ea69-a4fe-4ac3-aca4-6ec22bea6f33;bba0afe3-1f3a-44a0-a76d-81d7c326c7f2;7b210070-df61-11e7-97e9-c82a144c0a85
c2caa2bf-7610-4043-ab07-e3c42c2db784;4887618f-3b40-431a-b5a4-106760235532;7b212e92-df61-11e7-aaf4-c82a144c0a85
28ecca6e-1a36-42b0-880f-0c44c8d368f6;e165e64e-c919-48b9-8e70-866ddf00de77;7b21193e-df61-11e7-8869-c82a144c0a85
bfafb2f4-30b9-4ed0-a049-81662e38c99f;573d5d0b-d109-4f36-8d9f-ff8a8973c966;7b212d98-df61-11e7-95f7-c82a144c0a85
d42664c6-fd36-47f3-83bc-53057b7abe70;00986c2e-cbe8-4038-ab3d-477580ad2a14;7b21152e-df61-11e7-bdcf-c82a144c0a85
dc920f73-e030-4ad6-9766-0ca6b589bb40;dbaa58fb-f560-4473-af99-2e935b386b24;7b2139c8-df61-11e7-8d64-c82a144c0a85
a59a94af-d274-4643-a460-0942647f851d;4ac83011-8391-4b17-ae05-ccd3c6806d3c;7b213f54-df61-11e7-9eec-c82a144c0a85
d80efdd6-c010-4446-873b-a0153cb439d3;54ad1195-0c7e-4958-a3d0-317631ea0f4c;7b214546-df61-11e7-b9be-c82a144c0a85
bf8aabdc-2c9e-4b6b-b4b2-2e1356190ddc;1c86101d-5145-4444-b744-bbe619b440cd;7b214350-df61-11e7-b1a0-c82a144c0a85
756acd8b-5fc9-4abd-9bdf-a7db41eb10e9;032d3911-058d-4e5e-bf5d-c97a3c002558;7b212d98-df61-11e7-95f7-c82a144c0a85
dcc83dcb-4988-4d50-9072-3d78795c6c7d;6d44deb6-84a3-4555-a682-ff93fe7880cb;7b21152e-df61-11e7-bdcf-c82a144c0a85
6b2c61ce-6f63-4f06-bd47-852c9bd24c40;2526418a-6cd5-4c7c-aec5-300879bbc2b4;7b2148e6-df61-11e7-b174-c82a144c0a85
60b87270-2f5d-4618-b233-f1b9bcac1af3;48c274ff-bc93-40d8-8a68-b70f3fd273aa;7b214350-df61-11e7-b1a0-c82a144c0a85
fdd0c573-fc3a-44a6-8220-94d24f85d53e;f1bce628-b01b-41e8-8c72-735be555a182;7b21152e-df61-11e7-bdcf-c82a144c0a85
7d6f5b2b-da46-439f-83d4-214f6cd65e5c;db66ab4e-127e-4e5f-952b-5c75154314a4;7b21152e-df61-11e7-bdcf-c82a144c0a85
d9d8fd2b-38fb-4be7-afaa-1131c913faa3;9940423e-70af-4047-85c9-328ad09220c7;7b212e92-df61-11e7-aaf4-c82a144c0a85
36563cc2-136c-429b-9b2f-9d06a1edd6ec;ec1e2195-0634-4c4d-be90-1c71d408ff73;7b211b34-df61-11e7-b235-c82a144c0a85
3c31e24c-d618-46b5-ba43-b989e893c06c;cb7d2359-f37f-4bed-ad77-2b9378dc3d5c;7b2138a6-df61-11e7-baf1-c82a144c0a85
2b2b2764-c44f-40bc-a9ad-6fc23cca22cf;2c129423-cce8-411c-b637-dfdadda3861a;7b21152e-df61-11e7-bdcf-c82a144c0a85
8fce54c0-0e24-49b3-ac9e-8657603a67d4;6e7f3957-a78a-482f-88ed-776382e3970b;7b212d98-df61-11e7-95f7-c82a144c0a85
e4377f6c-55be-48ce-8820-5c74f5dbb7fa;f45a445b-c42a-4f20-9724-6fc4d27c5eec;7b211a38-df61-11e7-b1b8-c82a144c0a85
e7abbb4b-a459-4240-8661-7d0e9b70054e;1f6a7530-aacd-433b-ade9-edb7e9672969;7b21152e-df61-11e7-bdcf-c82a144c0a85
51f26e53-1cf8-487b-87ee-ff50ac3f3828;e07c33fc-c317-41ff-aecf-d05c3c9f87fe;7b214546-df61-11e7-b9be-c82a144c0a85
3448dab6-4d32-4a60-9c41-c00b6b94e632;a9fe6629-5bbd-4c29-bfa0-18a9dc0da8bc;7b214350-df61-11e7-b1a0-c82a144c0a85
5b0080bb-6eea-4b4d-a363-442d2efb66e9;86550ad2-4e30-47ff-af82-0fcd06eb3c5c;7b2138a6-df61-11e7-baf1-c82a144c0a85
aa328f91-dee1-41da-955e-3f99965aab9b;31722abb-c67a-4756-89f9-d503cb2af5bf;7b21193e-df61-11e7-8869-c82a144c0a85
c1f061dc-70b8-4788-ab06-e337cb7c4ab9;6bfad724-2a2d-46ca-981b-dc26b24bef99;7b211b34-df61-11e7-b235-c82a144c0a85
1cdf93dd-8bae-4404-8029-e8fcc37369ab;90904dd6-4b94-43f3-a2fe-d1636173f7a7;7b212e92-df61-11e7-aaf4-c82a144c0a85
faf86cbf-2a3b-4c91-b6cd-fe6ef453149c;aa0b9081-7891-4ddb-aef2-77376e6e8ebc;7b20e63a-df61-11e7-b49c-c82a144c0a85
2fedbbc9-0f60-4b87-9032-e6c469609645;c872ea6a-e223-4c11-b32f-5d3dbb409c58;7b214aa8-df61-11e7-a515-c82a144c0a85
30417a7e-ab5b-4e4f-b0e3-880e96e501b8;d5fea417-c4d2-477d-91f0-9008cfde3f97;7b212b86-df61-11e7-9f98-c82a144c0a85
de96fcb9-4e13-49ee-8f6d-dbc0d0130748;24d46e21-13b5-4bbc-b39b-b114d139986e;7b20ed7e-df61-11e7-bb65-c82a144c0a85
50b1c9d2-87d4-430c-8fb2-23e621a9a106;5d80e099-472f-4aeb-a5a8-43ba7d86bd39;7b212c9e-df61-11e7-a12b-c82a144c0a85
175f21d4-229e-4707-84f4-eced7b14ebc5;d2670bdf-cb51-44fb-a454-660613886c50;7b212d98-df61-11e7-95f7-c82a144c0a85
a426056e-d434-4b59-be29-866575c6276d;79e96687-47cd-4741-b0b3-39b61fc8ea18;7b212c9e-df61-11e7-a12b-c82a144c0a85
780aec47-5d24-4d62-9488-7194f05e0a86;2eacde49-a5fe-4d45-8234-faf1d61aa97c;7b212d98-df61-11e7-95f7-c82a144c0a85
35d1f958-13a7-4d72-bf38-443c9c33209a;5bf1941e-3dcf-4ac2-8d63-743fb4422232;7b2148e6-df61-11e7-b174-c82a144c0a85
01764985-827c-4094-8aa5-0aca692ab7f8;4df80e3d-1466-4e28-a47d-f38c2e3f6cbc;7b21193e-df61-11e7-8869-c82a144c0a85
f7e87e7a-6e2b-43d2-a32f-743e981a1870;f53ad773-5d45-4cd9-9caa-13d32d15bd7a;7b212e92-df61-11e7-aaf4-c82a144c0a85
988551c8-57f0-4cc2-9c5f-aed56bfd9ab0;24bd43cb-37c2-429f-99c0-441344f75403;7b2138a6-df61-11e7-baf1-c82a144c0a85
74620080-e85c-4b12-860e-5a503aecdf5e;52dfb00b-728a-4965-b1e2-f190bb109f1c;7b20f90c-df61-11e7-a941-c82a144c0a85
c8267b41-e8eb-404f-896c-f03a2d20e282;49df7484-5cbc-43f8-b1b3-0de47d5c6e2a;7b210cfa-df61-11e7-9864-c82a144c0a85
7c7a18af-685c-4274-b2f2-8a39ee727348;959c70ed-932d-404a-9524-cfd97e4f5779;7b212c9e-df61-11e7-a12b-c82a144c0a85
c4b7f976-f237-4324-8b68-2afe1226b761;d28c8ae1-db91-4d41-9a73-6df82cef5aa6;7b213086-df61-11e7-aa5b-c82a144c0a85
815cc23f-55a8-456d-b8fe-6bb5c4c400b0;ba6f4fc3-2d2d-4665-bb7e-a6f36cca62f2;7b2138a6-df61-11e7-baf1-c82a144c0a85
55c18116-39ad-4694-b756-545f7a34589a;774153cb-f5a9-464d-b4fe-34fe23925483;7b212e92-df61-11e7-aaf4-c82a144c0a85
62e8829d-8297-42eb-b887-b4b8121a0c05;805ca3b0-766f-4810-9c66-5be2e43df936;7b2138a6-df61-11e7-baf1-c82a144c0a85
f6035743-8c86-472f-a663-ff3ca6666348;1dc69fb2-8e2c-420c-90ae-3ebdafe6ffa4;7b210cfa-df61-11e7-9864-c82a144c0a85
d489175d-5b7d-4498-ab88-d95773ec0a1c;d96e6565-adae-47c2-b699-898597a7e2fb;7b2139c8-df61-11e7-8d64-c82a144c0a85
40b5724d-8908-4b8f-bd64-7cdce3dbc857;6f071a76-e51a-4ee8-a9f5-f82dc3d7c357;7b20e8d8-df61-11e7-8928-c82a144c0a85
c9ac72a0-45fa-4670-b077-4cf4972aa817;e854911c-0241-44c2-ab45-23dbd8a56fbe;7b2138a6-df61-11e7-baf1-c82a144c0a85
0191153e-c28f-4ee2-a410-2954024151a6;6035c3fe-fdd7-4b46-aac8-fadb3c9aa433;7b21152e-df61-11e7-bdcf-c82a144c0a85
2603a3dc-afeb-41c4-a399-883a83cb1013;0df88a81-5e3a-4548-be51-b8e147903b8e;7b212d98-df61-11e7-95f7-c82a144c0a85
fec09ca5-7710-4fb0-a50c-257692aa2730;83b7c1fb-2ce1-4070-a2b3-187b1e93f26c;7b210cfa-df61-11e7-9864-c82a144c0a85
1d8ff203-f291-4df7-b864-a71fe50561c0;fc968243-3977-4913-a5fc-26d5f551b5e6;7b212b86-df61-11e7-9f98-c82a144c0a85
6e3b78d5-ca47-4211-ae7f-7f6211de25a9;b65bb558-efa9-4650-ad9c-d5afab18be84;7b20ed7e-df61-11e7-bb65-c82a144c0a85
65866c21-2efa-4cd2-b216-76e8f47ac606;524de3db-ec84-4b30-98d3-691ffd72ece6;7b212c9e-df61-11e7-a12b-c82a144c0a85
09a588d6-d950-4506-baaa-f7edc51237f6;1a15dabd-f8c2-4aab-a613-86d5c7b805e9;7b212e92-df61-11e7-aaf4-c82a144c0a85
0e856eea-e361-488c-8b17-92db31d08546;e43ba323-6c86-400a-a2e2-ff8c77c20c80;7b211a38-df61-11e7-b1b8-c82a144c0a85
d7c0e6e4-0010-43df-9420-291660b55c9e;29683ca6-cece-4a7a-bb69-288f02fd43ea;7b211a38-df61-11e7-b1b8-c82a144c0a85
57c16d1f-f56a-49ae-8a3a-3a4abfe05e55;a924c2c0-c659-4a40-927a-5115455c1ea5;7b212e92-df61-11e7-aaf4-c82a144c0a85
d363de66-b55d-4736-b69e-d219169bae8d;4443ab28-c0bf-4a45-9119-2aff614b298e;7b20ed7e-df61-11e7-bb65-c82a144c0a85
eb9b71fa-3b22-4b40-abd4-a8483b0a1499;84d5b097-660d-4727-b74b-7c375e19917a;7b2138a6-df61-11e7-baf1-c82a144c0a85
05fa4af2-b2b4-4307-a093-7ff465e45864;56f64a22-dc48-42dd-8b7a-2a45d91904cf;7b2138a6-df61-11e7-baf1-c82a144c0a85
511bc3fd-894b-4fbc-b1a2-ce3cfa5c7dd5;e106ef9a-1b3d-4974-95b6-7d99fc19345e;7b2139c8-df61-11e7-8d64-c82a144c0a85
73f19c31-5fbb-4915-8fdc-7526f699425b;41ee8419-7699-4409-8a7b-1fe270bb6b2c;7b212b86-df61-11e7-9f98-c82a144c0a85
482d34c7-edff-4c59-8236-f1544c88ec7c;515aa4d3-c382-4387-98cb-b17fa1845e72;7b2107c8-df61-11e7-a617-c82a144c0a85
5b862642-7130-48f2-b0d4-00e629f059ad;78fb95e3-6620-45ed-8f46-6d962cc8a276;7b20ed7e-df61-11e7-bb65-c82a144c0a85
9d2a0660-53e4-4ee8-979f-a8862436625a;381ae0d9-ca97-4d36-957c-3cfe3d4e3379;7b213f54-df61-11e7-9eec-c82a144c0a85
b82871bb-f5ae-4480-9ad0-a4ac0693de34;b1ff4705-7553-421e-82af-7646fbb1ba16;7b211b34-df61-11e7-b235-c82a144c0a85
1f2422b6-6e00-42bb-b7a4-7110ffadf96b;b7ea93f4-61a2-4d30-aa23-63c4cd4083ac;7b20ed7e-df61-11e7-bb65-c82a144c0a85
c7a3fa83-1b22-43d4-a09a-5f762c8bb236;4cf0f873-148e-49ad-90ee-dba421602053;7b2138a6-df61-11e7-baf1-c82a144c0a85
0234aea2-c9e3-4f74-ac5d-4038f663ee90;7909c6a5-e7a2-49cd-ac3c-91c8c5846094;7b2138a6-df61-11e7-baf1-c82a144c0a85
3e0cbafe-3ebd-4d59-89ad-84f4fc2a8229;0df0d334-2915-476b-abb7-95e9562db25c;7b20f90c-df61-11e7-a941-c82a144c0a85
59e6b1da-af6e-4c5e-b88d-e38fed55936b;fe7d7c9f-1263-4dae-83ae-7dce31503c95;7b2138a6-df61-11e7-baf1-c82a144c0a85
7f0e69e6-deee-4004-a313-5d534097f2bb;45e16de3-ef8c-4dd6-969b-1731df4bb060;7b20e63a-df61-11e7-b49c-c82a144c0a85
09cee7f4-314d-4966-9f7f-a01bc1864cc7;f57cd28b-c318-4078-849c-a228d637608f;7b212b86-df61-11e7-9f98-c82a144c0a85
2cb8f6a1-fdb4-464a-a2d0-62232274f9ab;5c715e67-6790-4fd9-bd47-dc2ed8f62c4b;7b20ed7e-df61-11e7-bb65-c82a144c0a85
cfebfb50-3273-4daa-ba3b-97f818a2c1bb;ae7a45a7-8343-4c95-9fc8-a38674aaee00;7b2138a6-df61-11e7-baf1-c82a144c0a85
6eb289dd-3765-4e66-8e0e-6e2c516b8836;bb905fb7-dd66-4b7d-8a1b-9e718cb93161;7b210cfa-df61-11e7-9864-c82a144c0a85
a20590ce-34cd-4e0e-b530-1b5d28ed2abe;34fbc148-dcf8-4fc6-a140-4b4372b9e550;7b21152e-df61-11e7-bdcf-c82a144c0a85
2801037f-3d4b-4a25-8287-e78df70ad551;8f83ccfe-5ee6-49b6-bb4c-c19ed6c4b1b5;7b212468-df61-11e7-a5fd-c82a144c0a85
ee5e834d-cc9c-418b-b09f-3c624bf15d35;bbcd7015-b9bf-43a5-b798-db1e536d243b;7b2139c8-df61-11e7-8d64-c82a144c0a85
9ccb7953-cc49-430e-b011-243490610439;e5f9bd9e-63f6-4b60-8bfb-d1909f9676db;7b212e92-df61-11e7-aaf4-c82a144c0a85
8201d21f-2231-4173-9248-c454715ae89e;4bd6a845-3c81-4fb0-9e42-f1f023ec6683;7b2138a6-df61-11e7-baf1-c82a144c0a85
f8563461-ce2b-49ec-baab-7b4b9ee3db02;1baee214-5783-47e6-80c6-308076ccfed4;7b212c9e-df61-11e7-a12b-c82a144c0a85
cfe29a68-f8f0-47fe-923a-d2ca4e368f20;5ca8c7ab-125e-4b4b-ae42-b47cf3d0b9ed;7b212e92-df61-11e7-aaf4-c82a144c0a85
4a61fb2d-ba22-49cf-bad9-a0dcf3084a3e;45eae783-5517-40af-9401-296122c4685f;7b2138a6-df61-11e7-baf1-c82a144c0a85
6ee4554c-f179-4fcb-ad74-51b8ca3ec0d6;5fc7349d-2b75-495d-9dfb-11ed9e782391;7b21152e-df61-11e7-bdcf-c82a144c0a85
5b62bdf1-52b6-4db8-9b5a-7cee7304a958;b4ef6356-3240-4780-9934-03566e8a2c08;7b212e92-df61-11e7-aaf4-c82a144c0a85
4e54c585-bfa5-4808-839a-902c92f10922;3290b9c0-f9bd-4469-b28d-03d86b1bf78a;7b2139c8-df61-11e7-8d64-c82a144c0a85
ae3c5955-2e15-4831-9da8-692367d2f9f8;a8908c67-f125-4fc0-a59c-9e7a5df6f484;7b212e92-df61-11e7-aaf4-c82a144c0a85
e36af33e-555d-4b41-91b6-e9acb185b965;658a63de-c8ef-4864-b4bf-ed3f805f9ae5;7b212d98-df61-11e7-95f7-c82a144c0a85
603f7873-1e22-4231-ae4b-c42d7dbc34e2;80b0a81e-32d0-4b58-aa4f-41dd8e0bbb6f;7b21193e-df61-11e7-8869-c82a144c0a85
fe2087e9-2d85-40b7-bfb8-5d381b8e270e;667e7a68-2550-4479-9c04-e5c66a0080c7;7b210cfa-df61-11e7-9864-c82a144c0a85
61e257a0-cae3-4ee8-bce7-b7343578b93e;b372aaa6-aa1f-4ddb-bad6-0a7c8e08dfca;7b2138a6-df61-11e7-baf1-c82a144c0a85
02a3b1d8-358f-4362-a7d3-e5a97a8d6d67;6a023c0a-edee-416c-a095-d0c0d4ad10bc;7b20ed7e-df61-11e7-bb65-c82a144c0a85
a8a5941c-fcab-4127-a2f5-427370205066;898afdcf-6e04-4d10-83f2-031860219bad;7b20e63a-df61-11e7-b49c-c82a144c0a85
63c74b1d-b3a6-47d4-bdbe-aea437202b64;5cc36233-23c1-4841-8110-5dbbfe03dea8;7b213e50-df61-11e7-918f-c82a144c0a85
ac0be6fb-c5a2-49cc-a5a6-8f606d37759d;ad6963fd-d53c-4cca-9ae5-0c7d71f9a7de;7b20ed7e-df61-11e7-bb65-c82a144c0a85
cb2f5ab4-4e7d-43a4-b2db-f609ce700568;a5e9d4b1-6d00-4da8-aebe-5936fe34b1ca;7b20f90c-df61-11e7-a941-c82a144c0a85
cf02c50a-4c75-4901-a586-6358823905fd;e4e48c08-ab63-457f-9eb5-7ed39d330052;7b212e92-df61-11e7-aaf4-c82a144c0a85
e9770407-661d-40c6-bb9d-ed05ea030147;955eb19b-8469-47b3-bed5-a8bc704007e6;7b212e92-df61-11e7-aaf4-c82a144c0a85
d353aa02-a433-4631-a298-877ef579ed92;3357ff0c-0c67-470c-87e8-dd5a2a077ea9;7b2138a6-df61-11e7-baf1-c82a144c0a85
c06a2e2f-c8b9-4ece-868d-27b9b196f4a4;dda9294e-a8c7-440a-a45a-4fef472e142f;7b20ed7e-df61-11e7-bb65-c82a144c0a85
11d1db81-065e-4833-b6c8-186c476e40f3;a0c2e828-5dbe-4e4a-b6b5-18545bb926f8;7b212d98-df61-11e7-95f7-c82a144c0a85
6274c7d8-f8d7-46e2-8d6d-c01129da7c05;cf86bf0b-c466-4700-b174-069c479ab42e;7b20ed7e-df61-11e7-bb65-c82a144c0a85
05b32b45-fda9-4198-bdec-668e7941c731;983f0a54-2b87-4c14-b190-32821d1cae2b;7b210cfa-df61-11e7-9864-c82a144c0a85
e4173785-af7d-4450-82c0-89a8e675d6b1;48d1d93d-41ef-45b9-a73d-f3e4b760227b;7b210cfa-df61-11e7-9864-c82a144c0a85
e7382cbd-7172-4661-b01c-83b936ee2f94;70f8dbc8-e783-41d1-957c-558ca6347d85;7b210cfa-df61-11e7-9864-c82a144c0a85
dcf71596-a82f-4cc6-8eb6-466389addb56;ab54e55c-bdaf-4d15-9e1d-95f481d3a7a0;7b2138a6-df61-11e7-baf1-c82a144c0a85
75ecb978-f4cb-468b-b0ad-bf1a37dce967;b44e7039-4f2f-4dcc-97e0-5155649ca598;7b210cfa-df61-11e7-9864-c82a144c0a85
e29c1294-31f1-44f8-a01d-56a605fb9329;bbb9252a-d18d-4ad1-a257-1f8023727ccb;7b212b86-df61-11e7-9f98-c82a144c0a85
e12e8e39-ea39-4fb9-abcb-0dbcd15b436e;1bda49a1-ccf3-4b58-8834-f91b936fea78;7b21152e-df61-11e7-bdcf-c82a144c0a85
7c9b5cab-1d0e-45a5-93c6-3119ffd7300d;0a6a7748-53e8-4b86-8bfd-e580485c0540;7b21152e-df61-11e7-bdcf-c82a144c0a85
9c7ad9ff-7623-4d26-ace1-ecae502422f5;debd0b9e-f9db-49aa-b7eb-7954ebc8c3e6;7b211a38-df61-11e7-b1b8-c82a144c0a85
a310f9fd-4fa1-4f68-aadf-a0ed5a75f7b6;82b61c87-3401-4f6b-9563-cd842eb4715e;7b21152e-df61-11e7-bdcf-c82a144c0a85
7b0f6376-a233-47ec-9378-eb2e0177fa49;ce31b551-0cab-4828-a650-f82d4ca62957;7b20ed7e-df61-11e7-bb65-c82a144c0a85
81cba251-3287-4255-b9ac-f2baec4fe4d8;b978f1a6-fc16-4861-ac93-21bf3e0cd37a;7b210cfa-df61-11e7-9864-c82a144c0a85
c2dfa0fb-241e-406e-8e38-ea3914ba7fd7;398ce5da-9e60-411f-9cf8-18d2e9d48e06;7b212b86-df61-11e7-9f98-c82a144c0a85
15ef5e83-fb58-4ef8-bb2f-6a86d7923e0b;759e1090-f214-4ffc-940b-d95bad6a3697;7b2138a6-df61-11e7-baf1-c82a144c0a85
e369197f-5fe3-4dbf-b52c-80ec3926e921;2aef08ae-df4c-4f1a-adf3-a1b75807ee10;7b211a38-df61-11e7-b1b8-c82a144c0a85
9d4316fa-dfa7-4854-8c40-7eb244bdfc95;aa012ef3-a402-4bec-902e-f85cf29e4b4f;7b20ed7e-df61-11e7-bb65-c82a144c0a85
55442177-953e-4e8f-8ad2-52aea840671e;9f6683d2-d2d2-4533-97e4-fc9717e91b57;7b210cfa-df61-11e7-9864-c82a144c0a85
d879d169-8a5f-4fc1-9269-0e2642ffa0ac;580d0fd6-595d-41bd-92d4-fbc9fefc03de;7b2138a6-df61-11e7-baf1-c82a144c0a85
18a46753-a80a-478f-8255-1604193f0254;9c02cc5f-b3ac-4d35-931a-46860501fd9d;7b21152e-df61-11e7-bdcf-c82a144c0a85
42b93331-091a-4f47-a84a-909dedcb2887;a66cb6d7-7c44-44c7-8d90-3db16c7d46f0;7b212e92-df61-11e7-aaf4-c82a144c0a85
5ab1dcfd-26df-45eb-9d7d-f1ea73b3e2f7;c61209fd-98c7-41be-a932-9fdc93c788d3;7b210070-df61-11e7-97e9-c82a144c0a85
aa51f3b9-eef7-4253-868f-fe32b4bb1aa5;43910177-c452-44b0-a18f-931039ca7305;7b20ed7e-df61-11e7-bb65-c82a144c0a85
1655dff4-555d-4c94-a74e-6d7763581454;7b5a190c-e9ad-4d4f-aad8-71dab40c9908;7b210cfa-df61-11e7-9864-c82a144c0a85
0ba43a22-b482-4bb1-8799-aef0b5e91566;52fe1595-62eb-46dd-b0b0-cfa191b838ec;7b212d98-df61-11e7-95f7-c82a144c0a85
0841291e-dd97-4e13-bb29-ce4fbea10b7e;e1400b45-0a46-46df-be11-c73287c8c4b5;7b2138a6-df61-11e7-baf1-c82a144c0a85
ba425d23-1bd6-433b-b832-b9566ca1c4e1;87b8051f-ceb7-4a8b-9587-34f6b1ed208b;7b2138a6-df61-11e7-baf1-c82a144c0a85
5e3d723a-3853-47fe-a76f-efb03dca40ab;1ae842d5-5a32-4cc0-bbc0-0afd3871b291;7b20e8d8-df61-11e7-8928-c82a144c0a85
ebd16c78-65de-4543-85b8-696b5bbec130;872b1247-75bd-4e3c-adf4-7950803879e6;7b214350-df61-11e7-b1a0-c82a144c0a85
e7d481f4-7e48-496f-b3a2-350a9523a6b0;6ab92613-f9c6-4adb-9d19-c238db380ebd;7b210cfa-df61-11e7-9864-c82a144c0a85
ee61a1ad-cd19-4060-89c5-86f1ae34d087;2e086820-0278-4ce3-9929-b81ff62dd65c;7b212c9e-df61-11e7-a12b-c82a144c0a85
47137f64-c2b5-42ba-8351-7be30d40111d;32d1a815-edc1-481c-a8e9-c27364bf10cc;7b212e92-df61-11e7-aaf4-c82a144c0a85
a71ebe41-c7e9-46f8-8ad0-3cfe3b96221f;cb85ebac-8463-4f89-8fa5-51af86c204f7;7b214aa8-df61-11e7-a515-c82a144c0a85
571b9b7f-b662-4fe7-92a1-ee46224a1aca;4acc3829-bca5-4b3a-8861-9b860dd342e1;7b211b34-df61-11e7-b235-c82a144c0a85
66a066a7-417f-4935-b434-4bb2d873ddfa;6ca00ba5-53ce-49d1-a6f7-40e91293483b;7b212e92-df61-11e7-aaf4-c82a144c0a85
7ba3830c-9387-4d89-a4de-3343031c5084;e42992ec-4f01-49bb-adc1-d86a4ce83bcf;7b211a38-df61-11e7-b1b8-c82a144c0a85
cd8ab422-1e80-49b1-8092-0bf8615fc42b;80d4ae87-f231-45af-acde-18fc57cf2a80;7b210070-df61-11e7-97e9-c82a144c0a85
a38b0eb6-dcf4-4d08-a5c6-e9fc63cb8493;48c33b28-8da2-4de2-aea3-46af95f466d1;7b2107c8-df61-11e7-a617-c82a144c0a85
35ff2f15-e9a4-49bb-832d-e74b88ca1874;e4e5a1e3-5fd1-4a2b-990e-f82657ed1a74;7b212d98-df61-11e7-95f7-c82a144c0a85
eeb9b53d-388c-4037-8425-4c4afdee9f73;d878ea45-6496-4fe0-9c68-107b51020e39;7b211a38-df61-11e7-b1b8-c82a144c0a85
9abb4c85-1f1f-456b-bab6-ee4431a375b7;121c22d1-e1ed-4099-a97b-4161951fc266;7b212e92-df61-11e7-aaf4-c82a144c0a85
ce28817d-f841-49a1-ac75-42d7880c6791;506a348e-b327-47a8-9b8e-fa366694cac6;7b212c9e-df61-11e7-a12b-c82a144c0a85
ae1f8490-462b-4484-96e4-32e4a618ec78;439584c0-2ee7-4982-83f2-8aacda4f8834;7b212d98-df61-11e7-95f7-c82a144c0a85
7e42d22c-fc30-4a80-b232-7129099131c8;a0433bec-0a84-41c4-b51b-d8bd29b70d06;7b210cfa-df61-11e7-9864-c82a144c0a85
6362a8b7-a080-4bea-a599-b70ad1d69df1;1b77e941-777b-47c8-b942-97011f3d9941;7b210cfa-df61-11e7-9864-c82a144c0a85
3ca01bd8-8668-4a65-a859-d1c816f1e223;649a1446-6b6c-4c97-a62c-93015e3bf29e;7b21152e-df61-11e7-bdcf-c82a144c0a85
8589a13d-bff7-41bb-b395-9fcb8c5139d3;0983a7ef-699f-4714-b36f-76157b8e4bb7;7b212468-df61-11e7-a5fd-c82a144c0a85
e04e2c0e-8cf7-4414-9172-be41e00b0dad;b5d6352c-0d74-4548-8b72-9ed5bec576ac;7b213f54-df61-11e7-9eec-c82a144c0a85
63a65f37-b648-472f-8e26-ec0c9818de4e;daa1ab28-e563-4077-86cc-f99cc1348dd4;7b211a38-df61-11e7-b1b8-c82a144c0a85
8c2774c1-579d-4c1a-920d-8da796741d93;5a7b643d-50a8-4d38-b013-29a12464c789;7b213086-df61-11e7-aa5b-c82a144c0a85
0585311a-0dc6-4ec3-bec1-2cfbaaf693d6;53d16145-48ef-4841-91a9-535c3b222ec2;7b211b34-df61-11e7-b235-c82a144c0a85
2fc54ff7-7f23-45ee-8d05-68279e6295f5;42a749c8-cede-4354-8db1-cd9b69cad602;7b210070-df61-11e7-97e9-c82a144c0a85
32b12a58-17bc-479e-bd65-5a274dd8da9f;5569a113-ccd5-470b-b17e-f8c1a44c5467;7b213f54-df61-11e7-9eec-c82a144c0a85
29a15347-d43a-4f76-b2e1-76847a7c4154;0f147ffa-2265-4e29-bb09-e0259fd4de9b;7b214aa8-df61-11e7-a515-c82a144c0a85
3822811f-df47-48b0-b731-46ade8bb8536;5a4ddaa7-9df5-4c0b-bd80-6aeabd6b22a5;7b20e8d8-df61-11e7-8928-c82a144c0a85
5e866f5b-1fc2-466b-aba7-52ebfed09541;3df7901e-728c-4d30-9d01-7f7c2b859dd8;7b213086-df61-11e7-aa5b-c82a144c0a85
d3455707-f7c3-4117-a3af-2c60866d4c9c;2f071f5f-f211-4685-83b4-344866e52400;7b20ed7e-df61-11e7-bb65-c82a144c0a85
1ad57690-0cbc-4dd6-8afa-b3b2c086f2c7;ccb3852b-66a6-4b0a-87e6-832ae31365d6;7b211a38-df61-11e7-b1b8-c82a144c0a85
759ee549-b4d1-4fd6-9e14-0e8ef56748ab;2b25300d-796c-4867-ae8c-5b74e7a3596c;7b20e8d8-df61-11e7-8928-c82a144c0a85
34720254-58bb-4c89-9666-4cc2268c59f5;fe22199e-4a3d-4207-aebe-577e4f87eeb6;7b21152e-df61-11e7-bdcf-c82a144c0a85
d8e2ee98-7f66-47b9-b572-35d525cb7fbd;ae360314-2d59-40d2-94cc-ae5e036a8c98;7b20ed7e-df61-11e7-bb65-c82a144c0a85
1906fe70-6fe3-4b79-b9a1-1ec1e5bb471d;d26e2ef7-e22c-4628-bf9d-cce5642bd2a0;7b213086-df61-11e7-aa5b-c82a144c0a85
75f74039-98ba-468e-b4f2-1fe59ed9ea85;f5ea07ad-532e-4a1c-99c9-619f31b10233;7b213f54-df61-11e7-9eec-c82a144c0a85
8c151c81-2e57-4935-b81d-98545b452c90;8ab84d4d-36ba-4ac5-a898-e8af02c07090;7b213086-df61-11e7-aa5b-c82a144c0a85
0f3e0533-3864-4c0c-aa0f-450c680f9d3f;8b902c79-4e4f-4cb0-91ea-76a99e5e2130;7b21152e-df61-11e7-bdcf-c82a144c0a85
1cf432cd-e2bb-41da-aa3f-d2b32e25e6a3;93a0b151-ad01-4957-b364-e1caf55f6edb;7b21193e-df61-11e7-8869-c82a144c0a85
eedc21d7-e7b4-4948-8fb4-39b1bf83a20c;9bf69734-1fc7-434d-a91e-f9cb33a987fe;7b2138a6-df61-11e7-baf1-c82a144c0a85
c98de68d-8ccf-4af2-a841-ac4d99225366;3076d5f9-036d-4a2b-a28c-533e6ebab392;7b212e92-df61-11e7-aaf4-c82a144c0a85
0272f121-0714-40b3-8d54-25a6e89d41db;800a3284-7725-4676-bcfa-8e0062735f9f;7b212b86-df61-11e7-9f98-c82a144c0a85
1c4aac06-5db7-4b00-9a6b-08f53619216f;ae5d7e47-3939-4ee0-8cbd-3e1fdb775e90;7b2132de-df61-11e7-8882-c82a144c0a85
0170c697-755e-4c3b-aafb-8c6caa199b24;c851aaec-429e-4539-93fa-109edec3db9f;7b210cfa-df61-11e7-9864-c82a144c0a85
f228bce6-9082-4fc0-9714-1aba36b30f54;b443be12-0c8f-4a2b-957c-4b70aae0b35e;7b211a38-df61-11e7-b1b8-c82a144c0a85
a77f6c46-87d3-48a4-8f3d-2265b8d48689;1d2a969e-c81b-4a9e-9cfb-f838b9d24515;7b212f8c-df61-11e7-bef6-c82a144c0a85
cd2139ac-206e-4750-91bb-859736c813a2;4909b44a-4688-471d-bd36-96a6b91c86ff;7b213f54-df61-11e7-9eec-c82a144c0a85
2a741a7d-a285-4c4a-9aae-c4981667a6bf;de95fceb-4f52-4ede-815d-57fdbb0280e4;7b214546-df61-11e7-b9be-c82a144c0a85
d5b7bca2-19cd-4d7e-83e3-80f863d47254;e4306413-dfe5-4c25-8b15-80c08cc95848;7b214350-df61-11e7-b1a0-c82a144c0a85
928b8872-2c0c-47c4-b8d5-6f4668376b01;6b87509c-0264-4612-8f10-953d49da9257;7b2138a6-df61-11e7-baf1-c82a144c0a85
7a8b18da-1a97-489c-8a06-078211d8f77d;7879f861-a2ae-4288-b1e0-9361fa8cc656;7b2139c8-df61-11e7-8d64-c82a144c0a85
3e239f4f-d6c6-457f-bd3e-2f20f5e6f28f;adf4a546-34ea-4888-a95b-bbbc7f17a732;7b212e92-df61-11e7-aaf4-c82a144c0a85
fc054115-8ae7-43ab-aec3-1e3ec5e27864;a66f24ff-ce1a-43af-a833-1d7cb8e0388e;7b213c18-df61-11e7-9e2c-c82a144c0a85
0d18d694-f88d-47e0-aaa6-8410e4fb493c;68869345-cd76-4ea3-96fc-17eca3bd4c96;7b21444a-df61-11e7-a137-c82a144c0a85
bde94fc4-d1a5-4c1a-80ba-2630dac9b16c;987cc839-b85d-4c13-a06d-bc0dd76c4cf4;7b210cfa-df61-11e7-9864-c82a144c0a85
f5ed2585-5fc8-471a-ad52-7ba3d7d6fac3;2f157460-e021-48d7-a7b2-5e532aea85b4;7b212b86-df61-11e7-9f98-c82a144c0a85
a28d556b-f7d2-448e-a7c4-13a2fad86c8b;9d67aa94-ff18-40ea-85e8-ace0d28accd0;7b210cfa-df61-11e7-9864-c82a144c0a85
84c931a0-cc1c-4277-bfc2-67382281e4ae;a840ffb8-c289-4547-a67a-089e82ff9e43;7b211a38-df61-11e7-b1b8-c82a144c0a85
e308b1ae-68d2-4f7e-b3b0-15edb5f81468;e9ffcaa7-9912-4ac6-b32c-fe8a6a583e4c;7b211a38-df61-11e7-b1b8-c82a144c0a85
a80dc6fe-6021-48d9-bb8c-1a5dd99d5cb1;37836310-2e39-4532-99d2-110187112e60;7b2138a6-df61-11e7-baf1-c82a144c0a85
1c7c4af9-04be-4634-ad1d-8d0a626ec732;91e6173a-92f8-4b72-a520-670ca48d42fc;7b213086-df61-11e7-aa5b-c82a144c0a85
c6013553-65fa-4590-96bd-87fd6ef05836;c583ab5e-a94c-4833-a7a2-99b428bd71f7;7b21152e-df61-11e7-bdcf-c82a144c0a85
a85ad4f1-8574-4a80-b03f-abb3ef72a86c;5fe37541-82d6-420f-b254-a1fd4711e1fc;7b212f8c-df61-11e7-bef6-c82a144c0a85
ce967cfc-0373-4e0f-afae-a316c84296a4;aff78d5c-4fc6-4c7c-a0f9-f46f022fba0c;7b214546-df61-11e7-b9be-c82a144c0a85
8fe80fac-8405-49ab-8198-58689d04e964;8f190ee5-49d6-4839-9061-83a4e571540b;7b214350-df61-11e7-b1a0-c82a144c0a85
775a971a-92b4-40bc-b916-fff024ed0ae0;b828f944-355d-45fb-afaf-314a14b1a324;7b20f90c-df61-11e7-a941-c82a144c0a85
6f1fe672-22ab-4c75-a9ba-6bb858180d40;336377fb-699f-4ab0-9ba7-0db75434c11f;7b212e92-df61-11e7-aaf4-c82a144c0a85
730025f4-1055-4eca-aa58-0a13ba5ca44f;7c55510b-f9d0-432f-9e44-b03ac0c23a7d;7b212b86-df61-11e7-9f98-c82a144c0a85
f02f39fe-acbc-40a9-a4e1-9b34993e4180;3391de95-dc4e-4997-a395-739dbb57c1ec;7b210cfa-df61-11e7-9864-c82a144c0a85
2a015224-d96f-42f4-b30c-667823760e85;1afdc464-af59-4d6a-aa83-34e89a61ee4b;7b2138a6-df61-11e7-baf1-c82a144c0a85
a273d2f7-4c83-4072-88b7-785ce410673d;5f55152f-69d3-408e-9134-7a2e4c3131a4;7b210cfa-df61-11e7-9864-c82a144c0a85
7b0520eb-7d42-48bc-bb03-c42c138c1636;d2de59c1-4477-4428-ac2d-ab40d0041e9f;7b211b34-df61-11e7-b235-c82a144c0a85
944d04fa-5d69-4504-b553-0b14341fd3d7;15c58e2f-b630-4b7c-9291-b643dca3819b;7b211a38-df61-11e7-b1b8-c82a144c0a85
da22c661-23a0-4cc2-9018-8b8f8f7a4e6c;1c618e96-e08f-42bb-8cf7-39f3b1f29210;7b211b34-df61-11e7-b235-c82a144c0a85
68cffc64-c91b-41b5-9a6a-4f56b60e8b96;b216786b-b41c-4fa5-9ab8-d00a51882f4e;7b211a38-df61-11e7-b1b8-c82a144c0a85
fc7ad10d-7766-4f5d-827b-56bb8632c615;65865f43-cb97-4395-a2b0-f10b0e31ce04;7b2138a6-df61-11e7-baf1-c82a144c0a85
28f16db7-812d-46a4-b95b-ddbbaa94c332;5d093395-9444-4279-a358-5c4a54474733;7b2148e6-df61-11e7-b174-c82a144c0a85
4c421756-cf36-42ce-9583-56c5d2e5c5ba;f1a6b5ed-1a50-49ca-892d-c344afb5e7de;7b20e63a-df61-11e7-b49c-c82a144c0a85
39e90474-6057-497f-aaee-9a078c8edbcd;45b4ca44-b27a-43e5-9d40-ceba444c8acf;7b210070-df61-11e7-97e9-c82a144c0a85
cd032bc4-7479-4c32-8882-efde7411006c;4e6c37f5-d452-4a80-98d0-e8162d0f222b;7b210cfa-df61-11e7-9864-c82a144c0a85
b1fa7c41-4a74-46c1-bc7e-23440dd71baf;c733e741-5f01-4f77-9168-6fee9c53a706;7b20e8d8-df61-11e7-8928-c82a144c0a85
052586ed-4d59-475d-a79d-7413482efe9e;03557724-d121-4266-bae8-1a83ecce3490;7b214350-df61-11e7-b1a0-c82a144c0a85
38daa6fb-0c06-40f1-8dee-161667b30cce;82f1708a-08ed-4795-a4b0-80342820b94f;7b21152e-df61-11e7-bdcf-c82a144c0a85
9864831a-d056-4fd8-83b2-94a52cad41a3;807bcb78-487d-4c72-9092-9560ce10f596;7b212b86-df61-11e7-9f98-c82a144c0a85
a2287bd1-ee85-41d8-9d99-74a42060c546;76bd1d21-2f3b-4ad1-85fe-548c97c12397;7b210cfa-df61-11e7-9864-c82a144c0a85
c9ba84be-a960-4fa9-9c6c-7bb26837f375;82e3ca87-02cc-47bb-b67b-5da015ee517e;7b212e92-df61-11e7-aaf4-c82a144c0a85
65209e20-89dd-4a47-8384-5dcd1361f760;6c3d4e18-621a-4528-9cf2-eaf5df2294a3;7b211a38-df61-11e7-b1b8-c82a144c0a85
e037b93d-7050-4ff9-9e43-41edef4b3b84;eb5486ee-baa6-4611-a6b3-09735b0a6650;7b212468-df61-11e7-a5fd-c82a144c0a85
7995320a-e8ce-4b87-99d8-2da8b6cbcff2;efe54c35-2f09-48fc-9eba-b2572377a2df;7b213f54-df61-11e7-9eec-c82a144c0a85
db67403f-336e-4b7b-aa2d-63e19dcfe688;c31d3585-313d-41f0-bfa2-647a36dab9f5;7b20ed7e-df61-11e7-bb65-c82a144c0a85
909b2afb-fbf8-4028-9266-059206de1644;92137377-828d-46e7-b171-9d274898ed5a;7b212d98-df61-11e7-95f7-c82a144c0a85
5df11b97-f18b-42ff-b952-7d9cdbe55a72;7edc661a-a1fd-4183-bc51-acdcb8a883c8;7b210cfa-df61-11e7-9864-c82a144c0a85
3e49ddd3-9301-4992-ad0f-2b35a7ba928e;c7d2b549-c548-4775-8d6d-f1df3fea2dd2;7b20e8d8-df61-11e7-8928-c82a144c0a85
4ad525ee-3f20-4428-9f50-b01e9d96beaa;9f38054a-e65e-46ef-b338-76ba13275a13;7b21152e-df61-11e7-bdcf-c82a144c0a85
74b81063-a519-49e1-b1fe-6df6e3244e9e;f8660fd6-c1e8-4f7c-bf18-ed3a367f46cd;7b212c9e-df61-11e7-a12b-c82a144c0a85
cb2a6470-d6fd-4f0f-b88d-d4fad75f523d;2daf56b1-e45f-4ea9-8f77-9e48b8d3650d;7b212d98-df61-11e7-95f7-c82a144c0a85
bdfae40f-0652-4f46-8111-bb3da494d331;d6866e92-2f57-4073-b945-ba83d1811394;7b2139c8-df61-11e7-8d64-c82a144c0a85
da5dffbd-b9dd-46e8-bf73-0d02428c37e0;e44b4a8e-8397-462b-9671-8a6350f84db2;7b2107c8-df61-11e7-a617-c82a144c0a85
aae67292-782e-4c66-a4bb-64ba13aaea73;16a6a506-db73-41ce-935c-05e5c90bfce6;7b210cfa-df61-11e7-9864-c82a144c0a85
6fbdd298-3615-49fb-92b3-2b6d33a7a901;6482c8f6-fbb4-4eb9-b78d-91ba7d8602f6;7b2139c8-df61-11e7-8d64-c82a144c0a85
b4360089-4eba-402c-8443-272b462b0376;d774e7ca-fc65-4658-b056-c8b50ea9a840;7b212b86-df61-11e7-9f98-c82a144c0a85
63a68c22-64b2-40f7-93a3-18b0e2e78af6;846b9362-ab68-488e-85c9-2fca03f05973;7b212b86-df61-11e7-9f98-c82a144c0a85
ce182d8a-cf99-4df9-aa4d-9c3483613ad7;4db38afe-8d65-44cf-828f-1def9d80a1b7;7b1a2ee4-df61-11e7-a2f6-c82a144c0a85
7c86d807-9599-4afb-bd29-f6c3f5023646;966d19e9-1a26-4602-aec5-d13606d929a4;7b212b86-df61-11e7-9f98-c82a144c0a85
b248bf60-365c-48ca-b7f3-7d0c47971658;c49a37f3-a9ca-4117-a8ec-543aba76e136;7b214aa8-df61-11e7-a515-c82a144c0a85
d1c0f4b7-76af-42b0-8eeb-b48870cf0b38;e369976f-865d-4b9f-a0a1-8b0a8bd56820;7b210070-df61-11e7-97e9-c82a144c0a85
bcff36d2-9d4a-4cd6-8286-df7c9cadd619;6e13b25b-d5fa-416a-8852-b8a0415434ee;7b2138a6-df61-11e7-baf1-c82a144c0a85
5da58d95-5244-43b8-bb5e-04b09cc1f4ec;5ad1e421-a5b4-4016-b8d2-b4b8697a5136;7b210cfa-df61-11e7-9864-c82a144c0a85
eff41fe3-42e5-4420-bf8d-e6f286296361;831460ce-03e0-4154-9bd9-6f90a74925c5;7b20e63a-df61-11e7-b49c-c82a144c0a85
fd11e7b6-a45f-4f9f-90ff-d576f8a54868;887bba54-9b4c-45b7-9366-b5493a1b7d42;7b210cfa-df61-11e7-9864-c82a144c0a85
7dd5ecd4-83e8-4acc-b7e5-ce84c970854f;bc3f907c-318c-42f8-9b5a-cd9ab959bd06;7b212d98-df61-11e7-95f7-c82a144c0a85
8347c523-10b1-4008-be95-7d091798d87e;a86f4c45-67de-41ab-ad21-c29759e218a8;7b2138a6-df61-11e7-baf1-c82a144c0a85
be81c1e3-877f-47f1-ad88-3bd76b715df0;1e7b4eb8-0eb6-4b41-8b4a-d47ba64c7948;7b21152e-df61-11e7-bdcf-c82a144c0a85
3eab98db-2185-40a3-b379-6f6bd6ba09cc;fda5122b-06ad-40a5-a118-f0fbc11a06db;7b212d98-df61-11e7-95f7-c82a144c0a85
d1e72f2b-40c1-41e9-a3ac-627b6eceda3e;023d1882-ef4b-4d3e-8c62-6e99a6d644ee;7b211a38-df61-11e7-b1b8-c82a144c0a85
8248d95e-3e45-4b53-9c55-59bbe483b95f;34553b9f-27e3-4dde-8864-e2042e8dc5db;7b211a38-df61-11e7-b1b8-c82a144c0a85
3b219085-0148-496b-8e60-37afec3df131;538c7571-c5b2-4dc0-8555-26044badcf07;7b20ed7e-df61-11e7-bb65-c82a144c0a85
3e5d4d74-1d3d-4b6d-b02c-4b1268364d41;91a73028-00a2-41c5-b38e-4f0ef1d0d1c1;7b211a38-df61-11e7-b1b8-c82a144c0a85
95b11b9e-a0c3-4d3f-b391-11f2d70af8cf;2d85eb5b-361b-4414-b044-0f89ec62f9b9;7b210cfa-df61-11e7-9864-c82a144c0a85
019624ca-d133-49cf-9673-1c6d0551ccae;2f0dcd69-7b53-4dd4-8cbc-bd08441611ea;7b21152e-df61-11e7-bdcf-c82a144c0a85
063b409b-6449-4eff-a7f2-5d126ec2c3ec;0d23b116-584e-44b8-a84f-b2f14e4aed3d;7b2138a6-df61-11e7-baf1-c82a144c0a85
08344116-67ae-4123-ab1a-63bdc27f1526;8435baf9-3292-42a5-99fa-3fae2145b65f;7b2139c8-df61-11e7-8d64-c82a144c0a85
56ef1794-81d2-4280-8f65-a5a5d6de17fb;90f238d3-382d-4348-936a-e75177d81a4c;7b2138a6-df61-11e7-baf1-c82a144c0a85
0ac4f06f-6ae1-4ae0-8110-89b70568baaa;8c2182de-bba4-4c08-b2ce-5a22b10d5801;7b212d98-df61-11e7-95f7-c82a144c0a85
e83d2db7-9aac-45c2-ba1b-7c7358beeffd;40b8b540-a67e-4ab1-aca3-48abbab95690;7b212e92-df61-11e7-aaf4-c82a144c0a85
dbcd009b-e457-4c3d-8173-77ff38fbff3d;db3af3e3-8417-4a22-91a0-87fb87fe3af8;7b211b34-df61-11e7-b235-c82a144c0a85
9aece579-92f2-4535-8b4c-099bd8b093d8;703a75e9-4e2c-4313-9bb8-dc68b5659363;7b212d98-df61-11e7-95f7-c82a144c0a85
67561ecb-6546-4bb8-9102-fc3e75a82bfe;d82e8559-5b6e-48ec-a996-1130f85fa997;7b212d98-df61-11e7-95f7-c82a144c0a85
4544d1ef-c6b2-4528-b2e1-868a48417fec;29614f67-3271-4d37-ba72-5c532777698f;7b20ed7e-df61-11e7-bb65-c82a144c0a85
7f46f94d-c1ba-489b-bef7-e84dbeae40f0;d52c3080-85c4-4484-900f-f3f17fd36f5b;7b210cfa-df61-11e7-9864-c82a144c0a85
1e3771b5-232b-4280-bfc4-d83e17f42d75;7e6f799c-2d12-430a-8830-6b4acbabb9ea;7b2138a6-df61-11e7-baf1-c82a144c0a85
8d6d7fd2-5a76-4d10-9335-96e00b515e63;5770edf4-9ca1-4b12-b2e4-1e1129994a94;7b211a38-df61-11e7-b1b8-c82a144c0a85
4eaeef1d-625f-4f3c-b6f9-0fa596865c0a;01df12d0-9d8b-46aa-ac68-85ff47dcad50;7b212e92-df61-11e7-aaf4-c82a144c0a85
65aa4302-a01d-4d00-89aa-99f56500fd60;ae6ec31c-0afb-4034-b974-354b46d35624;7b211b34-df61-11e7-b235-c82a144c0a85
317307c6-15a0-46b0-9c99-749c5b51779b;8d7d3455-44db-456b-8198-54c8a2d3c0fd;7b210cfa-df61-11e7-9864-c82a144c0a85
c42e5eca-7315-45fe-a907-2e90e2603933;5c9a290d-418a-496d-af8f-17c7bd003817;7b210cfa-df61-11e7-9864-c82a144c0a85
80568d19-0c8c-4b4c-9798-3b4fcaf3e36e;e574de14-3dfa-4bf5-8218-18ffb4f6558e;7b212e92-df61-11e7-aaf4-c82a144c0a85
5211d5d7-957f-4b76-8f53-6448757547aa;9900638f-3fd3-4df3-87ab-395cd3f33f7e;7b20f90c-df61-11e7-a941-c82a144c0a85
2ec3085f-cbef-4576-a7ab-f23e2beab484;10d3daf2-6673-458e-a31f-2cd7034c344f;7b20e8d8-df61-11e7-8928-c82a144c0a85
0b14b19e-9e55-4733-aad8-125dd7dfb0b3;83c92f9f-ea5d-4575-aa80-2c075af85282;7b212b86-df61-11e7-9f98-c82a144c0a85
1d9487f9-37e8-47d3-b7b4-5c03b42e3735;e55814d6-7d0a-4e58-8ba1-7e3ce8b8ed79;7b212e92-df61-11e7-aaf4-c82a144c0a85
20c279fd-e719-454c-bef2-a9980497e256;87fced03-f31f-43d2-9b5c-9a0751d7453c;7b210cfa-df61-11e7-9864-c82a144c0a85
2bfffa70-bd33-4933-86a9-bb4709febd96;1e7b8d66-b176-4b9d-9622-656ccd2c1a5d;7b211b34-df61-11e7-b235-c82a144c0a85
5b74b22e-b4d4-4b46-9656-8e96f6913575;84780f91-20b6-4e87-aab9-10de1ebc9507;7b212d98-df61-11e7-95f7-c82a144c0a85
d05d909c-47a5-48ed-a1d3-07d6fa4614b7;bae91ab9-41c6-4212-8552-36452678c7c1;7b210cfa-df61-11e7-9864-c82a144c0a85
ca81909b-6a34-4e59-8dc1-5ae94c56f992;3a46164b-1df3-4fcc-ad13-098b56805667;7b21152e-df61-11e7-bdcf-c82a144c0a85
d55269c3-995c-4e4e-bb5c-da3af1c3f02d;be1d8410-69b0-4eeb-85dc-f9e6f825b799;7b212c9e-df61-11e7-a12b-c82a144c0a85
00622473-7de4-4f96-ace6-282f5d7f5dd3;9c79004e-39c0-4a51-a483-1cc0fd062987;7b213086-df61-11e7-aa5b-c82a144c0a85
b8de0ab7-c522-45c7-985f-4d4df5183264;372c23c4-c328-420b-b7d4-558458525535;7b212d98-df61-11e7-95f7-c82a144c0a85
fb58cc34-b18b-47a9-89ad-00af86d62776;e485160f-08bf-4296-8fed-b8382cbfce7d;7b2132de-df61-11e7-8882-c82a144c0a85
8319e722-bf6f-4178-b5d9-00a8214b0235;01889c9f-8ad5-477c-8280-b4df3b8b55c0;7b21152e-df61-11e7-bdcf-c82a144c0a85
6478f112-3882-4195-b915-1e5bdc0fa22b;c993e277-3c95-49f7-9235-a51862dbca96;7b2132de-df61-11e7-8882-c82a144c0a85
767052b7-e73b-47d4-9e87-efa8761b924d;76fac7fa-ed3f-4892-8d5f-5fbba19b8324;7b212e92-df61-11e7-aaf4-c82a144c0a85
321c0c35-bf25-4e05-a983-d9482b2cb5b8;d02adfcc-d548-478d-ad5e-684c531f54ec;7b212c9e-df61-11e7-a12b-c82a144c0a85
7a37d6e7-d0e2-4ffc-83f5-6060e5ddbd74;cc8495cb-8746-4f9e-bf02-ace953c761e0;7b212e92-df61-11e7-aaf4-c82a144c0a85
493d283e-105a-4039-bdb8-c097dcecd55c;b58e99be-e872-4b6c-af1e-569e9a4abecc;7b212d98-df61-11e7-95f7-c82a144c0a85
684f807e-feb9-4154-9d2d-ed755c997c38;7b2bd84b-8c09-4cd4-abe5-6e1acd6fc5b3;7b212d98-df61-11e7-95f7-c82a144c0a85
f0b64387-45c4-4371-8583-dae15b4ba560;b496e958-5916-49cf-9842-b1d90d6cb38b;7b210e1c-df61-11e7-b99b-c82a144c0a85
e77d912d-7a49-4ab2-a889-6c4e10160ff1;2a454993-c0e0-4193-9d3f-5705c4c263eb;7b212b86-df61-11e7-9f98-c82a144c0a85
ed481735-3b31-4b35-824c-e4b632c3036d;bced7b82-3126-4f9e-9bf6-2ae89bc99e04;7b21152e-df61-11e7-bdcf-c82a144c0a85
f0754b82-c6be-471f-bccc-9b19cd072c88;9fe06a8f-e7f1-4a32-b9d8-59d9ca8aa735;7b212d98-df61-11e7-95f7-c82a144c0a85
6e929eb5-c77d-4d1f-bb5e-90c1be290825;b1eac9ca-0c40-493c-9570-7058f2178cbb;7b210cfa-df61-11e7-9864-c82a144c0a85
8c70dd80-e8f6-46be-9b4a-6725085e022c;7351d3f7-7ef9-49ee-98f2-d7ec25917b59;7b212b86-df61-11e7-9f98-c82a144c0a85
d28909ff-bba4-4574-8d34-6109adfe6c87;f1d87de9-5b1f-4edd-ac23-0519b36fb97e;7b20ed7e-df61-11e7-bb65-c82a144c0a85
051673c1-c57e-4be8-99b1-abc3fbb65396;875f1cff-1f65-44e9-bd0d-7872932cef33;7b20e63a-df61-11e7-b49c-c82a144c0a85
551ebaa3-f955-4676-996f-1c6f0f57c389;5d226c3c-24ea-4f08-b346-b748e746b041;7b212b86-df61-11e7-9f98-c82a144c0a85
256bd82b-71b5-4402-9630-55a4e8a2a8b9;b9b5d67a-8151-4fec-9470-63eafb6cfa42;7b214aa8-df61-11e7-a515-c82a144c0a85
89bbc249-67c5-47a6-90c2-52a741253ffe;4fdc929b-b762-413a-a705-ced0db9abd7a;7b212d98-df61-11e7-95f7-c82a144c0a85
6155bd20-42b4-4e92-b506-d2b1b2cbe764;f76a179b-efbc-4607-bb3d-ef7f8f963d1e;7b210cfa-df61-11e7-9864-c82a144c0a85
5021d7c9-f05f-4db2-a31d-fcb85b48ab97;b1dbaccb-d755-4316-bc3b-ac6ddeb90e01;7b210cfa-df61-11e7-9864-c82a144c0a85
0ecb11ca-46dd-4666-b71f-2fd9dadbc251;caf66e4b-082b-434d-b4fc-9f1e9fa59aef;7b21193e-df61-11e7-8869-c82a144c0a85
913c38fd-48d2-4858-8a84-85a717930671;2eefa044-93c6-4c1a-aeb2-5d58384c240c;7b210070-df61-11e7-97e9-c82a144c0a85
8ce7664a-3c3e-4d3c-b2b3-5a3a862aefad;b50f2c18-862d-431a-8901-f1431b370f40;7b212b86-df61-11e7-9f98-c82a144c0a85
9b7ff925-c870-4da3-89d1-3923a18ed91a;f6156b9e-4ef4-4be1-8eb5-68f1ba636c07;7b2138a6-df61-11e7-baf1-c82a144c0a85
3e103cae-c94d-4790-b14e-416f81d0a518;e5a72b5a-ff31-49e0-b4b9-635c94eb950c;7b21152e-df61-11e7-bdcf-c82a144c0a85
da1340d4-d111-4c18-9b6c-e7135c3ccbbc;abc1b50d-07ec-4764-a1e5-78bf6b9dca2b;7b20ed7e-df61-11e7-bb65-c82a144c0a85
259f1197-6778-4c54-bfbb-61d10fe7a1ef;9686faf9-05bd-46e9-8764-be92fd81d0b3;7b212d98-df61-11e7-95f7-c82a144c0a85
1253e597-993b-45b7-b92e-52f2c1c0e7b4;4da1e426-eef3-4fd9-8817-e931b5836aa7;7b2138a6-df61-11e7-baf1-c82a144c0a85
bd0aa46c-f59a-4313-8451-a5532b3332c2;50a162dc-c04c-461c-81f3-1a3eb2c209d8;7b212b86-df61-11e7-9f98-c82a144c0a85
c552e1c3-6089-447f-8e09-fecd194cdd8a;e77bff5f-e869-4215-b584-e1915684aad4;7b2138a6-df61-11e7-baf1-c82a144c0a85
ed3bd428-9935-46d4-b978-a1e9f4b136de;89dbadee-ae57-4e6c-a5e4-d76e4e5dd2fa;7b20f90c-df61-11e7-a941-c82a144c0a85
7abac25a-13ed-478e-82e7-94977f8d34b3;0372c897-13d1-4321-9fea-23bb7197902c;7b212e92-df61-11e7-aaf4-c82a144c0a85
8807d909-9c57-4292-9447-506377464be6;2ff07dea-690d-41a3-b066-99829cfa0c9d;7b212e92-df61-11e7-aaf4-c82a144c0a85
1b44b5d2-5b5f-4578-b6db-c94f52dd81a9;34871b88-b99b-473c-b5f8-19773a9cae62;7b20e63a-df61-11e7-b49c-c82a144c0a85
b3131f71-3791-428e-ade1-6470e9225c4b;e443a450-2284-4df0-8517-4446c394b32a;7b2107c8-df61-11e7-a617-c82a144c0a85
2b5aaf68-d0f7-4177-8aec-83dd55f63b6f;affe47c7-470b-43e9-8c34-cc5128c8cd85;7b21444a-df61-11e7-a137-c82a144c0a85
2f06bc41-21e5-4d23-a8a0-295599e79936;d9e341a0-3f3e-45fa-9703-72067712ecd5;7b210cfa-df61-11e7-9864-c82a144c0a85
4ee47d8d-c238-4c05-b013-a70a4df8109d;74551e3f-e006-41d2-a534-2822fc6693bc;7b211a38-df61-11e7-b1b8-c82a144c0a85
53bfdc84-6f61-4fdd-bf02-e4caab03e814;4fda6677-10b5-405e-b71a-2a8945a64607;7b212c9e-df61-11e7-a12b-c82a144c0a85
6a771f89-c47a-488f-a8e0-53e53a92940a;f0a51bd6-923d-4f15-8430-de1df959d994;7b211a38-df61-11e7-b1b8-c82a144c0a85
4f477f2b-b4ad-440b-8ee8-e64ec72d5111;be981891-5ef9-4aa1-8030-377d10e2d956;7b212e92-df61-11e7-aaf4-c82a144c0a85
693b1316-c93d-49b4-be24-589cb5bd998a;7b0afa8b-8787-479d-bce1-41cfa4a54796;7b2138a6-df61-11e7-baf1-c82a144c0a85
8393d0c0-5c55-4b26-baba-c53f33d4dca1;983fa242-0552-4a45-a3cb-4c672f5ca418;7b210cfa-df61-11e7-9864-c82a144c0a85
c612f43e-6d7d-46bb-9de6-7e65f5d7f7e2;4203c480-8e06-4498-8bef-56fcaf151d14;7b212e92-df61-11e7-aaf4-c82a144c0a85
4eddf829-980e-441d-9a08-94a55bad34b9;3ffc03d8-f492-4999-8f8f-2cc22c4e2257;7b210070-df61-11e7-97e9-c82a144c0a85
3aefd5b0-a8bd-462b-93d5-49a21d2bb0c5;860c915f-11fc-40d4-a318-00b2faf0db43;7b214aa8-df61-11e7-a515-c82a144c0a85
f4d9dfe5-4587-4bf3-afda-0c186bd0a103;43657eca-a6a7-473c-915e-ec5dee9b0a82;7b211a38-df61-11e7-b1b8-c82a144c0a85
344ee363-dace-488b-9574-14b955d42325;83a8296b-e7c9-4d8e-b3e2-d838973d2e47;7b211b34-df61-11e7-b235-c82a144c0a85
b80f90a1-2822-436c-82d3-a9fe3eb957b5;bb6d668a-44a9-4856-af10-c429de1e1515;7b20e63a-df61-11e7-b49c-c82a144c0a85
0c4cc357-ae1c-48aa-9a89-25ef87140ecf;2ea766d5-71f7-4617-a7f9-90864929927b;7b212b86-df61-11e7-9f98-c82a144c0a85
1d071130-fbdd-4dcc-863f-ce5af48f427b;18824429-1476-4edd-9b14-0279816f1933;7b20e8d8-df61-11e7-8928-c82a144c0a85
5880de41-fa6c-449e-8488-d2b2d3ebb524;ad848562-ac5b-4b8a-9df5-91518937805b;7b212b86-df61-11e7-9f98-c82a144c0a85
998ac900-a332-490b-a6b0-dee377606693;7a895425-cc27-42bc-a153-af16eea2a168;7b212c9e-df61-11e7-a12b-c82a144c0a85
78ca5289-ec5d-4bd3-804a-a61a282a4eeb;3e61baf2-5dc3-4b7c-8525-9b6caa27f1ca;7b212d98-df61-11e7-95f7-c82a144c0a85
b272038d-7d0c-4b0f-9104-1d0ef5b1e0fa;bec9926a-3f01-4dbe-819c-86515825163c;7b210cfa-df61-11e7-9864-c82a144c0a85
60d458bc-6ce7-4b97-b856-f4e4b1366391;d64026e0-3a2b-4754-ae79-2cd162e1d512;7b211a38-df61-11e7-b1b8-c82a144c0a85
cc69dae8-32c4-44de-8bae-d6988beb3ab9;b982e7ab-8437-4823-a930-d11c597f6d90;7b20ed7e-df61-11e7-bb65-c82a144c0a85
11e44f1c-e267-4082-832c-31a0d9c8e563;f35880cb-af81-46da-9ad7-507859a6cb58;7b21152e-df61-11e7-bdcf-c82a144c0a85
c45fb3b8-07dc-4891-b090-1113589d27a8;c6ecc790-5d69-43d1-8073-e2f489079a7a;7b210cfa-df61-11e7-9864-c82a144c0a85
63623761-2b87-4b4d-81e2-ff37de80e158;6d1bcc72-ba5c-4ff1-b0ef-e0ace23cab65;7b213c18-df61-11e7-9e2c-c82a144c0a85
333f8aa9-eb09-44c3-a382-818fc1fc6df6;023d4ec6-be25-45fd-989a-eec9e5f676ba;7b213f54-df61-11e7-9eec-c82a144c0a85
b688a8ee-6e58-4c4b-9cea-616fe9d0c4b4;66165bbf-4763-4b3f-851e-e423e4435fe2;7b213c18-df61-11e7-9e2c-c82a144c0a85
50e0de90-e9d4-4fdf-bb06-79ad3ed5fa1b;7c93a2f1-a4ce-422f-9247-1e378e914793;7b21152e-df61-11e7-bdcf-c82a144c0a85
49ee208d-3712-427f-8dd6-a45cfccd6cdc;d361fd19-c815-41d4-9678-1623cc5f8ebd;7b212b86-df61-11e7-9f98-c82a144c0a85
d1eb571e-3d43-463b-ae67-e70dc5494fb2;7be6e43e-7552-47e1-8d66-62729665828b;7b214aa8-df61-11e7-a515-c82a144c0a85
1795c4ac-2808-4211-873b-eac13bb85ab0;46d84457-28fe-4865-9754-3a1b091504fd;7b210cfa-df61-11e7-9864-c82a144c0a85
0c52d132-7014-415f-b5be-c4cceaa20874;cafa7d32-7803-4cc5-b7e4-f8a8a2e2463a;7b212d98-df61-11e7-95f7-c82a144c0a85
5fe6181c-1e30-4022-94db-37e562d2a64f;3b0bdf12-f075-42a5-bc7a-4b653497814d;7b20ed7e-df61-11e7-bb65-c82a144c0a85
a0123585-30a9-49a4-9827-02ac0cb1d53a;3bff4dd7-9a97-4f8c-aa21-db5cd75b83b8;7b2138a6-df61-11e7-baf1-c82a144c0a85
d781d5ab-320a-4ea7-a8f5-aae06668d1b0;a041cfca-3463-467c-8b54-8d398dd5320d;7b210070-df61-11e7-97e9-c82a144c0a85
ec03f353-ea11-4490-ac1f-831ee1130875;f9c405fa-9189-4b01-b3f0-ccf8e5c0d6fa;7b212d98-df61-11e7-95f7-c82a144c0a85
de69c43a-d74c-49fa-9c32-e95b93194000;c1f5f831-4974-4f50-811d-4d29e2a919fd;7b20e63a-df61-11e7-b49c-c82a144c0a85
e63b8dfe-49d9-49b2-a0f8-1356cc7ebc17;e5dbb404-483b-4b61-b3a2-e7f4978a99be;7b212b86-df61-11e7-9f98-c82a144c0a85
ccd71551-cbef-47ee-859f-1da0e6fea436;8e12a02e-14c6-4a8d-b2fe-d4ff56d0cf58;7b212e92-df61-11e7-aaf4-c82a144c0a85
3bc7771e-f37f-42e8-bf64-e446ae9e221a;3348bf6c-f5bc-4103-8969-ec35a7dab70e;7b210070-df61-11e7-97e9-c82a144c0a85
21e33400-f5f8-4375-8be0-c45095e2ceab;ac5749b3-3f33-4c9d-8104-9d69f4ab9d4f;7b2148e6-df61-11e7-b174-c82a144c0a85
6bc71b81-c9bc-44d1-a645-96ed1807350f;5da10c1b-1c36-4dfb-b826-3cd3c744adcb;7b213f54-df61-11e7-9eec-c82a144c0a85
6080655e-5f24-475b-83e5-dd6377ac5932;93fc19b0-7d8f-44fc-95df-abee9c5d2051;7b210cfa-df61-11e7-9864-c82a144c0a85
bcd017a3-3d1b-4529-9446-7ad7250ffdf3;63722131-33db-44ae-9d8f-05d8eba6e2a8;7b210cfa-df61-11e7-9864-c82a144c0a85
d5ec8ac1-7cf9-4e81-84df-c3b811829fd7;8fe0f565-bba4-4a4e-a4c4-8a3ec795968a;7b20e8d8-df61-11e7-8928-c82a144c0a85
f3306a0e-d8d6-4806-942f-c39bb1bca2d2;bd923fb4-48c8-46df-b7a3-b031e5b8df17;7b213f54-df61-11e7-9eec-c82a144c0a85
ce06e1fc-4681-47da-98c2-c715d0f09cf6;2aa45f68-cc74-47ba-94a4-83166f955979;7b214546-df61-11e7-b9be-c82a144c0a85
456cb5ea-bc1c-435a-965f-0855f641c26e;a47ff440-ddf1-49fd-934f-0d4cfb617acc;7b214350-df61-11e7-b1a0-c82a144c0a85
4bc6566e-e94a-470e-b089-ad5a2a94e1b8;55149930-db89-4ee3-9c0f-31b8e2f570bf;7b212b86-df61-11e7-9f98-c82a144c0a85
a810e65a-3eff-455d-96ab-8ce3c8c640d9;449d9f40-11b7-4b42-a12d-f22f28f05da9;7b214aa8-df61-11e7-a515-c82a144c0a85
626fde64-8a32-4ce6-8c08-e08455987328;28d3500f-497a-40e9-aa66-34581e8b5532;7b20ed7e-df61-11e7-bb65-c82a144c0a85
c25ab40e-6118-48c6-ac48-478f925149a0;5a61255e-a90e-4fb4-8fe2-997fd9f07755;7b2138a6-df61-11e7-baf1-c82a144c0a85
6d964228-6da4-46b1-9ef0-47d401cce63c;411658b6-fe84-40b8-9816-7d965a5d44da;7b20e8d8-df61-11e7-8928-c82a144c0a85
ccf82122-64de-4658-a731-5d6e220b38d8;4ddc2804-a188-4928-86ff-8d3db8c92461;7b212d98-df61-11e7-95f7-c82a144c0a85
846e614d-f186-4984-ac63-c477eaedded0;1c1d5d0b-7e79-43cd-a77a-3891ec94aea0;7b212d98-df61-11e7-95f7-c82a144c0a85
bb73e021-1706-4b39-8c5b-0ab5a5ca510b;003eb9bc-5448-4d90-b525-0f2ee0619c0c;7b21152e-df61-11e7-bdcf-c82a144c0a85
f4698207-1872-4c8f-83cb-053798f4e749;b03f1e10-3be9-4b91-a650-3a22c1fa0e50;7b212d98-df61-11e7-95f7-c82a144c0a85
73426467-39cd-4d23-bd40-f85ee30d7e65;be3a2fcf-80a3-41df-99b4-d9b1ef465474;7b212d98-df61-11e7-95f7-c82a144c0a85
4ba5418d-0b26-4706-b774-4170de2de71f;dc44cbfe-6f89-4218-8039-279e5a94a35b;7b21193e-df61-11e7-8869-c82a144c0a85
92f57c80-3e1f-493f-b9f7-113cb714ec2b;d1cb4376-bc95-4b55-8ef5-7323244603ae;7b213e50-df61-11e7-918f-c82a144c0a85
f69ea03a-1e0b-40c3-9cfe-e78d60ff8b58;19cd5c99-098b-419a-b7f0-4f2206aab143;7b21193e-df61-11e7-8869-c82a144c0a85
ba528533-bb8c-4cb0-b082-e2d844b1d897;6ac57fcc-375e-4bfa-bb12-58282bc39d65;7b2139c8-df61-11e7-8d64-c82a144c0a85
6ace9f02-63c4-4182-8f95-b211874bbdc8;7c51a6a7-30c6-4831-8b22-dbc7ae53dc9d;7b20e63a-df61-11e7-b49c-c82a144c0a85
61df9c87-d12c-4231-9180-a566be41a085;2ea11555-1e9e-4ffd-bafe-82cb091c9247;7b2148e6-df61-11e7-b174-c82a144c0a85
c3fc191e-ef98-4391-bc88-c76ffd170bd4;0f072cbd-9aa6-4c49-b08b-cc4db7e57706;7b2138a6-df61-11e7-baf1-c82a144c0a85
d1b1aab3-ab93-4c52-be14-b3b5ef21048e;c42a1e47-9514-4dab-b6b0-d57c8e1b54a2;7b2138a6-df61-11e7-baf1-c82a144c0a85
60df4124-6b26-4c50-9b33-bf988db920c1;e5c284f5-ace1-40cd-aaf9-dacfae8cb597;7b212c9e-df61-11e7-a12b-c82a144c0a85
e726c3ac-b43f-46b2-b99f-dc553b56eb38;804d5f88-d889-402b-8532-93ad90fc28f9;7b1a2ee4-df61-11e7-a2f6-c82a144c0a85
6ba6d94b-9fc5-4b9b-981c-00ab25f5c954;f02ce5d9-77c1-49a2-84ba-85ce00555351;7b20ed7e-df61-11e7-bb65-c82a144c0a85
7a391f3e-7ca9-4f3e-98ef-59e8e0c3dc5c;64b98ae2-99a2-4414-b462-9ddbd929bfe8;7b20ed7e-df61-11e7-bb65-c82a144c0a85
0b4b902e-0f95-434f-bfac-05025cbfc976;8e0b9de0-1eb4-41a6-9a2a-4325baa6fe50;7b21152e-df61-11e7-bdcf-c82a144c0a85
677516c8-bef9-4f69-8587-51c1d2065459;92d342ad-3fdb-4c5b-8574-bbb8631bddbf;7b210cfa-df61-11e7-9864-c82a144c0a85
6b5d4349-7b60-4f76-8196-196a2ee5f736;56670143-36bb-497e-ada6-ee03cc1387e2;7b20ed7e-df61-11e7-bb65-c82a144c0a85
ec1ee210-9bbe-416c-9af5-8a2944b34b3f;98e10777-fb5e-4113-baf6-25ed78de968e;7b210cfa-df61-11e7-9864-c82a144c0a85
df84003f-e61c-49fa-8572-e693ace8ca2f;f1c03b4a-000b-439d-a147-c6f4517efc26;7b212e92-df61-11e7-aaf4-c82a144c0a85
ae64e169-a609-4b8e-933b-3c94e0d3190d;a728ef4b-cb7f-4aee-87f9-e0293a080018;7b210cfa-df61-11e7-9864-c82a144c0a85
a63541df-56bb-4743-a85b-11bb9258fc9a;171ea5d6-0d9f-4486-96cc-971025111d61;7b210cfa-df61-11e7-9864-c82a144c0a85
e92076cb-9b57-4813-a42f-7c7b0dd7a079;7e0f42b4-b157-464b-8205-b8682d76f284;7b211a38-df61-11e7-b1b8-c82a144c0a85
4d9c1eec-873c-42b0-a73e-f9de3c55b4bc;8575bbd4-9e7c-4dd9-a8bf-c7af2a77b21b;7b210cfa-df61-11e7-9864-c82a144c0a85
61b07e41-ebec-4d81-8179-4dec4817d7d8;82b41f52-2f57-46c0-915d-3171f8391342;7b210cfa-df61-11e7-9864-c82a144c0a85
33bfde7a-a57c-41c7-be30-529c9acb6996;a4a4d0d9-77ca-435d-a971-3488d1446e56;7b212e92-df61-11e7-aaf4-c82a144c0a85
a8750724-7af8-42a8-a8a8-e31c8deccdde;d48069bf-0959-4d22-9bfb-6437c9cd6b7b;7b212c9e-df61-11e7-a12b-c82a144c0a85
f59be086-5ec7-4945-931e-c134cc75bea9;4f37bab5-1bf9-412f-9294-7fff1e750e0e;7b212d98-df61-11e7-95f7-c82a144c0a85
7a625c37-fa84-4ed2-8e2f-78d590044977;da5d874b-93f0-4c86-9872-199d701e0fca;7b20e8d8-df61-11e7-8928-c82a144c0a85
910b5b85-07bb-419d-a3e9-104169c65173;b8824011-d8a7-4d56-a193-3c4e6d25ee0a;7b212e92-df61-11e7-aaf4-c82a144c0a85
03bfcc11-6533-4354-b984-8c8e49d6cea0;23d25f54-bd4e-470b-be58-a4a24618fcf2;7b20e63a-df61-11e7-b49c-c82a144c0a85
a190e65f-6f44-4d05-93dd-b54329e43dd4;1038a232-eaf1-44a2-b2d3-1199cbb1f196;7b2107c8-df61-11e7-a617-c82a144c0a85
85fb94d0-36f3-4d4d-b020-348d9b471ae8;61d77154-c91a-4d21-8670-0d057da1cf02;7b20e8d8-df61-11e7-8928-c82a144c0a85
474a3c81-5728-4c21-9666-0a89b1ec3001;2a57ecbd-04eb-4a44-b822-58304cee15d0;7b2148e6-df61-11e7-b174-c82a144c0a85
c4f84d87-1266-4fdc-be0a-cd0d49115afb;b82a9fa8-4422-43d9-9bfb-1e77fb97ef90;7b213f54-df61-11e7-9eec-c82a144c0a85
f6afc2e1-e8b5-48c6-8d05-32334709fb61;58b4ec7b-55fd-452c-b99a-5ea641168725;7b214546-df61-11e7-b9be-c82a144c0a85
d4102a38-f342-4010-a85d-3a3daeb65cf1;92efd79b-a977-4c5c-8333-5a77bebde871;7b214350-df61-11e7-b1a0-c82a144c0a85
bc60502f-7fc1-42e8-9ec5-c21cc25d4a75;bfb3a1ab-07e5-4183-bc0b-24519166360c;7b2107c8-df61-11e7-a617-c82a144c0a85
d531db7c-e218-40ee-b6de-2e743faef5ba;1233f462-b183-4d53-87a1-15daa1f21464;7b214aa8-df61-11e7-a515-c82a144c0a85
efe0e5ef-b3ae-47cd-9d99-2fbb5ee8d6a1;7f7b095b-7ddf-44f3-92d4-d5a3d404ecd9;7b214350-df61-11e7-b1a0-c82a144c0a85
a0736648-4d3c-4dc1-8a8c-4aa4dec32ba0;50498198-f7f9-4b69-bf0d-08c1aee411f8;7b211a38-df61-11e7-b1b8-c82a144c0a85
1f50bb4f-9582-4e65-8797-5677d4d1c78a;42a0d6fa-9da9-46ba-a830-741dee2f30f0;7b212e92-df61-11e7-aaf4-c82a144c0a85
adc03d20-315b-4a1b-b249-d0abf27cde77;0efea99b-ffe0-4e97-b498-2021cd7b9d5f;7b212d98-df61-11e7-95f7-c82a144c0a85
87f0cb6c-ca13-48a6-abc5-4856c8eb79e0;b6757d5c-8cac-4386-8b0d-d141221fafae;7b21152e-df61-11e7-bdcf-c82a144c0a85
b6126b97-66a2-41d2-85c5-3212abeb4cc4;619d884f-de7d-4df6-af78-b4d3c49ff075;7b20e63a-df61-11e7-b49c-c82a144c0a85
6f32cdcc-e42f-4782-badd-bcd7647ef6b3;7deed95b-da99-4dc7-a130-a897cef5b04b;7b213f54-df61-11e7-9eec-c82a144c0a85
08ede58d-e35c-4dfd-851a-6e470f23b970;1bf55d79-50fd-42e4-aefd-81a6d7ca84d4;7b212d98-df61-11e7-95f7-c82a144c0a85
6d89d372-bfed-47dd-9449-063fd6a8b6cb;3ee01210-ec8c-4cf5-8a97-b22022cbc057;7b212e92-df61-11e7-aaf4-c82a144c0a85
63b84431-04be-4f2a-a8c4-d31fc215114e;26ed0a5d-a4c3-4cb8-b28e-6803da9ddc79;7b211a38-df61-11e7-b1b8-c82a144c0a85
79cd513f-d416-4641-ad29-856538a401ed;510abe49-762e-4f46-828d-72de73b04df9;7b213086-df61-11e7-aa5b-c82a144c0a85
6b406fbb-bfa2-4a20-9bc4-7167a4035daf;0408fe24-f65a-4081-84d0-ea7765d4ced7;7b2138a6-df61-11e7-baf1-c82a144c0a85
e76c1de2-f4ff-4ce2-b463-ae562cf8ca9c;4c7ca753-108d-4d3d-bc22-8c793ea0878a;7b212d98-df61-11e7-95f7-c82a144c0a85
f2c2872d-a855-4963-a89b-eab7c3194c8d;0dca1e04-dfdd-4404-86d8-1a660c63f3bf;7b2139c8-df61-11e7-8d64-c82a144c0a85
99f45676-d2d7-40fb-a7c4-f489bb754cf5;ca06623d-de3b-4610-af1c-132a0d12d5da;7b20e8d8-df61-11e7-8928-c82a144c0a85
7e403758-c866-4a33-8720-4e0d464488bb;4a6a9e86-fbb1-447d-8930-ae9a634e0c16;7b213086-df61-11e7-aa5b-c82a144c0a85
b6406c2e-5789-46c1-aabd-c467ce19191b;9135143e-56e2-4253-81df-329879f5b561;7b211a38-df61-11e7-b1b8-c82a144c0a85
5866c430-837c-4db0-807e-c7ff8391d69a;d59d8408-928c-4694-874e-c89c649ef445;7b211b34-df61-11e7-b235-c82a144c0a85
aac8ac75-205d-4391-a532-e033ced05a7b;1375037e-0335-4030-afb0-47796328e7e6;7b20f90c-df61-11e7-a941-c82a144c0a85
1d3c415f-7e37-4a0c-af6c-099b7e548b8f;d26b16f3-534d-4da7-a2fe-cf40582eb166;7b214546-df61-11e7-b9be-c82a144c0a85
4b5a64ba-b94f-4539-a6c6-2022c34362ba;b4f6396f-81aa-4e18-8c2e-6fb74fcbbfa3;7b211a38-df61-11e7-b1b8-c82a144c0a85
5d33d226-0111-446f-b30a-9270c1fad402;095dfbc4-13dd-447a-9cc1-855305ff5ddf;7b210070-df61-11e7-97e9-c82a144c0a85
e4f5d4e9-6691-4c79-8eb6-afe55377b714;3e820d5c-2778-45e8-a051-e4c59c6d220e;7b20f90c-df61-11e7-a941-c82a144c0a85
4d3bee8c-89c1-40fa-a17a-20a765f7d09d;20e43910-eebd-4f31-8fb8-e668235b9020;7b211a38-df61-11e7-b1b8-c82a144c0a85
4bad2e66-64e8-4e97-a7eb-05a106bfc521;f991dd40-9a24-4e32-b6ce-bde4779a3a93;7b210cfa-df61-11e7-9864-c82a144c0a85
f42f925e-9043-4824-9b22-4189ee9cfda8;9981e229-86f1-4ff3-a53d-6c6057e27e38;7b210070-df61-11e7-97e9-c82a144c0a85
9151a875-d23d-4d93-b2fb-5346395b5ffb;a689fa4a-1100-4653-932e-2ea711701eda;7b210070-df61-11e7-97e9-c82a144c0a85
6b51071e-c26c-4a97-a855-c61a4586b823;65dfd8c9-d08f-4fae-82d6-c3dc4f6c2fa5;7b210e1c-df61-11e7-b99b-c82a144c0a85
bea68a0e-3b71-48e3-9af8-2d0dee7b72a4;986ecfd9-87fe-4fe2-90b5-6e708ff03719;7b213f54-df61-11e7-9eec-c82a144c0a85
91e3e1cd-6a65-4d7c-89f5-87af33edf971;859335e0-41e2-4944-9af3-4f2985c1fc7a;7b213086-df61-11e7-aa5b-c82a144c0a85
84148f05-dfb6-4c18-8d19-51b13e946d2a;28344411-594e-4f53-ad01-0081bda68758;7b214350-df61-11e7-b1a0-c82a144c0a85
d8988aa9-cd1c-4f18-8f65-264dae87a208;fb5404c1-2185-4aea-bce7-1f673a1cb342;7b21152e-df61-11e7-bdcf-c82a144c0a85
27daf249-4cb5-4e57-9b52-d1d5bb540a0f;a9ba9483-1b9a-4fe5-b6a6-9665c17016aa;7b2139c8-df61-11e7-8d64-c82a144c0a85
b05cf0f3-f82e-491a-b2cd-9c047f356053;c5572a4c-e546-408a-b780-193e240dbf62;7b20ed7e-df61-11e7-bb65-c82a144c0a85
f6a4965f-33d0-4e27-9826-867b317cbc70;6c376011-a90c-42da-8999-302cc3a15fb3;7b21152e-df61-11e7-bdcf-c82a144c0a85
c975c2d7-7944-49a5-8e28-acf7aef66642;99c3cedc-3676-40a1-9633-d71b39a37186;7b211b34-df61-11e7-b235-c82a144c0a85
1680658d-f6ce-40b8-8001-193f27796f1e;8e94205b-f08e-4c69-acf9-968f3ae982ce;7b20f90c-df61-11e7-a941-c82a144c0a85
fec78fcd-3848-4b38-a7a5-708e797bc716;de890e20-ee2e-4037-8595-4bd2cfe54750;7b211a38-df61-11e7-b1b8-c82a144c0a85
fb21e134-ea99-4cd4-b593-ff603b69741a;9d5185cd-7937-4b36-b766-3dcaa77c40b6;7b214aa8-df61-11e7-a515-c82a144c0a85
95082bb8-7c5a-4d35-9e9a-108159f9ca1d;34344c27-1137-4e0f-b3b6-b2e72e9297fb;7b211b34-df61-11e7-b235-c82a144c0a85
0fcb65a9-811c-4128-bf8d-960795f5e5f7;52f05add-000f-48b9-95e7-826c8fd5822d;7b2138a6-df61-11e7-baf1-c82a144c0a85
1b6d5129-657b-4ebd-a09d-c2e4d37ea830;efe2373a-d4fc-4030-b495-be478c024f3a;7b210070-df61-11e7-97e9-c82a144c0a85
d2d84419-4e56-4f62-a4db-4a11f1824c8a;d2b85d38-99f3-4241-8f03-370a2d1cb949;7b212d98-df61-11e7-95f7-c82a144c0a85
36ebe006-9295-4e6a-86fe-ee27da7381e2;f9f064c7-c37f-45d6-abef-7133777bf845;7b214546-df61-11e7-b9be-c82a144c0a85
8fa9190d-ada5-40ef-9074-99fbe6acd4c1;550770a6-fade-427d-97d3-297160216636;7b211a38-df61-11e7-b1b8-c82a144c0a85
6af59624-dfb2-4a6c-b7d3-a142147a7c6d;cf5cdd92-9e84-4c29-addd-ad28dafcbcaf;7b212b86-df61-11e7-9f98-c82a144c0a85
ad9cba80-868e-44ff-a995-6ae7db64f634;8f9b917c-7a6b-4154-80d2-df3f57932f4b;7b2132de-df61-11e7-8882-c82a144c0a85
7fb362a1-0563-45a9-8d9a-4608ce5f7858;26f59066-a27a-434c-b5bc-2c2635768fbe;7b211b34-df61-11e7-b235-c82a144c0a85
3b3e0664-b478-4b7a-bcf8-cf9057c8eda1;616a6c48-fa9e-4c3a-a618-4081ea569243;7b211b34-df61-11e7-b235-c82a144c0a85
7b99393d-a99f-45b7-9a3b-6f4c24ef4a96;b470e745-cbb4-4adc-83e1-8ae03dbe216f;7b210cfa-df61-11e7-9864-c82a144c0a85
1a087472-0bb1-46d5-a1fa-b8129551f06c;678b1427-7e7d-430b-a7f3-8969515bd1a1;7b214aa8-df61-11e7-a515-c82a144c0a85
f615b671-930a-46bc-bce0-006f9916ada8;fdb48598-ee2b-4989-b8e7-8f260d81dd25;7b2138a6-df61-11e7-baf1-c82a144c0a85
3d10cca6-355f-409b-aaaf-31956b3f993a;af232f91-d3ff-4c1a-98c1-6812b626d106;7b212d98-df61-11e7-95f7-c82a144c0a85
0e485223-43a2-4e65-a486-f2f7a96ef9cc;1a1b4145-0041-4c26-870a-2b77ac413233;7b210cfa-df61-11e7-9864-c82a144c0a85
b1dfd798-0d43-4ce6-a896-4d18ae20fb11;5d9e5c79-0da2-4bfa-9a62-7bac3083faa1;7b21193e-df61-11e7-8869-c82a144c0a85
f3a815f2-60ba-418d-9634-787e9c43d4d9;5b38f08c-d9c0-45dd-8ed8-c9e29fdcdfd2;7b212e92-df61-11e7-aaf4-c82a144c0a85
36caaa30-c81c-4612-9d81-458ae2ac153a;569a62fa-b7c3-43ac-83ef-fb1ca9fb81ff;7b210cfa-df61-11e7-9864-c82a144c0a85
02cbd85f-e5de-4352-9d50-0101c11cbbc0;5cd56342-7ee3-48a1-b656-072bc623edde;7b211b34-df61-11e7-b235-c82a144c0a85
123486c8-2512-4281-9124-e999ddb6b740;a44a49e7-037e-40e9-93eb-4e6be65aa162;7b20f90c-df61-11e7-a941-c82a144c0a85
052c30b4-4967-4bbe-a6fe-f0336b768172;fc2beecf-ad6e-4ee8-b94b-f7d9de006ac2;7b214aa8-df61-11e7-a515-c82a144c0a85
409f545b-e9ba-40e9-bda1-2c3a3c113b17;cf3dce55-d44a-41d4-9476-db0602ce330b;7b210070-df61-11e7-97e9-c82a144c0a85
8155fc8e-399e-4105-a35f-f2563b650b38;14408407-2c9c-4296-8427-5955663336aa;7b2107c8-df61-11e7-a617-c82a144c0a85
4a84bc6c-5895-4786-98c7-f875e73fff7a;2f80e42a-6972-4e7e-85ee-22f2707d0564;7b2139c8-df61-11e7-8d64-c82a144c0a85
80e1685f-6d29-4837-82e5-ea379c67b202;402c0681-ff36-4c78-8f68-716c1b2c51f2;7b211a38-df61-11e7-b1b8-c82a144c0a85
afd463ed-3949-4b2f-a64a-c84d2176083c;4a8ca250-d982-4326-ac20-afcb9b818dc3;7b211a38-df61-11e7-b1b8-c82a144c0a85
ae6af6ac-0397-48b1-aa3e-c8a744a7b72e;da6228ce-fa40-4217-ad2b-b4b18ea72263;7b2138a6-df61-11e7-baf1-c82a144c0a85
202a463d-ed88-48d5-9412-108a5ded0e11;39d5ebd7-5b38-4955-9ebc-529f3d9c67af;7b212b86-df61-11e7-9f98-c82a144c0a85
1f2bc1d0-b8a8-46ba-b20d-a704f275451a;c2e389a7-2d72-44e5-8101-bc8d26a9e796;7b212e92-df61-11e7-aaf4-c82a144c0a85
124252f4-4e7a-4480-8633-469a189f3863;9a983a7c-8355-4f18-b240-3b59618a3482;7b2138a6-df61-11e7-baf1-c82a144c0a85
2180e796-afa2-4d05-b1b5-2481820d7ee7;189bdf81-fd6d-47f8-aa81-a99850d9806d;7b211a38-df61-11e7-b1b8-c82a144c0a85
2ded4a78-9560-40d8-9cf5-90e51ee7e05e;dc929f14-38cc-452b-8611-9c15639fd33c;7b214350-df61-11e7-b1a0-c82a144c0a85
6e93560a-8ed6-4347-a36e-37f8b3367df6;e0d5a0ff-0de7-4816-951a-371e237eaf3c;7b213b12-df61-11e7-b867-c82a144c0a85
d3fe7ff8-7b6b-42ce-b453-00d29cc87bfa;76f156d7-dc16-4830-a77c-914b5acb63af;7b213f54-df61-11e7-9eec-c82a144c0a85
688838a1-4ba0-47dc-a092-051c853bfee7;4e98792c-6609-4364-aa21-881d97e64027;7b211a38-df61-11e7-b1b8-c82a144c0a85
cea37a9e-a236-4c67-a5af-c3a27be8d747;0943ddd4-a832-4efe-baf9-ef34c73a4d8e;7b212e92-df61-11e7-aaf4-c82a144c0a85
d51e28c6-c00e-4ade-a19d-9b8add8f45d5;2170b7e6-41bc-4e0d-b11e-76068647dabd;7b212e92-df61-11e7-aaf4-c82a144c0a85
ce74ae53-77f4-4de5-b3ce-5282a06aa094;37816050-9d68-4373-87b5-d3e4fc067c04;7b21152e-df61-11e7-bdcf-c82a144c0a85
66225d49-2a4b-4c06-87bf-6ae7c2f3a255;cc7f7d3a-9688-48f9-8615-bd85506b2198;7b2138a6-df61-11e7-baf1-c82a144c0a85
e52ea19f-3bb7-40a9-9658-87446de1fa8f;b113b631-1ca4-4aae-abf6-3138b1446711;7b20e63a-df61-11e7-b49c-c82a144c0a85
7d36771e-6765-43cd-b84e-d5f8d75b8532;6a69ca45-27c2-4d62-add4-3960fafb6eba;7b214aa8-df61-11e7-a515-c82a144c0a85
89f55f70-1473-47cf-9547-a67dfdc146fd;052731a9-2630-41ba-8a71-33146377b179;7b21152e-df61-11e7-bdcf-c82a144c0a85
c71c8825-e044-4f31-9983-b8a24bdbe615;ef573748-5e0c-4039-a9a3-4694a2281b87;7b211a38-df61-11e7-b1b8-c82a144c0a85
643664f8-9b4b-418a-9c19-f90737158855;7bc3cf7b-7c7b-4d63-8f5b-95e4c952c40e;7b212e92-df61-11e7-aaf4-c82a144c0a85
d7b78f56-faa3-47ec-a31e-a7c6982c6c07;1a157d62-d9ec-422a-aa0d-9943cca75876;7b212e92-df61-11e7-aaf4-c82a144c0a85
1b9aa972-71e6-4b59-a4d3-1c2b5c15d9d9;5a8d3abc-feb5-4fc7-a61d-fad579d97dcf;7b2139c8-df61-11e7-8d64-c82a144c0a85
8ba8e3e7-2df7-4581-a281-a2b254539f0a;4f11dbba-669c-4687-a6ef-fb4dfb87b549;7b2138a6-df61-11e7-baf1-c82a144c0a85
173e3f1a-b89a-4cc7-bec8-7263f371829b;95990b1d-93d7-45ac-9730-62a0ae5606dd;7b20e8d8-df61-11e7-8928-c82a144c0a85
c720bc3c-44de-411c-9180-0cad00cf6cff;64f9acc4-5dfa-48c1-9dde-35a8bf9cf299;7b211b34-df61-11e7-b235-c82a144c0a85
a2d918d9-4506-4099-9cff-64b481997e2b;700e870b-6417-4f22-a4dc-27ad2e849552;7b212b86-df61-11e7-9f98-c82a144c0a85
90179767-f667-4a7c-a382-842c31d10bd7;841042ba-a2dc-4d8c-a02c-ccd6c75aaaae;7b210cfa-df61-11e7-9864-c82a144c0a85
d63b889a-0b92-42fd-8a57-eb9a0576f035;96c19651-d5e9-4a59-8a3c-7c7aa25193ae;7b214546-df61-11e7-b9be-c82a144c0a85
d20acb32-0b98-4698-a753-47f4e53499b1;8a4c6b38-affc-47a8-9e54-ed4888ac97f0;7b214350-df61-11e7-b1a0-c82a144c0a85
ee4e1b4d-6402-42d4-b8c3-a7873ab0ec06;ca54849b-6a3c-4356-868d-cc5c6a00a804;7b20e8d8-df61-11e7-8928-c82a144c0a85
333045ee-f313-40df-ba5c-7aa9851e75aa;11bfd227-4a04-4ea6-ab46-10e3a254a381;7b210cfa-df61-11e7-9864-c82a144c0a85
53b97fa3-b99f-44a0-99de-590699768ce5;45da5a51-850d-4db1-8e5a-756ab4d2c8de;7b20e8d8-df61-11e7-8928-c82a144c0a85
16868fe4-6ac1-4771-ae57-d6d118c3018d;bbd19048-9896-44b6-9fd3-29f5fb2c2e75;7b20e8d8-df61-11e7-8928-c82a144c0a85
90600e40-b90b-461b-9f8b-07752b0a1476;e271ad2b-e483-4fec-8e4c-aadbb8cadb33;7b20e63a-df61-11e7-b49c-c82a144c0a85
c139a4fe-dbee-43d9-a3a5-4a6b10798add;7b2d6439-1b32-465d-bab6-ea2e686ca14f;7b213086-df61-11e7-aa5b-c82a144c0a85
267412d3-9550-4abf-971f-d25556a23dfe;d73772b2-5ddf-4daf-8ce1-499014338cc1;7b210cfa-df61-11e7-9864-c82a144c0a85
f879b551-3d88-452c-b83a-45569bc343ba;f84a8658-90c9-4405-8ab5-5a54458d89bf;7b212e92-df61-11e7-aaf4-c82a144c0a85
ef360be5-6403-4943-90a8-f145c3b44560;0d45c595-5bc6-4d25-b2a6-1819a1dcafad;7b20f90c-df61-11e7-a941-c82a144c0a85
36eed3a4-3c28-43fb-95de-dbe9bc47033d;08bb3a2f-d436-4cda-8fae-ce4cf74c2908;7b212b86-df61-11e7-9f98-c82a144c0a85
c85f44bd-5993-4173-8751-051aa28d62c0;e72f5949-d49a-4ef0-adb0-2944d7669316;7b212d98-df61-11e7-95f7-c82a144c0a85
3278cd06-8c42-4971-a88c-6684026cab7b;60c2f207-77b4-4c18-8f2e-3e8c7baf38dd;7b20e8d8-df61-11e7-8928-c82a144c0a85
6d62a58f-2d03-4e5a-880b-8dc0ad1751a0;819343d9-e5f8-4989-b960-a35d1517e818;7b21193e-df61-11e7-8869-c82a144c0a85
4e13f133-3f40-4958-81bb-85d590c231cb;91c46515-3683-4594-b11c-1952daec5d12;7b2138a6-df61-11e7-baf1-c82a144c0a85
d9efa951-808c-4fd2-8a68-478ae4d54aaa;bd8f30ed-433f-43d7-96d5-ffc9795cfc6b;7b212d98-df61-11e7-95f7-c82a144c0a85
7ee36945-6f8e-410a-9851-ab673d228db8;cc7045a8-d4ad-426c-9263-da8f30563bb5;7b212c9e-df61-11e7-a12b-c82a144c0a85
7a6442bb-c95d-4541-a0e3-53a1029c8e6c;7a5bb711-119b-4142-b15a-83fb6470c6b7;7b212d98-df61-11e7-95f7-c82a144c0a85
f7cd966e-8cc9-4ad9-8acf-1b2c66db917c;69bbf692-d0fc-48b6-a759-e64f8b541625;7b21193e-df61-11e7-8869-c82a144c0a85
92053c31-3999-4bd0-94c6-085354582eba;a01c8e88-c96b-4d0a-8920-1f26021bbd26;7b21193e-df61-11e7-8869-c82a144c0a85
6db46277-520e-46c0-bf81-897d5368cc18;7096d818-e087-49e9-a175-24ff1261ee9f;7b2138a6-df61-11e7-baf1-c82a144c0a85
4a1d9fba-5f1f-4810-ac64-335ecaddd96e;babb7844-ec12-4be5-adb8-85c6a7cf1030;7b20e63a-df61-11e7-b49c-c82a144c0a85
634ed41c-0ce9-4c3b-aa60-ca355166a15e;484a69d1-570b-4808-9b77-3aae8530fa45;7b210070-df61-11e7-97e9-c82a144c0a85
771ecc14-1487-4623-9113-b8585317ed58;80d480f9-c210-4c57-ab0b-3e089ac4ba76;7b212e92-df61-11e7-aaf4-c82a144c0a85
4cd32dd1-6b87-4d83-8d3e-43013edd3930;46ff54fd-e809-4f63-8811-893b3a1669a9;7b210e1c-df61-11e7-b99b-c82a144c0a85
58431e54-6974-4c30-a5a7-1a418d8560f3;c5cd0179-4d59-4d17-a699-297eca6b1d7f;7b214546-df61-11e7-b9be-c82a144c0a85
29822d45-0666-4459-a391-7a33666e30b9;3a82ef4b-c4c3-4085-902f-e07f265ea9ff;7b214350-df61-11e7-b1a0-c82a144c0a85
4b5be49c-00ba-4be4-be58-9eaa32472b5d;b298c8b5-ea33-4294-8882-44a541f62243;7b2139c8-df61-11e7-8d64-c82a144c0a85
89947eea-f83c-49b1-aa18-3ede455f10c0;6cf14f52-3656-45eb-9362-5c5e9d4afc6f;7b21152e-df61-11e7-bdcf-c82a144c0a85
7d213092-10ad-4756-957d-2891cf8a5966;dd578df2-28ef-4731-ab00-9227b38165d8;7b2138a6-df61-11e7-baf1-c82a144c0a85
a585a272-27f7-4e66-8125-5a060a622c62;cbfe1a97-c784-4418-ba62-e4f844fc017c;7b1a2ee4-df61-11e7-a2f6-c82a144c0a85
4732dfa7-e79b-486b-a733-f54c57978885;e2d1fa18-68c0-4544-b381-ac0af60bfdcf;7b21152e-df61-11e7-bdcf-c82a144c0a85
5648dec9-2a31-46b0-a1de-33592156c509;1df8187e-abaa-4381-958d-8ae10e330fb1;7b212e92-df61-11e7-aaf4-c82a144c0a85
fa34ca95-9e6d-4494-9d32-2d91f75aeb01;6dec04c5-e052-4283-b217-cb22bbdc0285;7b2148e6-df61-11e7-b174-c82a144c0a85
e2502049-c7ce-402a-b8b9-32f874e95d98;b25d9ae7-8449-44e0-b576-e8ce575dccf7;7b21152e-df61-11e7-bdcf-c82a144c0a85
6191fef0-a876-4067-a8d8-f232836b852b;7729202d-175f-4c95-95cc-83539af6404b;7b212c9e-df61-11e7-a12b-c82a144c0a85
253a6792-0918-4480-8d8b-ab5e020d265e;ecc9689f-0010-41e3-be32-0a764d8a5180;7b210070-df61-11e7-97e9-c82a144c0a85
b95e8ecf-7be4-4280-a8f5-abc18e808b2c;27fe73bd-b219-43ba-889e-2e7dbc1509ca;7b211a38-df61-11e7-b1b8-c82a144c0a85
268bd17f-4080-47ca-922e-ee44e37173d3;0262a020-3bb8-4a2c-a7b6-6c77100357e2;7b211b34-df61-11e7-b235-c82a144c0a85
a26466ac-30c7-4f26-91b2-254aab8c60ef;f036abeb-a054-4eb1-8143-ba954666da5e;7b21152e-df61-11e7-bdcf-c82a144c0a85
2f82a262-dbd9-4d40-8824-0c41ff1a1167;3d908a3d-f198-4893-bded-dd729d39028d;7b212d98-df61-11e7-95f7-c82a144c0a85
0260a246-7739-4551-b5d5-76061ca23b18;2f0042e3-d2ed-4827-83c8-47bab0710a0c;7b211a38-df61-11e7-b1b8-c82a144c0a85
72be400b-bf8e-4f33-b48e-bc0289916180;7b5b1423-4e14-4899-89c7-ead3939ef4e2;7b214aa8-df61-11e7-a515-c82a144c0a85
0d1927c9-cbf2-403b-8e41-8240c3cbfcbf;9628b523-0e52-4eb0-9b3a-b78480efa666;7b210cfa-df61-11e7-9864-c82a144c0a85
b154e298-ad77-4106-a13e-32e39dae3f4a;62c6b3a1-ae77-4f16-917b-618dcb1d4641;7b211a38-df61-11e7-b1b8-c82a144c0a85
f73d980a-b1d8-4724-8817-d2fc15f5c3f5;6b1d74ba-1654-4f30-8318-68a8a7d05533;7b2139c8-df61-11e7-8d64-c82a144c0a85
f5aebc47-cb99-45aa-8568-da3ff7e1d997;3a42a933-dd5d-4d49-94c4-1cfe3b699ce5;7b210cfa-df61-11e7-9864-c82a144c0a85
03833f1f-dc4a-4b6b-b723-4411de74747a;4ac1e3b2-87c8-4a3b-9e88-85adbdac2efb;7b20e63a-df61-11e7-b49c-c82a144c0a85
b3e36dc2-4fb8-45ff-81ca-74c7f4dcbe24;99d486e4-337f-48be-bbb6-05cdce9f3f64;7b211a38-df61-11e7-b1b8-c82a144c0a85
8592bda3-05c1-47bf-a9ff-c44f67251c35;ac5f7734-486e-495a-aad5-0264c5ad3842;7b20f90c-df61-11e7-a941-c82a144c0a85
cf7cf70b-06d9-4bad-83e8-b8d04d4a8c5a;a52b7146-b031-45d7-90bb-6da8577a78dc;7b213e50-df61-11e7-918f-c82a144c0a85
d8fa3016-619d-41bf-9866-4caef1c4cbcb;44b0ba78-4f3c-4611-a72b-453ee512f3e5;7b212b86-df61-11e7-9f98-c82a144c0a85
247a947f-6a22-4738-923b-74659aa5d1b3;5e37af23-9278-4751-9489-3ab3e532efbc;7b20f90c-df61-11e7-a941-c82a144c0a85
38bdb35d-f2bf-449e-b4fb-f47d4ef9be90;2a753b53-c514-404d-8e86-d5f31a494d24;7b212d98-df61-11e7-95f7-c82a144c0a85
2a8fc969-0fa6-4bdc-9ce6-618f9ebe2712;0a0f1f0c-d501-49df-a18d-8454632f1412;7b210cfa-df61-11e7-9864-c82a144c0a85
04799274-5fbd-4f7d-a39f-ec02b145798b;b6b4d5fe-aa24-48bb-9b71-c9f50d7557e4;7b20ed7e-df61-11e7-bb65-c82a144c0a85
a72c9653-ca45-4da5-9d35-fad16b1d58bc;b0680906-b2cf-419f-a73b-9f60cc997800;7b212e92-df61-11e7-aaf4-c82a144c0a85
da02a0fd-336b-4cf0-9207-cb700d6118fb;4dd6c277-100b-4ece-90e6-b34970c919a0;7b213086-df61-11e7-aa5b-c82a144c0a85
687e2480-273a-46f6-be21-aa7478a22755;6f9a510b-80b7-4cfd-b820-d17f08ce672e;7b21193e-df61-11e7-8869-c82a144c0a85
2ef9c3a8-346e-4d3a-874a-d44891fd92c8;a0b75db2-ffc4-432d-b96a-bcd7f8f60b32;7b2139c8-df61-11e7-8d64-c82a144c0a85
c665733c-09e3-47bf-b533-15a0ccd9334a;bf20d5d2-51cb-4d3e-9b54-e113ffe21748;7b212e92-df61-11e7-aaf4-c82a144c0a85
22260bcf-e9be-448b-bf70-665c9cadeba0;10824623-e082-408b-8b71-634715f5cb32;7b214546-df61-11e7-b9be-c82a144c0a85
7384b27c-37aa-45a2-af01-664a639f55b5;49588054-42d0-4400-a667-e9fa016a2d73;7b214350-df61-11e7-b1a0-c82a144c0a85
e95c49d1-d9e7-499f-b609-db67e62d3dd9;9b752e23-3333-4654-a35a-026d21bc0c0a;7b210cfa-df61-11e7-9864-c82a144c0a85
5759d925-3bb4-4136-82e6-23682e109c1b;719d9afe-5b9a-47cd-a94f-442b1a740125;7b2138a6-df61-11e7-baf1-c82a144c0a85
8340a251-0455-4c59-89f2-c0127b2e4c52;c5515cd8-564c-47bf-a798-0925d364826e;7b212468-df61-11e7-a5fd-c82a144c0a85
ba035a38-59e8-4f99-8588-420c109da0f1;241fdeed-ff6c-4757-b241-682087c73f08;7b213f54-df61-11e7-9eec-c82a144c0a85
2716f322-0f60-45f7-bcb9-880e6455514a;fd06544e-3a31-469c-b9e3-28bc50593cd0;7b211a38-df61-11e7-b1b8-c82a144c0a85
466293dc-3a1a-472d-b34b-504668bda049;75cbee48-e4ef-4c96-9bb8-990e7256f94c;7b2138a6-df61-11e7-baf1-c82a144c0a85
239e8bfb-c25f-480c-8ed1-ee65cf6e1cc2;9f04ef9b-d066-4b4e-8861-dcd04b3f9fe9;7b213e50-df61-11e7-918f-c82a144c0a85
cf032b59-8029-4149-a0b2-4c0bc1e5a99f;e04dce1c-19d2-4ca4-b252-ffe1ebd5eee1;7b212b86-df61-11e7-9f98-c82a144c0a85
874f2926-7a4f-4361-a67a-110154a328d0;2c360cd5-18b5-464d-aa82-7906b4b62941;7b20ed7e-df61-11e7-bb65-c82a144c0a85
