org:role;slp:resource_uri
d071b5be-0d81-4d91-a766-990c1599993f;7b210070-df61-11e7-97e9-c82a144c0a85
c39a8c03-4119-41b9-b904-0a76a45a3c14;7b21152e-df61-11e7-bdcf-c82a144c0a85
01e8b2ab-0196-4b4c-9127-579e6962f6ce;7b21046c-df61-11e7-8094-c82a144c0a85
e2756b98-c268-46f0-a731-5cbe03f1aeb4;7b211a38-df61-11e7-b1b8-c82a144c0a85
4b5f4cfb-c5f8-4571-90a8-541447aa1a62;7b20ed7e-df61-11e7-bb65-c82a144c0a85
0a334ea6-40e3-4f9e-a1ed-dae1e4f0a92e;7b210070-df61-11e7-97e9-c82a144c0a85
4839f7d8-467b-49ff-9336-464be06a33ad;7b212e92-df61-11e7-aaf4-c82a144c0a85
70b84c2d-dcb2-4f59-8bd4-3c916658c8c2;7b2148e6-df61-11e7-b174-c82a144c0a85
3c1f2b32-0aa3-4294-982b-b1f0abba5830;7b210cfa-df61-11e7-9864-c82a144c0a85
b8458b19-1378-45b2-ae50-dd7df753cc03;7b211a38-df61-11e7-b1b8-c82a144c0a85
5b362abd-706d-4ba4-80dd-1c95cf55d32c;7b212c9e-df61-11e7-a12b-c82a144c0a85
27eda5ba-2aab-46d9-89de-efd88eb20e26;7b212d98-df61-11e7-95f7-c82a144c0a85
dff391bd-0e83-4b5e-9fec-cb9742b5fcfd;7b21152e-df61-11e7-bdcf-c82a144c0a85
da9aa87b-7c9a-4d05-a7cb-8ebe93b93f33;7b211754-df61-11e7-86d7-c82a144c0a85
559e30ee-aa1a-4453-8e46-dd02df98858e;7b2139c8-df61-11e7-8d64-c82a144c0a85
765576ca-eda6-4f6c-bcd9-cf77ff0fed2a;7b212d98-df61-11e7-95f7-c82a144c0a85
58812a43-f416-49e5-944a-f22963cfd7aa;7b212e92-df61-11e7-aaf4-c82a144c0a85
986945a7-6542-41d6-ad5a-e987886effde;7b211b34-df61-11e7-b235-c82a144c0a85
0bfb2b76-d326-49e4-b67b-12a054b96f81;7b210cfa-df61-11e7-9864-c82a144c0a85
4681fbf3-7d3a-45a6-8554-8e13c4f97861;7b2138a6-df61-11e7-baf1-c82a144c0a85
cf77d0e8-4bda-4852-af04-c59012c700e7;7b210070-df61-11e7-97e9-c82a144c0a85
527a499c-d6c2-48ae-ad88-dae502bce912;7b2138a6-df61-11e7-baf1-c82a144c0a85
379ff7f0-9c36-4c73-9aee-b5d9ba85e985;7b213b12-df61-11e7-b867-c82a144c0a85
7a06819b-7450-4093-9252-82d2f21a4fc4;7b210cfa-df61-11e7-9864-c82a144c0a85
ec42a7f3-45d8-4cae-888a-3a762c991382;7b2139c8-df61-11e7-8d64-c82a144c0a85
f0ad0afc-6e41-4b73-b2a7-5b2325365d04;7b210070-df61-11e7-97e9-c82a144c0a85
d0403d9e-7f76-4966-bda1-18cb05efdba1;7b21046c-df61-11e7-8094-c82a144c0a85
571b230b-0634-4de7-8570-55843d04e25b;7b210cfa-df61-11e7-9864-c82a144c0a85
4c342eda-88cd-4da5-b3b6-b389a1c40a23;7b210070-df61-11e7-97e9-c82a144c0a85
1eebebdd-7694-4c10-b68f-9af3dca66977;7b21152e-df61-11e7-bdcf-c82a144c0a85
599b5b51-8aea-4062-9b3f-8d50d4dcbee7;7b20ed7e-df61-11e7-bb65-c82a144c0a85
64d52d55-f480-4704-a8aa-1bb6a3e17f80;7b210cfa-df61-11e7-9864-c82a144c0a85
8019d7e4-97c2-4507-b8e8-34c421e82b96;7b211a38-df61-11e7-b1b8-c82a144c0a85
0edfc607-575e-40b4-bfc5-c041b853f22b;7b2109d0-df61-11e7-a4af-c82a144c0a85
b7143f30-1dac-4a30-b43c-f4588fceee64;7b2138a6-df61-11e7-baf1-c82a144c0a85
b1197415-f11f-45a4-90a8-1adddbced6a9;7b2138a6-df61-11e7-baf1-c82a144c0a85
226d9100-6f05-4959-a370-1f6718e57587;7b2138a6-df61-11e7-baf1-c82a144c0a85
835aa6e1-10ed-4ff9-a0c8-309db3c19301;7b212b86-df61-11e7-9f98-c82a144c0a85
f469fdcf-60f0-4462-a0f2-3e1d14d5f752;7b210070-df61-11e7-97e9-c82a144c0a85
963b250d-3792-4ecf-92dd-67dc3220ad2d;7b210cfa-df61-11e7-9864-c82a144c0a85
6a1c4075-a43e-47da-b4d4-6c0232f16db0;7b211a38-df61-11e7-b1b8-c82a144c0a85
60a63f50-8d2e-475f-b41e-7e974909ad93;7b20e8d8-df61-11e7-8928-c82a144c0a85
89fa5a01-4efc-4e52-8b61-dba70deeff67;7b211a38-df61-11e7-b1b8-c82a144c0a85
658d4920-8f11-487f-87a2-e4ccae358cf3;7b212e92-df61-11e7-aaf4-c82a144c0a85
d4561e1a-b09f-483a-a776-4c1fb7faa62e;7b210cfa-df61-11e7-9864-c82a144c0a85
8b16498f-b98f-448a-91b4-46ea79454a5c;7b212c9e-df61-11e7-a12b-c82a144c0a85
83b6dd33-e425-4efc-a127-0a3faddb8a7b;7b20f90c-df61-11e7-a941-c82a144c0a85
99e7c4fe-5e1b-4c77-ae2a-0b98f007764c;7b210cfa-df61-11e7-9864-c82a144c0a85
2bc0e125-8ec7-4f25-9b73-3e3e32d90c1f;7b212e92-df61-11e7-aaf4-c82a144c0a85
c50e5c63-c11f-4d97-84ec-68e7ac5f5080;7b2138a6-df61-11e7-baf1-c82a144c0a85
cd61aeae-d85f-46b7-a39f-3f0647d5840e;7b2138a6-df61-11e7-baf1-c82a144c0a85
28d66201-fa77-4693-aab7-9274e7b1b7be;7b210cfa-df61-11e7-9864-c82a144c0a85
c66e651d-9aaa-41d0-92a4-8e7548a1902f;7b211b34-df61-11e7-b235-c82a144c0a85
e758f033-b0bb-4fcc-97f7-d5267f26db0c;7b212b86-df61-11e7-9f98-c82a144c0a85
70c594be-6e11-4b8c-b38e-6a3944a078ea;7b2138a6-df61-11e7-baf1-c82a144c0a85
f5930d2e-f65a-4273-bb18-ef6814e0d6ca;7b212e92-df61-11e7-aaf4-c82a144c0a85
c190a6be-aed3-4cdc-a261-2382e8d727cc;7b2139c8-df61-11e7-8d64-c82a144c0a85
2b5dcde4-da56-41d8-9e00-b5cdb573c5ef;7b210070-df61-11e7-97e9-c82a144c0a85
db277f86-6fcc-4905-ae32-9d1eefca09e0;7b2139c8-df61-11e7-8d64-c82a144c0a85
52ad8b02-a74a-47b2-8d2c-a3ef91e67032;7b210070-df61-11e7-97e9-c82a144c0a85
92eb79d8-9fd2-4c25-909e-a6b31f4b5341;7b2138a6-df61-11e7-baf1-c82a144c0a85
1870a8ae-8139-4560-b35a-ada221759c87;7b212d98-df61-11e7-95f7-c82a144c0a85
409e3af3-75dc-41ce-adba-ee8a5780b9e5;7b210e1c-df61-11e7-b99b-c82a144c0a85
f6f1d277-7919-4bd5-bd67-505dff465f27;7b212b86-df61-11e7-9f98-c82a144c0a85
961dadbd-957a-4fc9-aa4c-e04a2a8886f0;7b210070-df61-11e7-97e9-c82a144c0a85
7e718973-6dba-416c-af44-91959f7e7480;7b210cfa-df61-11e7-9864-c82a144c0a85
816e4d12-5fdd-4456-9c31-ed894dc6c60e;7b2139c8-df61-11e7-8d64-c82a144c0a85
13bda1bc-8e19-4ad7-9a6d-08add954f9a5;7b212b86-df61-11e7-9f98-c82a144c0a85
a755560a-207b-4e32-b141-355d468fd376;7b212e92-df61-11e7-aaf4-c82a144c0a85
1a0f889d-23ea-46cc-aa73-9442fd790f9a;7b210cfa-df61-11e7-9864-c82a144c0a85
ec729e5e-40cb-4d16-949e-6cb752c892f1;7b211b34-df61-11e7-b235-c82a144c0a85
2eec6344-a898-4b4a-8d12-ce15dfc3afd4;7b210cfa-df61-11e7-9864-c82a144c0a85
fa8430c5-da24-46c4-8c0a-e4712c89fae9;7b210cfa-df61-11e7-9864-c82a144c0a85
f7b53472-3af5-4abe-8e71-fb2df861b352;7b210cfa-df61-11e7-9864-c82a144c0a85
6f0edeac-6dcc-461b-95a3-122447dbcf51;7b210cfa-df61-11e7-9864-c82a144c0a85
f8f7d15e-4b91-4301-a279-2a991f74e889;7b212e92-df61-11e7-aaf4-c82a144c0a85
3bf4eb6a-0665-4acd-b699-482df22795c5;7b214350-df61-11e7-b1a0-c82a144c0a85
13c2f931-7fe1-4ba7-8cfa-7b0b33e7cb59;7b212b86-df61-11e7-9f98-c82a144c0a85
b6be3885-63a3-4b3a-a7f5-755dda22a414;7b212b86-df61-11e7-9f98-c82a144c0a85
80ffdab9-5017-41da-a6d0-14e492747e37;7b210cfa-df61-11e7-9864-c82a144c0a85
fd367347-6dd6-4edb-a1cf-e6b060a377f3;7b210cfa-df61-11e7-9864-c82a144c0a85
eade5b15-0fc4-4996-a6f5-f98e259c7a69;7b2148e6-df61-11e7-b174-c82a144c0a85
174ae569-e3ec-4352-ace5-4f8a3a542088;7b210cfa-df61-11e7-9864-c82a144c0a85
b1183b0d-6dcb-4bc7-8054-23e9169ce89b;7b212e92-df61-11e7-aaf4-c82a144c0a85
ebd468ae-cf26-4d27-bc82-05c410201a9f;7b21046c-df61-11e7-8094-c82a144c0a85
af27f5da-6cc4-4ab0-a9a6-45112abd329a;7b21184c-df61-11e7-a6b7-c82a144c0a85
53edac47-bbf3-47ff-a3b9-071f821f40ff;7b20ed7e-df61-11e7-bb65-c82a144c0a85
cc3553b6-cde4-47bb-9f11-747cb5558483;7b21046c-df61-11e7-8094-c82a144c0a85
0e7df44c-ca06-46e4-a2d7-448c2ec43c0e;7b212e92-df61-11e7-aaf4-c82a144c0a85
72f071a6-1c0e-4269-a41f-737e7a1776fc;7b212b86-df61-11e7-9f98-c82a144c0a85
7ff6eae4-7fe8-4bf7-a3a9-802754d21f9d;7b212e92-df61-11e7-aaf4-c82a144c0a85
3078673f-6cdf-4887-bded-81f897c9a6b9;7b211b34-df61-11e7-b235-c82a144c0a85
a61156d0-f32e-4160-9242-b47c04f81c3a;7b212b86-df61-11e7-9f98-c82a144c0a85
50f2c611-0e0d-4c03-8cb1-0c2972541acf;7b21152e-df61-11e7-bdcf-c82a144c0a85
16b6ae46-4dc3-46e5-82a2-9dfd5c37c9e7;7b210cfa-df61-11e7-9864-c82a144c0a85
02a3d7cf-6d39-4a22-befd-2bcf859525cf;7b20ed7e-df61-11e7-bb65-c82a144c0a85
b0d98d9d-111b-41c9-b9f2-a48132d50da5;7b2139c8-df61-11e7-8d64-c82a144c0a85
744ab253-a643-493d-a6cc-29990350dd7e;7b212e92-df61-11e7-aaf4-c82a144c0a85
1b3333f6-98ac-4fc4-9ac3-17fa038c657a;7b210cfa-df61-11e7-9864-c82a144c0a85
f67a7bd9-55e5-45d3-b17c-0abfcc990ed1;7b21193e-df61-11e7-8869-c82a144c0a85
14cb4d32-8018-489b-a3e6-7f400f817424;7b212e92-df61-11e7-aaf4-c82a144c0a85
7e21d952-3045-45db-a41a-3341de48e6d4;7b210cfa-df61-11e7-9864-c82a144c0a85
aae3d6ae-a768-4e09-b904-d10c6fbc3433;7b210070-df61-11e7-97e9-c82a144c0a85
d1606d2b-43da-4e0f-9353-261c37f8adc8;7b21152e-df61-11e7-bdcf-c82a144c0a85
e3a495ab-0aca-453b-8b0f-357ccf86dc6b;7b210cfa-df61-11e7-9864-c82a144c0a85
5d02c408-3981-405d-8136-ea4128805c1a;7b21224c-df61-11e7-8bf0-c82a144c0a85
337b21c1-5fdf-4441-9cd8-3a672029a231;7b210cfa-df61-11e7-9864-c82a144c0a85
79aee4d3-66b7-414a-8f34-4b081bb34c5a;7b2138a6-df61-11e7-baf1-c82a144c0a85
e5a7d6b7-f64a-4afd-a94d-94e3fc1f933c;7b213e50-df61-11e7-918f-c82a144c0a85
88a2c216-2813-49e5-b28f-c47afb81f4b6;7b2132de-df61-11e7-8882-c82a144c0a85
76f8e06a-42ed-4b65-8465-f5a3bf0ca74e;7b212e92-df61-11e7-aaf4-c82a144c0a85
28871f08-98fd-49b1-b829-cb477e9049f4;7b210070-df61-11e7-97e9-c82a144c0a85
4240f426-8e91-44b0-a4d8-e28c9c202bd7;7b2138a6-df61-11e7-baf1-c82a144c0a85
cb10ce14-ce97-4800-95b2-5dc8b792b038;7b2148e6-df61-11e7-b174-c82a144c0a85
f5281d94-35a5-44ad-9a9a-49889ed825e8;7b21193e-df61-11e7-8869-c82a144c0a85
d04192ea-8b5b-4cf5-b13e-a6cd1812f600;7b211b34-df61-11e7-b235-c82a144c0a85
1d3cce65-1209-45ff-80ee-36cb63b40351;7b212c9e-df61-11e7-a12b-c82a144c0a85
d66bbe03-45b8-4edc-8799-e7945dd02962;7b2138a6-df61-11e7-baf1-c82a144c0a85
10bc445d-7ed7-4166-a2b7-7235c8d88b1f;7b2138a6-df61-11e7-baf1-c82a144c0a85
bb7cbaf3-5548-4dd8-b2e0-4ae38f331094;7b2109d0-df61-11e7-a4af-c82a144c0a85
82795911-f125-4e40-bf20-41e475bcb2c4;7b2139c8-df61-11e7-8d64-c82a144c0a85
9670f2d1-689c-497e-8f30-d44f59b10455;7b2138a6-df61-11e7-baf1-c82a144c0a85
7606d5a0-aae3-4582-8e48-f1e79d06c96b;7b2148e6-df61-11e7-b174-c82a144c0a85
ddce3625-46ff-4b83-9823-5d6e4f89fdac;7b210070-df61-11e7-97e9-c82a144c0a85
e9c7358e-ceb3-4474-a820-ad954c1de0e8;7b212c9e-df61-11e7-a12b-c82a144c0a85
54df2ce3-d2b9-435f-8bc6-456cfc3513cf;7b210cfa-df61-11e7-9864-c82a144c0a85
495a810e-3f5d-45af-8619-7f1159e3fbee;7b212c9e-df61-11e7-a12b-c82a144c0a85
ef2b35d5-f248-4ad7-96c7-aa8af0d78272;7b211754-df61-11e7-86d7-c82a144c0a85
be0faffd-f272-454a-b574-663259f3b6b8;7b212e92-df61-11e7-aaf4-c82a144c0a85
838740ec-764c-41ca-a6d6-f8e3d517dc9f;7b212e92-df61-11e7-aaf4-c82a144c0a85
54b11977-13e7-45c5-b0ba-c7442d77e339;7b21046c-df61-11e7-8094-c82a144c0a85
7f84aa99-357f-4a00-bded-439650e611e7;7b2138a6-df61-11e7-baf1-c82a144c0a85
926bd3d5-78b4-4375-811b-0a67e15c4bc5;7b210070-df61-11e7-97e9-c82a144c0a85
9a2c7cc2-6a6e-4d42-b57c-480ff029d6bf;7b21297e-df61-11e7-8546-c82a144c0a85
a1bf039b-25cd-45b2-88f5-9ee4ef46e104;7b210cfa-df61-11e7-9864-c82a144c0a85
5603671b-a681-4df7-b7bf-a12e53bbdcb6;7b211a38-df61-11e7-b1b8-c82a144c0a85
416b38b2-5561-4cd7-a5e7-4474e3d5b9bc;7b212d98-df61-11e7-95f7-c82a144c0a85
4fb24190-e07f-45f5-b5d4-745eab92189d;7b2138a6-df61-11e7-baf1-c82a144c0a85
4577d8fa-ed33-4715-b034-0c4c7cee1732;7b21152e-df61-11e7-bdcf-c82a144c0a85
6fd6ddfb-53d7-4c2e-8bf0-5b591b1bffaa;7b2139c8-df61-11e7-8d64-c82a144c0a85
10d862f1-a78a-4053-bc53-116d40715319;7b21046c-df61-11e7-8094-c82a144c0a85
02d036a8-567e-4bc3-80b9-f5cd1b680f38;7b212d98-df61-11e7-95f7-c82a144c0a85
953918e9-92d7-44df-aaaf-e3bfa7c8ee4b;7b210cfa-df61-11e7-9864-c82a144c0a85
f20e70c2-e59b-4288-ae0b-c4a31af55c1b;7b210070-df61-11e7-97e9-c82a144c0a85
968e4b3e-333d-4928-a0d1-060b8f781ec7;7b212e92-df61-11e7-aaf4-c82a144c0a85
eff8ebf0-7864-470d-aeb2-425316ba93d8;7b210070-df61-11e7-97e9-c82a144c0a85
4ede3e21-046d-4f25-a90d-6e4972d587f7;7b21152e-df61-11e7-bdcf-c82a144c0a85
fd5cfd7e-ac65-4c6d-8726-8f8dc1f16d24;7b2138a6-df61-11e7-baf1-c82a144c0a85
2f757dfa-8282-40c7-bb78-89868aee4ced;7b210cfa-df61-11e7-9864-c82a144c0a85
a39165bd-73c0-4c4a-bce2-5b6f4363cd45;7b2138a6-df61-11e7-baf1-c82a144c0a85
c33f329a-c556-446d-9e06-0a38dd2ea359;7b20ed7e-df61-11e7-bb65-c82a144c0a85
abd6fe6a-6cf2-48cc-adbb-ed84f866825c;7b212b86-df61-11e7-9f98-c82a144c0a85
02a1fbcd-0a88-4dfb-933a-4195a30dbfac;7b20ed7e-df61-11e7-bb65-c82a144c0a85
12b84126-accc-4186-b966-07565bf560e5;7b211b34-df61-11e7-b235-c82a144c0a85
f3df7bc6-0177-4a39-b4d4-88a37cb6b487;7b210cfa-df61-11e7-9864-c82a144c0a85
274f17b4-a431-4493-9e28-0d5dfc05b78d;7b21046c-df61-11e7-8094-c82a144c0a85
ecde0ad2-3f83-4a90-9def-ecd09d591ac4;7b2132de-df61-11e7-8882-c82a144c0a85
b7c359d5-6317-44ac-8baa-906d0bcb4c8f;7b2138a6-df61-11e7-baf1-c82a144c0a85
5d3bc536-06f9-41bc-8d1a-f6a7ad97814b;7b2160e2-df61-11e7-bad5-c82a144c0a85
b9d20bfe-e26c-44a1-9ef8-3cf4285fd931;7b211b34-df61-11e7-b235-c82a144c0a85
f6ca3910-9954-4577-a4c9-d21dc2d0a87c;7b210f18-df61-11e7-ba0a-c82a144c0a85
defc943b-eb2d-46c3-b2ee-db35bd24293b;7b2109d0-df61-11e7-a4af-c82a144c0a85
e090fe32-f047-45f6-9ddd-ed42fd379922;7b212c9e-df61-11e7-a12b-c82a144c0a85
d9c68399-a4f6-43c9-828d-db8e9318e563;7b212c9e-df61-11e7-a12b-c82a144c0a85
5df88666-9434-4d1b-9823-8c6699ed3ae1;7b212b86-df61-11e7-9f98-c82a144c0a85
06d89c7f-4e78-40af-869c-697f8229d9be;7b2139c8-df61-11e7-8d64-c82a144c0a85
45718691-85bc-4b2a-a343-002d08a68427;7b21046c-df61-11e7-8094-c82a144c0a85
143638f8-3a9e-40f8-b5fc-72ea2afc4723;7b21046c-df61-11e7-8094-c82a144c0a85
357206c2-00ee-4de1-b19a-306b4b26a4a1;7b2139c8-df61-11e7-8d64-c82a144c0a85
0576adaf-5de6-4ca6-9328-f47547acc6bc;7b210cfa-df61-11e7-9864-c82a144c0a85
c4723007-0f0d-4ded-9e0d-fba2c4079cde;7b20ed7e-df61-11e7-bb65-c82a144c0a85
ce0cf084-cd4f-4ec4-a645-284aa472f5c6;7b21046c-df61-11e7-8094-c82a144c0a85
4bafb296-2d2c-422b-b6c4-680f4eac884a;7b211a38-df61-11e7-b1b8-c82a144c0a85
6f15f671-b1ef-47d6-b975-c089d0241268;7b210cfa-df61-11e7-9864-c82a144c0a85
08185ff4-a440-4af6-978d-aece2ef0fd37;7b211a38-df61-11e7-b1b8-c82a144c0a85
83c51dae-f4d0-48f7-9e7e-f52fa2037496;7b2109d0-df61-11e7-a4af-c82a144c0a85
fed32206-ee45-4045-bd47-1351ac30a487;7b2139c8-df61-11e7-8d64-c82a144c0a85
e332a4b1-848f-4823-9f32-d7e3cb84da61;7b212b86-df61-11e7-9f98-c82a144c0a85
ef6aefc2-808c-4fd1-8fc3-44ae70566ba7;7b212e92-df61-11e7-aaf4-c82a144c0a85
5f6dda13-a1d8-4638-993c-119a8af02a82;7b212b86-df61-11e7-9f98-c82a144c0a85
4096ba9a-7b48-4fba-94e0-e21fdabab5d3;7b210cfa-df61-11e7-9864-c82a144c0a85
9cab9904-66c2-44f5-9c8c-95f49b7fea78;7b212e92-df61-11e7-aaf4-c82a144c0a85
de14d19a-8194-479d-a802-d1c43e5bf783;7b210cfa-df61-11e7-9864-c82a144c0a85
76aaafd6-e877-42a8-9873-e98268e1f1ce;7b210cfa-df61-11e7-9864-c82a144c0a85
380f6922-56d3-4f5a-a09f-863ede0a39a6;7b210cfa-df61-11e7-9864-c82a144c0a85
f208c344-f835-4f52-8bef-5c269f405e2c;7b20f90c-df61-11e7-a941-c82a144c0a85
0d0ca1c7-dd0a-4c4f-afe7-645097069d72;7b211a38-df61-11e7-b1b8-c82a144c0a85
5a194503-a499-488b-8700-bf6b39232a21;7b212d98-df61-11e7-95f7-c82a144c0a85
f88534e6-85d7-42bb-91dd-22c4310eeddd;7b210cfa-df61-11e7-9864-c82a144c0a85
fcbfb04b-06f0-4121-a234-7edb8d0b6c0c;7b20f90c-df61-11e7-a941-c82a144c0a85
810ad790-aeb3-4110-aa3b-c1ef27294ae7;7b2138a6-df61-11e7-baf1-c82a144c0a85
2e3d5dbd-e6cd-4e4d-b498-a934393c5de0;7b210cfa-df61-11e7-9864-c82a144c0a85
a654921c-f316-4df2-b88d-32a9ce466e16;7b20ed7e-df61-11e7-bb65-c82a144c0a85
4fa33516-0905-4507-99aa-2524fc59130a;7b212d98-df61-11e7-95f7-c82a144c0a85
7631b9e9-d3e6-4ddf-b523-5067e3eb5e65;7b210070-df61-11e7-97e9-c82a144c0a85
d80aafec-d95c-4d00-9e56-66e8658a40d7;7b2138a6-df61-11e7-baf1-c82a144c0a85
999dddab-72dc-4a04-b88d-d22854850c83;7b210cfa-df61-11e7-9864-c82a144c0a85
c7a0d08d-b3e0-4f33-bb39-347c04410fa6;7b212d98-df61-11e7-95f7-c82a144c0a85
94dcc0cb-a83a-4846-86db-a51c7c9281e3;7b20ed7e-df61-11e7-bb65-c82a144c0a85
3d0fc226-2b00-4bf2-885b-6421b07c22f9;7b21046c-df61-11e7-8094-c82a144c0a85
8197099e-3bcc-499a-8ca0-b2dc20a2019d;7b20ed7e-df61-11e7-bb65-c82a144c0a85
de2cf5fe-d675-4db1-b187-aec18cd87320;7b21046c-df61-11e7-8094-c82a144c0a85
c8bbe3b5-be11-43bf-a62b-425bf2510426;7b210070-df61-11e7-97e9-c82a144c0a85
cc1a7d7e-f2d5-4f77-a5c6-1e44ed82148f;7b211a38-df61-11e7-b1b8-c82a144c0a85
ed8f4dd2-3aec-411c-8c8a-8fb6d618c092;7b2109d0-df61-11e7-a4af-c82a144c0a85
2dcdcdb9-0b8d-4503-a2a5-26daa405acc7;7b21046c-df61-11e7-8094-c82a144c0a85
defc1c33-6acd-43e3-b31c-acafb5f9e361;7b20e3f6-df61-11e7-885c-c82a144c0a85
7de065c0-c6b9-4314-b54f-980c41798200;7b212e92-df61-11e7-aaf4-c82a144c0a85
40523ba8-ef63-44b6-a504-c7c629dee997;7b212e92-df61-11e7-aaf4-c82a144c0a85
f3c83683-416b-4dab-8c54-e6092c416e5e;7b2160e2-df61-11e7-bad5-c82a144c0a85
6a7d58eb-3589-434d-88b1-cfc699ae2cf9;7b212b86-df61-11e7-9f98-c82a144c0a85
06ef22aa-5feb-471c-920e-8b66dea9d084;7b21297e-df61-11e7-8546-c82a144c0a85
d11d6ee8-3f86-457e-9d3f-c14158637d4a;7b210cfa-df61-11e7-9864-c82a144c0a85
796a5668-c863-460a-be42-af4cebc5c676;7b210cfa-df61-11e7-9864-c82a144c0a85
8b4ca197-d194-46a0-a459-dc6c4e58ccbc;7b210cfa-df61-11e7-9864-c82a144c0a85
750253cb-cf27-4ba6-ab8b-9b5a9856c889;7b212e92-df61-11e7-aaf4-c82a144c0a85
43f61cf9-7ebd-42cf-9ebb-ad587f8ba071;7b212b86-df61-11e7-9f98-c82a144c0a85
9231ebae-cc39-4364-9129-834a5ec9bec8;7b2138a6-df61-11e7-baf1-c82a144c0a85
540da477-c752-41fd-8ddb-726c3ae95632;7b214350-df61-11e7-b1a0-c82a144c0a85
02250898-e4f9-4ee9-8c0a-df2d9f4f426e;7b212d98-df61-11e7-95f7-c82a144c0a85
3d833878-44e5-438d-b98a-26b2e270b3d0;7b21193e-df61-11e7-8869-c82a144c0a85
eb873459-3da5-43b7-8243-785106d63f31;7b210cfa-df61-11e7-9864-c82a144c0a85
f415e60b-ee31-4fb7-a6c9-42511c4055b6;7b212e92-df61-11e7-aaf4-c82a144c0a85
74e173ed-8c0a-41fd-8173-95c070a5f958;7b2138a6-df61-11e7-baf1-c82a144c0a85
957e3c6c-ef0f-4559-8533-1a2f618ecb33;7b210070-df61-11e7-97e9-c82a144c0a85
2299880e-8e7c-45b3-bc36-c8ddcb09a8e9;7b212e92-df61-11e7-aaf4-c82a144c0a85
011ac716-147d-4aaa-be62-cb1a8a616f92;7b212b86-df61-11e7-9f98-c82a144c0a85
58ece230-4005-41ee-ac1f-7e03502be914;7b20e63a-df61-11e7-b49c-c82a144c0a85
0464a2b3-dc4f-4482-b0a1-ee1484d60958;7b21297e-df61-11e7-8546-c82a144c0a85
6be41dc7-f68f-4ba2-8d6a-dfd95bc88e77;7b20ed7e-df61-11e7-bb65-c82a144c0a85
01a1db79-28d0-4138-9f75-f78109b41bf3;7b212e92-df61-11e7-aaf4-c82a144c0a85
562071dd-bd64-449e-8f7b-e765dde16706;7b20ed7e-df61-11e7-bb65-c82a144c0a85
53b3ac74-ed63-4c5e-8425-1c363752935e;7b21046c-df61-11e7-8094-c82a144c0a85
a4936c58-e326-4bd0-8f86-f0d800379a6d;7b20ed7e-df61-11e7-bb65-c82a144c0a85
51aff571-5919-4d72-8718-de2e7b2ed6c5;7b2138a6-df61-11e7-baf1-c82a144c0a85
dc896bc1-0a01-437d-a2ba-72af9b3da5c5;7b2138a6-df61-11e7-baf1-c82a144c0a85
9b0923c4-a1cc-4f49-9f7e-7e46fd0743a3;7b212b86-df61-11e7-9f98-c82a144c0a85
69cbf457-3373-45a2-9a91-d4a205e2bd3c;7b2139c8-df61-11e7-8d64-c82a144c0a85
bcff7f46-498e-41fa-b6a1-cecdf38e1cfc;7b21046c-df61-11e7-8094-c82a144c0a85
77365872-a212-4aee-8ede-c0102e9033d2;7b212d98-df61-11e7-95f7-c82a144c0a85
750515dc-2d27-4211-b0ad-3b2f5fb67d31;7b211a38-df61-11e7-b1b8-c82a144c0a85
8eab2d12-4e92-4980-816e-c5ebd8db7ab7;7b21193e-df61-11e7-8869-c82a144c0a85
42aa99a2-b8b4-4e21-9be0-ec70d9ece01b;7b21152e-df61-11e7-bdcf-c82a144c0a85
ea14df30-6d0c-4894-82d6-73ca4d488da9;7b2138a6-df61-11e7-baf1-c82a144c0a85
2c0da8b1-5c31-4873-8b2d-29af97f37252;7b210cfa-df61-11e7-9864-c82a144c0a85
1410159e-6f37-4b09-b35c-0c99783e59fa;7b20e63a-df61-11e7-b49c-c82a144c0a85
8eb6b717-1148-435c-83fa-15dbb5a9b826;7b210cfa-df61-11e7-9864-c82a144c0a85
a3cb1b8e-8e39-4beb-b54d-b89d298800d7;7b213f54-df61-11e7-9eec-c82a144c0a85
6f7daa79-e87e-4d05-becd-8257db1a25fe;7b212d98-df61-11e7-95f7-c82a144c0a85
5c70f89d-76fe-4123-80e6-00f83d17a160;7b2138a6-df61-11e7-baf1-c82a144c0a85
130da59b-c196-4377-bbb0-3267fd3fb014;7b2139c8-df61-11e7-8d64-c82a144c0a85
2527abec-90ec-497e-9729-52b6708f95ad;7b2138a6-df61-11e7-baf1-c82a144c0a85
9ae3e258-8dc8-4e61-9621-6a931f2905a7;7b2138a6-df61-11e7-baf1-c82a144c0a85
cdd409f8-f93d-46c8-95b2-1bef2dae1c81;7b210070-df61-11e7-97e9-c82a144c0a85
c2ec079c-22c5-45d7-99ba-2674685072b0;7b21152e-df61-11e7-bdcf-c82a144c0a85
a9ed4614-dded-4d47-9c17-c618ca898284;7b20ed7e-df61-11e7-bb65-c82a144c0a85
37cb04e7-7ddc-42c6-8393-9aee10334735;7b210cfa-df61-11e7-9864-c82a144c0a85
4956cab3-8241-413b-8e92-ced60faabaf3;7b2138a6-df61-11e7-baf1-c82a144c0a85
e8cdebc5-02a9-4377-812b-a92a5789b479;7b210cfa-df61-11e7-9864-c82a144c0a85
e79f068f-39b9-4465-a341-171be68de84d;7b210cfa-df61-11e7-9864-c82a144c0a85
086e8494-e09b-4cd8-ad01-62e21ef709cd;7b210cfa-df61-11e7-9864-c82a144c0a85
62353de8-7fff-4486-9de9-a03ec3b2f840;7b212b86-df61-11e7-9f98-c82a144c0a85
6df0684c-f0cb-4edd-9a62-4bbf24331387;7b2138a6-df61-11e7-baf1-c82a144c0a85
7a0741fb-3a2c-4e4c-9080-ed8f3b300887;7b2132de-df61-11e7-8882-c82a144c0a85
366380cb-eb82-426b-8ff6-1657e51ce206;7b210cfa-df61-11e7-9864-c82a144c0a85
0f280103-045d-445a-8116-c4eccc10337e;7b21152e-df61-11e7-bdcf-c82a144c0a85
76ac5c95-8426-45fd-8780-c4511075ec86;7b21046c-df61-11e7-8094-c82a144c0a85
919b5f0c-44dd-41c9-84ec-02ce33e5224e;7b21046c-df61-11e7-8094-c82a144c0a85
1f65fb3a-30d5-40b9-adcc-4734ba931d36;7b20ed7e-df61-11e7-bb65-c82a144c0a85
a0521022-7f18-4dcc-abde-fd869df40295;7b210cfa-df61-11e7-9864-c82a144c0a85
1152dfe0-dc56-4a9b-8200-3d09574a6848;7b212e92-df61-11e7-aaf4-c82a144c0a85
ba7a2c9d-61a2-4217-925b-9fde1ff280dd;7b212e92-df61-11e7-aaf4-c82a144c0a85
a796649d-e6a7-477e-9922-56c11cc394c6;7b210cfa-df61-11e7-9864-c82a144c0a85
2197eb57-1130-4354-a33d-b9926ee16b9f;7b20ed7e-df61-11e7-bb65-c82a144c0a85
651c9ef5-2308-4759-9a10-a2ec9277231a;7b213b12-df61-11e7-b867-c82a144c0a85
4a36bc10-8b1d-417f-9d6e-9f2d621d7710;7b2139c8-df61-11e7-8d64-c82a144c0a85
db9ca692-c9d8-4e4e-a538-e0f254a519f6;7b21297e-df61-11e7-8546-c82a144c0a85
50c7b93a-631f-4218-879a-17fad5d8dfde;7b210cfa-df61-11e7-9864-c82a144c0a85
8949c06a-378f-4776-ae0c-577abd3bf061;7b212b86-df61-11e7-9f98-c82a144c0a85
58d6c78e-128c-4ad6-90a3-30d86b3f71e6;7b20e8d8-df61-11e7-8928-c82a144c0a85
847d3e0a-f4f1-43e1-8d70-dfbbd90a7a46;7b210070-df61-11e7-97e9-c82a144c0a85
ed322aab-bffe-45e1-937f-680f9e2e71f4;7b20ed7e-df61-11e7-bb65-c82a144c0a85
2a106494-3494-4c99-bd36-72e632f74a59;7b212b86-df61-11e7-9f98-c82a144c0a85
b4c6ac7c-f9c7-47f6-969d-f95f2e2754df;7b210cfa-df61-11e7-9864-c82a144c0a85
c7b62a08-68aa-4f8e-9c6a-2e3ce3212534;7b210cfa-df61-11e7-9864-c82a144c0a85
fe0c3531-c404-496d-b27b-8ca3588b516d;7b2139c8-df61-11e7-8d64-c82a144c0a85
b9f022f5-86ae-4cbc-8559-752d02f12d67;7b2138a6-df61-11e7-baf1-c82a144c0a85
16dfc55b-23a7-4451-b94b-cde3d3b809e0;7b210cfa-df61-11e7-9864-c82a144c0a85
1d3a82e4-3b92-4519-9b8f-ed4334d48198;7b2139c8-df61-11e7-8d64-c82a144c0a85
da75eacd-559f-4403-a8f8-90c943648ccf;7b212b86-df61-11e7-9f98-c82a144c0a85
51352018-3f09-4994-bc0b-a1de7c978ce3;7b2132de-df61-11e7-8882-c82a144c0a85
74dc532d-7751-4beb-9276-1296787697c0;7b211b34-df61-11e7-b235-c82a144c0a85
a62b797e-d2d9-40ad-8dc4-1aadf4cc471f;7b212b86-df61-11e7-9f98-c82a144c0a85
5609575c-0ab6-4326-8e6b-0124bf672637;7b212e92-df61-11e7-aaf4-c82a144c0a85
8556d779-281c-4d0f-949e-3cc11a5a24e9;7b212c9e-df61-11e7-a12b-c82a144c0a85
96b0741e-113e-4c30-9452-32c367360c82;7b210cfa-df61-11e7-9864-c82a144c0a85
a344e8f6-c70b-41fa-88c1-85536d1622e4;7b210cfa-df61-11e7-9864-c82a144c0a85
76f1e977-89e5-42df-838c-f8507f5ecf61;7b20ed7e-df61-11e7-bb65-c82a144c0a85
9e070f60-1cd4-4f5c-bf2d-5b63c7066448;7b21046c-df61-11e7-8094-c82a144c0a85
93379b80-6018-426e-97fd-a6d21953bb50;7b2139c8-df61-11e7-8d64-c82a144c0a85
c1b5c2fa-76a7-4f3f-bbb5-df40584179ef;7b210cfa-df61-11e7-9864-c82a144c0a85
fc62b062-3393-4ee8-ba1b-681af7c0ebe1;7b211a38-df61-11e7-b1b8-c82a144c0a85
191808fb-6cb4-49c3-a672-0a98007cbb3f;7b20ed7e-df61-11e7-bb65-c82a144c0a85
1232ad13-6c9b-48db-9c97-78016cc62d9c;7b21046c-df61-11e7-8094-c82a144c0a85
9f4ff377-252c-4c14-a0eb-a9ed46f1b07c;7b2138a6-df61-11e7-baf1-c82a144c0a85
03527615-8061-46b5-8f5c-b77eda66b49d;7b212e92-df61-11e7-aaf4-c82a144c0a85
b37f2d19-e8c3-4c24-907e-5683f175bf29;7b2138a6-df61-11e7-baf1-c82a144c0a85
57f07a40-baec-42fb-8931-c4960edee48c;7b2139c8-df61-11e7-8d64-c82a144c0a85
de0804db-0de4-4826-bb5c-f4153047ea8a;7b20ed7e-df61-11e7-bb65-c82a144c0a85
3e888ab5-b011-498e-9e69-c74dee07c7ad;7b21046c-df61-11e7-8094-c82a144c0a85
a9ff2de4-82a3-4321-a068-f64c9aaf2ae1;7b210070-df61-11e7-97e9-c82a144c0a85
bbf386c6-cadb-4e8c-8891-746b407b4403;7b212e92-df61-11e7-aaf4-c82a144c0a85
63155ccd-6fe9-4d8e-b6f8-c940a3ba6530;7b212e92-df61-11e7-aaf4-c82a144c0a85
aac04173-a04e-4180-8a57-bb9e41b58a17;7b20ed7e-df61-11e7-bb65-c82a144c0a85
9bf09caa-b2b6-4c08-8b37-fe52a4fcff84;7b21046c-df61-11e7-8094-c82a144c0a85
6df3a6ac-421c-4e42-acb8-dbe64dc90339;7b212e92-df61-11e7-aaf4-c82a144c0a85
e861140f-2bca-456c-8f51-a55a466f126a;7b20e63a-df61-11e7-b49c-c82a144c0a85
6addab90-4031-422d-99d6-b46b1b1df2b3;7b212e92-df61-11e7-aaf4-c82a144c0a85
db4f5858-20dc-428c-a15c-36d1d792ea86;7b21193e-df61-11e7-8869-c82a144c0a85
cb742979-bbcd-47cb-b89f-bd6a3f60cba8;7b210070-df61-11e7-97e9-c82a144c0a85
cacbc522-a5e6-47ff-a1eb-cbe12dfa5945;7b2138a6-df61-11e7-baf1-c82a144c0a85
51f6d9cd-7e91-45bc-926d-9d3e1a8ffcf7;7b2132de-df61-11e7-8882-c82a144c0a85
41db9e5b-4249-420c-9947-5d9e09450939;7b210cfa-df61-11e7-9864-c82a144c0a85
52616895-2db3-4638-886b-2f3ca5272151;7b210cfa-df61-11e7-9864-c82a144c0a85
4b7a7c44-7806-4723-a89c-d4f36aed90aa;7b20f350-df61-11e7-ae0b-c82a144c0a85
8f2811de-dc92-4da7-a5ee-af576512ac8e;7b212c9e-df61-11e7-a12b-c82a144c0a85
9afc0139-af1a-41eb-baca-121b48f9102e;7b2139c8-df61-11e7-8d64-c82a144c0a85
45a19cba-b095-4960-be0e-9a23df405280;7b210cfa-df61-11e7-9864-c82a144c0a85
0654a3de-8938-4091-b64b-af6e56765527;7b2139c8-df61-11e7-8d64-c82a144c0a85
cc02b163-b08f-40db-9f1c-69a5fbd36bc0;7b20ed7e-df61-11e7-bb65-c82a144c0a85
ee8187b7-a9eb-46eb-84c4-534bfb81b35b;7b211a38-df61-11e7-b1b8-c82a144c0a85
9e6e9df8-0fe1-4562-a833-549b23e57633;7b212b86-df61-11e7-9f98-c82a144c0a85
9df14ec0-8331-48c9-8236-430ea622a74d;7b21152e-df61-11e7-bdcf-c82a144c0a85
7624e6d3-cc37-4112-af00-67e6da53e616;7b21152e-df61-11e7-bdcf-c82a144c0a85
47927c02-40a4-4a68-bcfe-59b5cb9b362b;7b21152e-df61-11e7-bdcf-c82a144c0a85
ee9371ab-b983-4d15-8a5f-74d8f1dce7cd;7b2132de-df61-11e7-8882-c82a144c0a85
7af14771-d872-456d-ba8b-222fe290064a;7b212e92-df61-11e7-aaf4-c82a144c0a85
3883ed6a-b2f7-441d-84bf-0ef1cc12a689;7b20f90c-df61-11e7-a941-c82a144c0a85
aaad3dce-b303-4f5e-894f-ecef6756edf9;7b2139c8-df61-11e7-8d64-c82a144c0a85
8e4f7110-4fce-400c-98a4-6980e540324a;7b214350-df61-11e7-b1a0-c82a144c0a85
7f1e66b5-7e1d-4db2-9887-03bba1bc5212;7b2148e6-df61-11e7-b174-c82a144c0a85
1983ad92-def1-4abc-b48a-ea58115d06a5;7b212e92-df61-11e7-aaf4-c82a144c0a85
f7f8e995-8083-49cd-8248-89ad6d766171;7b210070-df61-11e7-97e9-c82a144c0a85
3c2d2d85-f2db-46d5-82eb-e95be47a37a2;7b212e92-df61-11e7-aaf4-c82a144c0a85
b416ec72-3110-4347-a213-17b35c9a931e;7b212d98-df61-11e7-95f7-c82a144c0a85
6c3c3d6f-cd98-47b9-9eab-8e45a1a8ec85;7b21193e-df61-11e7-8869-c82a144c0a85
1db24711-aaa7-468e-85f4-608255c546ea;7b212e92-df61-11e7-aaf4-c82a144c0a85
d0b92618-5d54-43da-aa55-7216f98197b2;7b210cfa-df61-11e7-9864-c82a144c0a85
1c1074d2-16b6-4dad-8ac1-542dc4642ebf;7b1a2ee4-df61-11e7-a2f6-c82a144c0a85
bbd50a85-086d-4fc2-8576-dfd2e3dc3ab1;7b212e92-df61-11e7-aaf4-c82a144c0a85
1b5f64f8-e584-41d8-8132-0f70f39820cd;7b210070-df61-11e7-97e9-c82a144c0a85
865074d3-5395-4d6f-965a-3bb99c8e54ef;7b21193e-df61-11e7-8869-c82a144c0a85
