org:member;org:post;org:postIn;org:role;sen:DataDesfiliacao;sen:DataFiliacao;sen:SiglaPartido;slp:resource_uri
85e8b745-786b-4782-a8a1-e3b3164a3f22;91899a3b-f09e-4e4e-894d-e4cf9490f8b7;7b210070-df61-11e7-97e9-c82a144c0a85;ebf7f8f0-1b0a-4662-9ed8-c9bb19936ec0;;2015-02-01;PDT;0577ae6b-9fa4-4ff0-ac19-9dd5cd3598d1
85e8b745-786b-4782-a8a1-e3b3164a3f22;b8476d7a-3572-45e2-b325-be19454b6c90;7b21152e-df61-11e7-bdcf-c82a144c0a85;ebf7f8f0-1b0a-4662-9ed8-c9bb19936ec0;;2004-02-14;PP;b2ec603a-26b8-4e59-8a59-624d2f0973ac
85e8b745-786b-4782-a8a1-e3b3164a3f22;4bad4bb2-6b4b-4b0f-b822-0062c20fb11a;7b21046c-df61-11e7-8094-c82a144c0a85;ebf7f8f0-1b0a-4662-9ed8-c9bb19936ec0;2004-02-13;1999-02-01;PFL;3cf1400f-9fe7-4552-99ac-d0a4a52a1510
85e8b745-786b-4782-a8a1-e3b3164a3f22;4faa95b6-5729-4a66-8077-f41f6e926913;7b211a38-df61-11e7-b1b8-c82a144c0a85;ebf7f8f0-1b0a-4662-9ed8-c9bb19936ec0;;2011-02-03;PR;da9f5ea7-2636-4240-af94-94e0df597ae9
85e8b745-786b-4782-a8a1-e3b3164a3f22;77faa00e-22ad-4db0-ba36-5915aa04b83d;7b20ed7e-df61-11e7-bb65-c82a144c0a85;ebf7f8f0-1b0a-4662-9ed8-c9bb19936ec0;;2011-02-03;DEM;89a85f62-3dce-499c-a72a-0917f5bf5240
85e8b745-786b-4782-a8a1-e3b3164a3f22;62bb521c-6bf3-4029-bcc9-76667798f331;7b210070-df61-11e7-97e9-c82a144c0a85;ebf7f8f0-1b0a-4662-9ed8-c9bb19936ec0;;2015-02-01;PDT;5d602564-ea0f-4b99-86fe-7ed822778f85
85e8b745-786b-4782-a8a1-e3b3164a3f22;d225af8e-c9eb-4872-a9e1-c9afd1773d20;7b212e92-df61-11e7-aaf4-c82a144c0a85;ebf7f8f0-1b0a-4662-9ed8-c9bb19936ec0;;1999-02-01;PSDB;70e5af79-d369-4e74-b4ad-4decab26ef97
85e8b745-786b-4782-a8a1-e3b3164a3f22;bb7f8c15-9184-423f-aece-058d567bf832;7b2148e6-df61-11e7-b174-c82a144c0a85;ebf7f8f0-1b0a-4662-9ed8-c9bb19936ec0;;2015-02-01;PV;27187447-24a0-4e48-900d-5207e5ce37f5
85e8b745-786b-4782-a8a1-e3b3164a3f22;6a1a042d-cc93-4c60-bf14-404092149226;7b210cfa-df61-11e7-9864-c82a144c0a85;ebf7f8f0-1b0a-4662-9ed8-c9bb19936ec0;;2015-02-01;PMDB;3bd6d232-08e8-4654-acdb-a46a77de65ba
85e8b745-786b-4782-a8a1-e3b3164a3f22;c81d110c-db49-4771-8539-d9c6a88aee94;7b211a38-df61-11e7-b1b8-c82a144c0a85;ebf7f8f0-1b0a-4662-9ed8-c9bb19936ec0;;2011-01-27;PR;5401befb-466d-4949-890c-5969d74233e2
85e8b745-786b-4782-a8a1-e3b3164a3f22;e7c0be66-ce63-4625-8d9d-6ea6256e10d3;7b212c9e-df61-11e7-a12b-c82a144c0a85;ebf7f8f0-1b0a-4662-9ed8-c9bb19936ec0;;2015-02-01;PSC;1bde4f42-c239-45fe-a764-63a199d51464
85e8b745-786b-4782-a8a1-e3b3164a3f22;62c116e5-341f-4e8a-948d-2e2ea9cd8ad3;7b212d98-df61-11e7-95f7-c82a144c0a85;ebf7f8f0-1b0a-4662-9ed8-c9bb19936ec0;;2015-02-01;PSD;1a7c58a5-044d-46ca-ad5f-6720401af1a6
85e8b745-786b-4782-a8a1-e3b3164a3f22;de966f25-497e-4a31-8c57-66956a7e89c3;7b21152e-df61-11e7-bdcf-c82a144c0a85;ebf7f8f0-1b0a-4662-9ed8-c9bb19936ec0;;2003-06-02;PP;d33c0fe9-6fb3-4aed-b165-ad6322c9a9d6
85e8b745-786b-4782-a8a1-e3b3164a3f22;81030541-3508-460f-b3ca-fdfe3b95c2b0;7b211754-df61-11e7-86d7-c82a144c0a85;ebf7f8f0-1b0a-4662-9ed8-c9bb19936ec0;2003-06-01;2003-04-08;PPB;a18eb2af-feb2-4efc-aadd-679632f1ef9d
85e8b745-786b-4782-a8a1-e3b3164a3f22;1bde05f1-440f-49f4-a535-a3a409e2b1ec;7b2139c8-df61-11e7-8d64-c82a144c0a85;ebf7f8f0-1b0a-4662-9ed8-c9bb19936ec0;2003-04-07;2003-02-01;PTB;6ad6adf3-8c57-4e8b-af56-94a4a7cd1456
85e8b745-786b-4782-a8a1-e3b3164a3f22;9a092f03-c7f2-4251-b705-da5141eb2d18;7b212d98-df61-11e7-95f7-c82a144c0a85;ebf7f8f0-1b0a-4662-9ed8-c9bb19936ec0;;2015-02-01;PSD;1d14da80-1ea2-4935-9dc3-a3cdb75ab8ab
85e8b745-786b-4782-a8a1-e3b3164a3f22;c8a40de7-0db7-40d5-9248-185cf438c4d6;7b212e92-df61-11e7-aaf4-c82a144c0a85;ebf7f8f0-1b0a-4662-9ed8-c9bb19936ec0;;1999-02-01;PSDB;1e0560dc-a43f-4c4c-8054-b4bc6abcba50
85e8b745-786b-4782-a8a1-e3b3164a3f22;9a449fd9-7f2a-4f7f-a009-1cbaf7334b36;7b211b34-df61-11e7-b235-c82a144c0a85;ebf7f8f0-1b0a-4662-9ed8-c9bb19936ec0;;2015-02-01;PRB;98cfd849-495a-491a-9edd-6737bc28f93d
85e8b745-786b-4782-a8a1-e3b3164a3f22;b0090bb5-7e12-4bdc-90f7-7056edf6bd4c;7b210cfa-df61-11e7-9864-c82a144c0a85;ebf7f8f0-1b0a-4662-9ed8-c9bb19936ec0;;2011-02-03;PMDB;0bc391dd-d68d-4ac5-b63d-ac9d0befd523
85e8b745-786b-4782-a8a1-e3b3164a3f22;924fa7e1-9b57-46a4-a39c-69ad0605cc91;7b2138a6-df61-11e7-baf1-c82a144c0a85;ebf7f8f0-1b0a-4662-9ed8-c9bb19936ec0;;2011-02-03;PT;8da8e9e2-58ab-4e79-aa1e-8a6ddc4251f2
85e8b745-786b-4782-a8a1-e3b3164a3f22;3586036f-55e6-4440-979c-8ecd3cc5da28;7b210070-df61-11e7-97e9-c82a144c0a85;ebf7f8f0-1b0a-4662-9ed8-c9bb19936ec0;;2017-04-17;PDT;52ebd4e9-82aa-4721-8a46-aa0b030fec3a
85e8b745-786b-4782-a8a1-e3b3164a3f22;ad072462-6e2a-4f4f-831f-84b70fea6291;7b2138a6-df61-11e7-baf1-c82a144c0a85;ebf7f8f0-1b0a-4662-9ed8-c9bb19936ec0;2017-04-14;2007-03-15;PT;3893d4d8-373e-4c5f-8a0d-61f94430b751
85e8b745-786b-4782-a8a1-e3b3164a3f22;55195886-e8e7-4d9b-95f3-2cefc927f198;7b213b12-df61-11e7-b867-c82a144c0a85;ebf7f8f0-1b0a-4662-9ed8-c9bb19936ec0;2007-03-14;2007-02-01;PTC;e674f22c-16a8-4e47-b30d-5619c06f13a3
85e8b745-786b-4782-a8a1-e3b3164a3f22;8a7e5a2f-2f9c-4085-a0b4-143b26a15755;7b210cfa-df61-11e7-9864-c82a144c0a85;ebf7f8f0-1b0a-4662-9ed8-c9bb19936ec0;;2017-02-01;PMDB;0d8feadd-2d8a-47ed-bbad-5e734aae3787
85e8b745-786b-4782-a8a1-e3b3164a3f22;314975d8-7f53-4d3e-9a49-cdd56506a1f3;7b2139c8-df61-11e7-8d64-c82a144c0a85;ebf7f8f0-1b0a-4662-9ed8-c9bb19936ec0;2017-01-31;2016-04-05;PTB;e588354d-4cd9-4fa5-b94b-fc90c1308efa
85e8b745-786b-4782-a8a1-e3b3164a3f22;d314b4bc-53aa-4054-9086-8500fe125d1c;7b210070-df61-11e7-97e9-c82a144c0a85;ebf7f8f0-1b0a-4662-9ed8-c9bb19936ec0;2016-03-27;2011-07-11;PDT;9f4329c6-b2fd-4e77-a74b-d13f6219463e
85e8b745-786b-4782-a8a1-e3b3164a3f22;abb9ae79-a6cc-489b-93b5-31a868c79203;7b21046c-df61-11e7-8094-c82a144c0a85;ebf7f8f0-1b0a-4662-9ed8-c9bb19936ec0;2007-08-01;1999-02-01;PFL;b07a7797-9fca-426e-9c61-c01a8b80ae8e
85e8b745-786b-4782-a8a1-e3b3164a3f22;0464e9a4-3890-4baa-a92b-70c4b3e595ab;7b210cfa-df61-11e7-9864-c82a144c0a85;ebf7f8f0-1b0a-4662-9ed8-c9bb19936ec0;;2005-03-23;PMDB;e2cdd48b-ac4f-4d78-a3d8-a673e17483db
85e8b745-786b-4782-a8a1-e3b3164a3f22;e97e84d0-aa6d-46a4-a175-3f70d71e0a13;7b210070-df61-11e7-97e9-c82a144c0a85;ebf7f8f0-1b0a-4662-9ed8-c9bb19936ec0;;2011-02-03;PDT;5cfff644-9746-4383-8b9d-986870a5e7a3
85e8b745-786b-4782-a8a1-e3b3164a3f22;5a23bfe7-b234-4274-9ba6-b26f75773804;7b21152e-df61-11e7-bdcf-c82a144c0a85;ebf7f8f0-1b0a-4662-9ed8-c9bb19936ec0;;2015-09-15;PP;4075b128-0352-441f-9b8f-73ec79d2a79e
85e8b745-786b-4782-a8a1-e3b3164a3f22;a578d40c-6fa3-4a95-870d-14a4b0c6effc;7b20ed7e-df61-11e7-bb65-c82a144c0a85;ebf7f8f0-1b0a-4662-9ed8-c9bb19936ec0;2015-09-14;2011-02-03;DEM;8acad641-1a97-455e-b307-7d9fcefda87c
85e8b745-786b-4782-a8a1-e3b3164a3f22;cd5780c5-3d85-4f5a-b28d-e7f40c8cd9fa;7b210cfa-df61-11e7-9864-c82a144c0a85;ebf7f8f0-1b0a-4662-9ed8-c9bb19936ec0;;2003-02-01;PMDB;559190b8-3cac-4aa5-a6bb-aeab56b588e7
85e8b745-786b-4782-a8a1-e3b3164a3f22;2feb908f-933d-4cf5-817e-d083a6588b43;7b211a38-df61-11e7-b1b8-c82a144c0a85;ebf7f8f0-1b0a-4662-9ed8-c9bb19936ec0;;2011-02-01;PR;e62d5852-606a-4778-8766-0800839e1002
85e8b745-786b-4782-a8a1-e3b3164a3f22;57241d10-dc37-45d1-9dcf-c106bc947cc8;7b2109d0-df61-11e7-a4af-c82a144c0a85;ebf7f8f0-1b0a-4662-9ed8-c9bb19936ec0;2006-12-19;1999-02-01;PL;3a8be23b-f9e1-424b-9ac0-0dd0999e525e
85e8b745-786b-4782-a8a1-e3b3164a3f22;bcca6588-d0a0-4186-a57b-891010c32873;7b2138a6-df61-11e7-baf1-c82a144c0a85;ebf7f8f0-1b0a-4662-9ed8-c9bb19936ec0;2016-03-28;1999-02-01;PT;bb063ffa-7785-46c8-abc2-e1857015c43f
85e8b745-786b-4782-a8a1-e3b3164a3f22;ea9958f7-b12d-41d5-9e02-ae982fd8f8a7;7b2138a6-df61-11e7-baf1-c82a144c0a85;ebf7f8f0-1b0a-4662-9ed8-c9bb19936ec0;;2011-02-03;PT;6689182c-8797-43fb-bdf6-5a62da7e8787
85e8b745-786b-4782-a8a1-e3b3164a3f22;852422f3-6efa-4dc7-a8b4-f337c4cb3924;7b2138a6-df61-11e7-baf1-c82a144c0a85;ebf7f8f0-1b0a-4662-9ed8-c9bb19936ec0;;2011-01-31;PT;9c951888-b36f-4a29-8de3-c33793b46ad0
85e8b745-786b-4782-a8a1-e3b3164a3f22;a3601ac6-5c3f-4bcd-bc5c-47757ac49b53;7b212b86-df61-11e7-9f98-c82a144c0a85;ebf7f8f0-1b0a-4662-9ed8-c9bb19936ec0;;2015-02-01;PSB;3fda8291-21dd-49f6-8af8-8627b883dcd1
85e8b745-786b-4782-a8a1-e3b3164a3f22;bca94997-76a5-4265-a96e-a261710c1c57;7b210070-df61-11e7-97e9-c82a144c0a85;ebf7f8f0-1b0a-4662-9ed8-c9bb19936ec0;2015-01-31;1999-02-01;PDT;5d2907d7-d019-4e98-a974-830bd1e199b7
85e8b745-786b-4782-a8a1-e3b3164a3f22;4d1b23ff-815a-4b9e-90c5-2f56c5775b5d;7b210cfa-df61-11e7-9864-c82a144c0a85;ebf7f8f0-1b0a-4662-9ed8-c9bb19936ec0;;2007-02-01;PMDB;3fcd0cee-d7e6-4896-bd66-3bdb5a5a542e
85e8b745-786b-4782-a8a1-e3b3164a3f22;a777bf50-7ec1-4eb9-a271-075ee0ad39c9;7b211a38-df61-11e7-b1b8-c82a144c0a85;ebf7f8f0-1b0a-4662-9ed8-c9bb19936ec0;;2014-12-30;PR;cde6452d-519e-418e-8979-1183dd5518f7
85e8b745-786b-4782-a8a1-e3b3164a3f22;7441bb56-1923-4f85-8968-1f7425cdcb9a;7b20e8d8-df61-11e7-8928-c82a144c0a85;ebf7f8f0-1b0a-4662-9ed8-c9bb19936ec0;2014-12-29;2013-10-01;SD;457b0598-ba53-462e-adb3-a234cff8b6d8
85e8b745-786b-4782-a8a1-e3b3164a3f22;dbd23ea0-5402-499a-8751-c2e4f4033848;7b211a38-df61-11e7-b1b8-c82a144c0a85;ebf7f8f0-1b0a-4662-9ed8-c9bb19936ec0;2013-09-30;2011-01-27;PR;dc1a25ef-2437-4857-a733-1b3b8c36579a
85e8b745-786b-4782-a8a1-e3b3164a3f22;0599a579-a0c4-4348-aa01-4f8c471a1f76;7b212e92-df61-11e7-aaf4-c82a144c0a85;ebf7f8f0-1b0a-4662-9ed8-c9bb19936ec0;2011-01-25;2007-02-01;PSDB;c9b198b3-a5fa-4476-9fe5-0fac33790d33
85e8b745-786b-4782-a8a1-e3b3164a3f22;a4037368-efad-4ff0-88ae-0a78bbff3fa6;7b210cfa-df61-11e7-9864-c82a144c0a85;ebf7f8f0-1b0a-4662-9ed8-c9bb19936ec0;;1999-02-01;PMDB;643d14f3-a02e-4ef1-bff6-da9acdac824d
85e8b745-786b-4782-a8a1-e3b3164a3f22;2159c6d7-2dc8-4159-b096-a7a64754bb65;7b212c9e-df61-11e7-a12b-c82a144c0a85;ebf7f8f0-1b0a-4662-9ed8-c9bb19936ec0;;2008-03-26;PSC;e55960a1-dc57-4126-943e-a2108f330a63
85e8b745-786b-4782-a8a1-e3b3164a3f22;7bba2276-f46e-4261-a7d8-852e1363965f;7b20f90c-df61-11e7-a941-c82a144c0a85;ebf7f8f0-1b0a-4662-9ed8-c9bb19936ec0;;1999-02-01;PCdoB;292a8cb2-a3bc-4f20-9c09-9cad15405170
85e8b745-786b-4782-a8a1-e3b3164a3f22;f638d96a-61b7-42e8-ad3d-15bae6af70ca;7b210cfa-df61-11e7-9864-c82a144c0a85;ebf7f8f0-1b0a-4662-9ed8-c9bb19936ec0;;2003-02-01;PMDB;6d336c0e-fef5-40b5-8e3a-c31a9ef33dee
85e8b745-786b-4782-a8a1-e3b3164a3f22;78f59e64-4eec-41d2-a05f-1f65506f50cc;7b212e92-df61-11e7-aaf4-c82a144c0a85;ebf7f8f0-1b0a-4662-9ed8-c9bb19936ec0;;2011-02-03;PSDB;c9c1823a-d7be-4ed8-a332-5a30ead770d1
85e8b745-786b-4782-a8a1-e3b3164a3f22;f6bd81cc-90f0-416c-b73d-ab7a0d548c0e;7b2138a6-df61-11e7-baf1-c82a144c0a85;ebf7f8f0-1b0a-4662-9ed8-c9bb19936ec0;;2011-02-03;PT;c52c1398-7be8-4539-b1d3-99ec579729d0
85e8b745-786b-4782-a8a1-e3b3164a3f22;eeeab41f-08ac-41b8-94ab-9184fe8fca36;7b2138a6-df61-11e7-baf1-c82a144c0a85;ebf7f8f0-1b0a-4662-9ed8-c9bb19936ec0;;1999-02-01;PT;66cff76c-c1d3-476f-81d2-e2f053d6c126
85e8b745-786b-4782-a8a1-e3b3164a3f22;46401af0-37e9-4e32-84fc-159465b9e32c;7b210cfa-df61-11e7-9864-c82a144c0a85;ebf7f8f0-1b0a-4662-9ed8-c9bb19936ec0;;2011-02-03;PMDB;cabd05dd-f636-431b-9e5a-b8298719f97b
85e8b745-786b-4782-a8a1-e3b3164a3f22;1068b30c-bd9f-4a79-84ef-cb84cefc4543;7b211b34-df61-11e7-b235-c82a144c0a85;ebf7f8f0-1b0a-4662-9ed8-c9bb19936ec0;;2011-02-03;PRB;32065184-640d-463b-91f6-79a610cb63fe
85e8b745-786b-4782-a8a1-e3b3164a3f22;5ddccc38-9a31-4305-a27f-2af46b222d4f;7b212b86-df61-11e7-9f98-c82a144c0a85;ebf7f8f0-1b0a-4662-9ed8-c9bb19936ec0;;2011-02-03;PSB;24dc7828-f3ea-4768-a4c1-5aced6b15b18
85e8b745-786b-4782-a8a1-e3b3164a3f22;3e330d18-d2f8-4d31-ba38-fefd9c7e5e56;7b2138a6-df61-11e7-baf1-c82a144c0a85;ebf7f8f0-1b0a-4662-9ed8-c9bb19936ec0;2011-02-02;1999-02-01;PT;fce24360-0eb7-4d01-8af7-6bfe0b12a39e
85e8b745-786b-4782-a8a1-e3b3164a3f22;a30af5c1-d2f4-408a-9d19-629a717e2958;7b212e92-df61-11e7-aaf4-c82a144c0a85;ebf7f8f0-1b0a-4662-9ed8-c9bb19936ec0;;2003-02-01;PSDB;f7b43013-e0e2-4c6a-b17c-f85a9ac2c31b
85e8b745-786b-4782-a8a1-e3b3164a3f22;dc26a75d-0a0d-4321-b35b-b70ac0736e1e;7b2139c8-df61-11e7-8d64-c82a144c0a85;ebf7f8f0-1b0a-4662-9ed8-c9bb19936ec0;;2017-02-01;PTB;a672aec2-137d-44ef-96b2-06b04d216b04
85e8b745-786b-4782-a8a1-e3b3164a3f22;28c10d54-015e-49a0-aaf7-368539c8f6c8;7b210070-df61-11e7-97e9-c82a144c0a85;ebf7f8f0-1b0a-4662-9ed8-c9bb19936ec0;2017-01-26;2015-02-01;PDT;5d477185-19a7-4075-83f3-8d8701dc15db
85e8b745-786b-4782-a8a1-e3b3164a3f22;2b1050bb-b19f-43c2-a02b-43a38b88045d;7b2139c8-df61-11e7-8d64-c82a144c0a85;ebf7f8f0-1b0a-4662-9ed8-c9bb19936ec0;;2017-01-31;PTB;63d1c32d-b42a-47c9-8eb1-e1a07a1b0c14
85e8b745-786b-4782-a8a1-e3b3164a3f22;c76acfe4-9d6a-404e-a29f-661a3e646cb0;7b210070-df61-11e7-97e9-c82a144c0a85;ebf7f8f0-1b0a-4662-9ed8-c9bb19936ec0;2017-01-26;2015-02-01;PDT;1008496a-4777-49a0-82f0-293f08c584df
85e8b745-786b-4782-a8a1-e3b3164a3f22;762b00ef-af15-48a3-b693-b11eff2fba70;7b2138a6-df61-11e7-baf1-c82a144c0a85;ebf7f8f0-1b0a-4662-9ed8-c9bb19936ec0;;2015-02-01;PT;d7c5f934-78dc-4ee5-8e00-253b0ecf1f41
85e8b745-786b-4782-a8a1-e3b3164a3f22;f60db029-2901-4465-bd52-f586a392b1cc;7b212d98-df61-11e7-95f7-c82a144c0a85;ebf7f8f0-1b0a-4662-9ed8-c9bb19936ec0;;2011-11-01;PSD;c6b91d7f-e312-4ad8-ab35-6788516e6bbc
85e8b745-786b-4782-a8a1-e3b3164a3f22;82bf7314-c230-413a-8551-202afee5fc63;7b210e1c-df61-11e7-b99b-c82a144c0a85;ebf7f8f0-1b0a-4662-9ed8-c9bb19936ec0;2011-10-31;2007-02-01;PMN;8f24a5b1-8b49-4892-b5d6-ab60556628f9
85e8b745-786b-4782-a8a1-e3b3164a3f22;ef4a092c-7418-4795-8a8a-68b018b16b44;7b212b86-df61-11e7-9f98-c82a144c0a85;ebf7f8f0-1b0a-4662-9ed8-c9bb19936ec0;;1999-02-01;PSB;a55badd6-10c4-4967-82c9-64fe6594866f
85e8b745-786b-4782-a8a1-e3b3164a3f22;d55c22da-58e2-4200-9ad9-4df157ada33c;7b210070-df61-11e7-97e9-c82a144c0a85;ebf7f8f0-1b0a-4662-9ed8-c9bb19936ec0;;2011-02-03;PDT;dbdb010e-c59f-4807-a515-9f433b5f203b
85e8b745-786b-4782-a8a1-e3b3164a3f22;61828631-d747-4b9e-8ecb-d7e88adbef44;7b210cfa-df61-11e7-9864-c82a144c0a85;ebf7f8f0-1b0a-4662-9ed8-c9bb19936ec0;;2015-02-01;PMDB;9007ca15-4384-4d7c-b6be-533a3634ba48
85e8b745-786b-4782-a8a1-e3b3164a3f22;4d2f46f8-bbb5-4eb0-a2d4-dead44f90472;7b2139c8-df61-11e7-8d64-c82a144c0a85;ebf7f8f0-1b0a-4662-9ed8-c9bb19936ec0;;2015-02-01;PTB;d8cb5f71-a462-4c2f-b88b-bdd8d5c80bc6
85e8b745-786b-4782-a8a1-e3b3164a3f22;0e1d27bd-b7fa-4b41-a066-32b5aa50e6d6;7b212b86-df61-11e7-9f98-c82a144c0a85;ebf7f8f0-1b0a-4662-9ed8-c9bb19936ec0;;2015-02-01;PSB;5907a127-7060-4ddc-bd3f-15997f8e5c27
85e8b745-786b-4782-a8a1-e3b3164a3f22;30565b35-17bc-4324-8ff2-3aff87e77228;7b212e92-df61-11e7-aaf4-c82a144c0a85;ebf7f8f0-1b0a-4662-9ed8-c9bb19936ec0;;2015-02-01;PSDB;bc452a79-e5e2-491e-90af-ad6c70f87289
85e8b745-786b-4782-a8a1-e3b3164a3f22;7f242c85-b201-4f92-8392-ae80e5667e9b;7b210cfa-df61-11e7-9864-c82a144c0a85;ebf7f8f0-1b0a-4662-9ed8-c9bb19936ec0;;2011-02-03;PMDB;96b6990f-1254-4921-9a2a-20bc99aa4845
85e8b745-786b-4782-a8a1-e3b3164a3f22;fb59b9d8-eaf4-43a1-b2f5-224c370c051f;7b211b34-df61-11e7-b235-c82a144c0a85;ebf7f8f0-1b0a-4662-9ed8-c9bb19936ec0;;2011-02-03;PRB;b1403c5c-4597-4254-a2ce-4901bf436836
85e8b745-786b-4782-a8a1-e3b3164a3f22;120c44c7-33b7-4442-8474-5edcba95603d;7b210cfa-df61-11e7-9864-c82a144c0a85;ebf7f8f0-1b0a-4662-9ed8-c9bb19936ec0;;2011-02-03;PMDB;1ba45a6a-e12c-4a21-ad04-0408351fd790
85e8b745-786b-4782-a8a1-e3b3164a3f22;48d3232a-b61e-4215-a7a0-7ff256abb10a;7b210cfa-df61-11e7-9864-c82a144c0a85;ebf7f8f0-1b0a-4662-9ed8-c9bb19936ec0;;2011-02-03;PMDB;df2d7929-85f5-4131-9d7a-010c9a1657a4
85e8b745-786b-4782-a8a1-e3b3164a3f22;628d00f0-b488-4b25-8804-dde6c68b1487;7b210cfa-df61-11e7-9864-c82a144c0a85;ebf7f8f0-1b0a-4662-9ed8-c9bb19936ec0;;2011-02-03;PMDB;5504bef6-f8f9-43dc-94a5-42ca3b3bd357
85e8b745-786b-4782-a8a1-e3b3164a3f22;106a5455-34b4-4704-911b-d96a53db559e;7b210cfa-df61-11e7-9864-c82a144c0a85;ebf7f8f0-1b0a-4662-9ed8-c9bb19936ec0;;2003-10-14;PMDB;069f4103-268a-48b3-9c09-18461290e8a6
85e8b745-786b-4782-a8a1-e3b3164a3f22;2f6e5d0d-e029-4c4f-bd17-a604f3b5ea06;7b212e92-df61-11e7-aaf4-c82a144c0a85;ebf7f8f0-1b0a-4662-9ed8-c9bb19936ec0;2003-10-13;2001-03-08;PSDB;52988fea-a1aa-4bbc-bd38-b5583cae5a9e
85e8b745-786b-4782-a8a1-e3b3164a3f22;a05c2312-ccc0-4d43-a5ff-36d9c77c868c;7b214350-df61-11e7-b1a0-c82a144c0a85;ebf7f8f0-1b0a-4662-9ed8-c9bb19936ec0;;2017-07-04;PODE;05c3ada8-4ca5-4189-a512-c96226e78274
85e8b745-786b-4782-a8a1-e3b3164a3f22;c89b729c-384c-4e5f-9fc8-a42019b70699;7b212b86-df61-11e7-9f98-c82a144c0a85;ebf7f8f0-1b0a-4662-9ed8-c9bb19936ec0;2017-07-03;2013-10-02;PSB;80da0b49-8745-46fe-a978-2761966b6828
85e8b745-786b-4782-a8a1-e3b3164a3f22;548b25b4-f043-45fa-bcb9-0d1d91b0b6ad;7b212b86-df61-11e7-9f98-c82a144c0a85;ebf7f8f0-1b0a-4662-9ed8-c9bb19936ec0;2013-08-19;2011-02-01;PSB;ea7c0072-5a77-4641-ba5e-3d4b576d19f9
85e8b745-786b-4782-a8a1-e3b3164a3f22;1b5aa118-c71c-4888-ad6e-65e4ace3b9ed;7b210cfa-df61-11e7-9864-c82a144c0a85;ebf7f8f0-1b0a-4662-9ed8-c9bb19936ec0;;2011-02-03;PMDB;af750312-29a3-44db-9945-245ae7cfe7fa
85e8b745-786b-4782-a8a1-e3b3164a3f22;277b3383-9969-46f6-a41f-aa325402a8f0;7b210cfa-df61-11e7-9864-c82a144c0a85;ebf7f8f0-1b0a-4662-9ed8-c9bb19936ec0;;2015-02-01;PMDB;510d4010-185e-4a3c-a658-5f7ee844389e
85e8b745-786b-4782-a8a1-e3b3164a3f22;38bc36e7-f2c2-4b01-aa9d-69fd752c48fb;7b2148e6-df61-11e7-b174-c82a144c0a85;ebf7f8f0-1b0a-4662-9ed8-c9bb19936ec0;;2015-02-01;PV;6cc37fe7-e8cf-4c91-8936-7b6516f1a713
85e8b745-786b-4782-a8a1-e3b3164a3f22;bee159f6-a437-43a8-9869-1de92aba994d;7b210cfa-df61-11e7-9864-c82a144c0a85;ebf7f8f0-1b0a-4662-9ed8-c9bb19936ec0;;2003-05-14;PMDB;c142c08c-6b42-4b87-81b2-efd2eba7c3b8
85e8b745-786b-4782-a8a1-e3b3164a3f22;5cf9c484-9366-4aca-a025-6248c0d54ba7;7b212e92-df61-11e7-aaf4-c82a144c0a85;ebf7f8f0-1b0a-4662-9ed8-c9bb19936ec0;2003-05-13;1999-01-28;PSDB;3f2639db-2f3b-46b7-99f4-91ac9628b64f
85e8b745-786b-4782-a8a1-e3b3164a3f22;4a01d8eb-265a-4797-ac11-9575a5f24d10;7b21046c-df61-11e7-8094-c82a144c0a85;ebf7f8f0-1b0a-4662-9ed8-c9bb19936ec0;1999-01-27;1995-02-16;PFL;a98d8d54-457b-4160-b3f4-8682f4c95a44
85e8b745-786b-4782-a8a1-e3b3164a3f22;ebb1d5b8-eff2-4014-a388-d80e5fbddb2e;7b21184c-df61-11e7-a6b7-c82a144c0a85;ebf7f8f0-1b0a-4662-9ed8-c9bb19936ec0;1995-02-15;1995-02-01;PPR;4ebae300-626c-48f8-9ff2-4748ca426ce0
85e8b745-786b-4782-a8a1-e3b3164a3f22;7ca668dc-8001-4096-8ca9-dc447fbfc0d2;7b20ed7e-df61-11e7-bb65-c82a144c0a85;ebf7f8f0-1b0a-4662-9ed8-c9bb19936ec0;;2007-04-24;DEM;f4cd08e1-4f7a-4a8c-89aa-07bc0e05fcdb
85e8b745-786b-4782-a8a1-e3b3164a3f22;ab6f7a39-29fc-4921-bc3f-29faedd60383;7b21046c-df61-11e7-8094-c82a144c0a85;ebf7f8f0-1b0a-4662-9ed8-c9bb19936ec0;2007-04-23;1999-02-01;PFL;9074b941-d262-480b-a229-6708ac4176fd
85e8b745-786b-4782-a8a1-e3b3164a3f22;4ae7de33-c8c3-4e3d-a120-6a9a6ea20da9;7b212e92-df61-11e7-aaf4-c82a144c0a85;ebf7f8f0-1b0a-4662-9ed8-c9bb19936ec0;;2017-10-04;PSDB;9a4bc8a0-979b-4dd6-ad8c-7a8a1212abae
85e8b745-786b-4782-a8a1-e3b3164a3f22;1589be94-88aa-4c1a-a393-3e5452a3cc65;7b212b86-df61-11e7-9f98-c82a144c0a85;ebf7f8f0-1b0a-4662-9ed8-c9bb19936ec0;2017-09-28;2015-02-01;PSB;b63365cb-ca4c-457a-a6ea-1046aa4d9504
85e8b745-786b-4782-a8a1-e3b3164a3f22;773a2ed9-cb30-4c21-9c84-a6533b970271;7b212e92-df61-11e7-aaf4-c82a144c0a85;ebf7f8f0-1b0a-4662-9ed8-c9bb19936ec0;2011-01-31;1999-02-01;PSDB;579b52f5-dfe1-4cbc-a227-aa0aecc22522
85e8b745-786b-4782-a8a1-e3b3164a3f22;6d1518de-d16e-46b6-a838-0f8e53867b1e;7b211b34-df61-11e7-b235-c82a144c0a85;ebf7f8f0-1b0a-4662-9ed8-c9bb19936ec0;;2011-02-03;PRB;c7c9eff4-a8f4-45fb-91f4-6ea1cbe7112c
85e8b745-786b-4782-a8a1-e3b3164a3f22;ef1afdbd-d138-4efd-ac2b-2284a16b4e47;7b212b86-df61-11e7-9f98-c82a144c0a85;ebf7f8f0-1b0a-4662-9ed8-c9bb19936ec0;;2007-02-01;PSB;2f3ad533-feed-4803-82a1-3f6d06fdced9
85e8b745-786b-4782-a8a1-e3b3164a3f22;1bff0f65-a3e6-4e77-9be6-ee683220c65a;7b21152e-df61-11e7-bdcf-c82a144c0a85;ebf7f8f0-1b0a-4662-9ed8-c9bb19936ec0;;2011-02-03;PP;484c708d-9b8c-4c80-b706-c76d0e8dd9cf
85e8b745-786b-4782-a8a1-e3b3164a3f22;54fbac6c-837d-4835-84d3-afbe9fa995c4;7b210cfa-df61-11e7-9864-c82a144c0a85;ebf7f8f0-1b0a-4662-9ed8-c9bb19936ec0;;1995-02-01;PMDB;46adb9a9-638b-4c2d-881a-85eafbc08882
85e8b745-786b-4782-a8a1-e3b3164a3f22;1092e22b-c1d6-48a4-89ad-7b945a6b8b3e;7b20ed7e-df61-11e7-bb65-c82a144c0a85;ebf7f8f0-1b0a-4662-9ed8-c9bb19936ec0;;2015-11-11;DEM;443f4a6d-8e7f-4ec6-8e20-99ec6fb4cb20
85e8b745-786b-4782-a8a1-e3b3164a3f22;8b8c571b-5d8f-4424-964c-1e96f685ab0b;7b2139c8-df61-11e7-8d64-c82a144c0a85;ebf7f8f0-1b0a-4662-9ed8-c9bb19936ec0;2015-11-10;2015-02-01;PTB;fe64a4a4-7ead-411b-a99f-18900ac0ca16
85e8b745-786b-4782-a8a1-e3b3164a3f22;9a07d177-d3a8-4596-b79c-aad3f85d2567;7b212e92-df61-11e7-aaf4-c82a144c0a85;ebf7f8f0-1b0a-4662-9ed8-c9bb19936ec0;;2016-03-01;PSDB;b6dd9a03-f920-48d0-8b0e-237dc560f080
85e8b745-786b-4782-a8a1-e3b3164a3f22;f0e55ecf-6ab5-4189-acfa-1210a9571493;7b210cfa-df61-11e7-9864-c82a144c0a85;ebf7f8f0-1b0a-4662-9ed8-c9bb19936ec0;2016-02-03;2011-01-27;PMDB;4890702b-309b-495d-ab00-2b540af1ef41
85e8b745-786b-4782-a8a1-e3b3164a3f22;deb79699-fe76-42bc-a826-8389ae4aa822;7b21193e-df61-11e7-8869-c82a144c0a85;ebf7f8f0-1b0a-4662-9ed8-c9bb19936ec0;2011-01-26;2001-06-22;PPS;706309f7-f792-4570-a158-271963771204
85e8b745-786b-4782-a8a1-e3b3164a3f22;85613b25-4fec-4154-b879-0b0e27659c99;7b212e92-df61-11e7-aaf4-c82a144c0a85;ebf7f8f0-1b0a-4662-9ed8-c9bb19936ec0;2001-06-21;1999-02-01;PSDB;0d0413d8-3105-4e4b-9c92-504ca67d4b83
85e8b745-786b-4782-a8a1-e3b3164a3f22;bbd8374a-e2a3-4e83-8519-c2bdf3f1a0bb;7b210cfa-df61-11e7-9864-c82a144c0a85;ebf7f8f0-1b0a-4662-9ed8-c9bb19936ec0;;1995-02-01;PMDB;69d8e2a5-af5a-473c-a3bc-6c06a6b41994
85e8b745-786b-4782-a8a1-e3b3164a3f22;1fa65767-bb44-4c69-a643-269f0233d379;7b210070-df61-11e7-97e9-c82a144c0a85;ebf7f8f0-1b0a-4662-9ed8-c9bb19936ec0;2016-02-17;2011-02-01;PDT;eb41d40a-abe0-41e0-9c9b-0cdf06c52956
85e8b745-786b-4782-a8a1-e3b3164a3f22;34606391-ef6d-4030-95b7-5c3667728ed1;7b21152e-df61-11e7-bdcf-c82a144c0a85;ebf7f8f0-1b0a-4662-9ed8-c9bb19936ec0;;2011-02-03;PP;313b216b-e12d-42c5-bf26-7e8238cd3d97
85e8b745-786b-4782-a8a1-e3b3164a3f22;ef6bb55e-9df1-4008-93c3-e52229a5846e;7b210cfa-df61-11e7-9864-c82a144c0a85;ebf7f8f0-1b0a-4662-9ed8-c9bb19936ec0;;2011-02-03;PMDB;15582b67-3e45-4f40-98d6-14c106c32020
85e8b745-786b-4782-a8a1-e3b3164a3f22;62401555-21a0-430e-a874-afa637bc3acf;7b21224c-df61-11e7-8bf0-c82a144c0a85;ebf7f8f0-1b0a-4662-9ed8-c9bb19936ec0;1991-01-31;1990-03-28;PRN;84d2e88e-e183-4526-a0aa-25c0183a2afb
85e8b745-786b-4782-a8a1-e3b3164a3f22;745dd20b-ecdc-47fb-a7ea-b825c6f0a6b4;7b210cfa-df61-11e7-9864-c82a144c0a85;ebf7f8f0-1b0a-4662-9ed8-c9bb19936ec0;1990-03-27;1987-02-01;PMDB;bb4a6850-19a5-4784-b985-efc41146bc54
85e8b745-786b-4782-a8a1-e3b3164a3f22;0ee6d202-5267-4699-ba80-a53bcc1c2e94;7b2138a6-df61-11e7-baf1-c82a144c0a85;ebf7f8f0-1b0a-4662-9ed8-c9bb19936ec0;;2011-02-03;PT;b4382f2d-e979-4161-81d3-6673b8d460bd
85e8b745-786b-4782-a8a1-e3b3164a3f22;e987d1c5-300a-41bb-aceb-d73a93632e3e;7b213e50-df61-11e7-918f-c82a144c0a85;ebf7f8f0-1b0a-4662-9ed8-c9bb19936ec0;;2015-09-29;REDE;f21f4e6c-0f79-4b8f-81f9-358455fd57df
85e8b745-786b-4782-a8a1-e3b3164a3f22;91740329-a4f8-490c-b5b9-dcb9e181e5ce;7b2132de-df61-11e7-8882-c82a144c0a85;ebf7f8f0-1b0a-4662-9ed8-c9bb19936ec0;2015-09-28;2011-01-28;PSOL;e187556f-18db-426b-900e-22a760d01533
85e8b745-786b-4782-a8a1-e3b3164a3f22;f67e4f5f-d6be-414a-8de8-dea560f63b02;7b212e92-df61-11e7-aaf4-c82a144c0a85;ebf7f8f0-1b0a-4662-9ed8-c9bb19936ec0;;2007-02-01;PSDB;eb570a65-4dca-4191-ab42-25e31e67da3c
85e8b745-786b-4782-a8a1-e3b3164a3f22;26a130ed-b8c4-4359-af31-2c3d150510ab;7b210070-df61-11e7-97e9-c82a144c0a85;ebf7f8f0-1b0a-4662-9ed8-c9bb19936ec0;;2011-01-27;PDT;889270ea-3757-4086-9f3b-cf21a17dfe71
85e8b745-786b-4782-a8a1-e3b3164a3f22;95873ee3-0d3e-4838-a008-d66d0a690b94;7b2138a6-df61-11e7-baf1-c82a144c0a85;ebf7f8f0-1b0a-4662-9ed8-c9bb19936ec0;;2011-02-03;PT;d8f5e234-e255-4386-87a6-31d24802939d
85e8b745-786b-4782-a8a1-e3b3164a3f22;e54e7e09-71e4-4464-97a6-111d38fab824;7b2148e6-df61-11e7-b174-c82a144c0a85;ebf7f8f0-1b0a-4662-9ed8-c9bb19936ec0;;2011-02-03;PV;a2bcdcf0-773b-4c11-a4a4-d51e05fa1290
85e8b745-786b-4782-a8a1-e3b3164a3f22;53061be3-c04d-4d86-8088-109d766f0108;7b21193e-df61-11e7-8869-c82a144c0a85;ebf7f8f0-1b0a-4662-9ed8-c9bb19936ec0;;2015-02-01;PPS;6abbea39-0dd3-4342-ba73-81a7fb89ce9f
85e8b745-786b-4782-a8a1-e3b3164a3f22;eb64bbfd-e0ba-451b-bc54-590ba46fa7d4;7b211b34-df61-11e7-b235-c82a144c0a85;ebf7f8f0-1b0a-4662-9ed8-c9bb19936ec0;;2018-02-26;PRB;ab8edd67-3e4e-4574-ba3b-1387683e6629
85e8b745-786b-4782-a8a1-e3b3164a3f22;345e7c59-ba46-46bc-8fd7-21542cd66f75;7b212c9e-df61-11e7-a12b-c82a144c0a85;ebf7f8f0-1b0a-4662-9ed8-c9bb19936ec0;2018-02-25;2011-02-03;PSC;8fde1d17-0e36-4226-b83d-cdb7ff20a945
85e8b745-786b-4782-a8a1-e3b3164a3f22;b4f6ee32-514c-437c-8f72-05b8e54c7c05;7b2138a6-df61-11e7-baf1-c82a144c0a85;ebf7f8f0-1b0a-4662-9ed8-c9bb19936ec0;;1999-02-01;PT;b93effd9-3afe-4d95-a300-d511c05c937e
85e8b745-786b-4782-a8a1-e3b3164a3f22;16b9282b-7d0e-4a6f-9b99-7afa4241a8e4;7b2138a6-df61-11e7-baf1-c82a144c0a85;ebf7f8f0-1b0a-4662-9ed8-c9bb19936ec0;;2011-02-03;PT;a30d8c9c-6c83-4d63-9987-2e67c9b5bb9d
85e8b745-786b-4782-a8a1-e3b3164a3f22;7a904d9b-87a8-4349-8b1b-4c238d72b34e;7b2109d0-df61-11e7-a4af-c82a144c0a85;ebf7f8f0-1b0a-4662-9ed8-c9bb19936ec0;2006-12-19;1999-10-07;PL;be43eb81-7288-4897-83b8-42bd50633813
85e8b745-786b-4782-a8a1-e3b3164a3f22;04e13ce9-0d28-453f-81f4-b2313e449dae;7b2139c8-df61-11e7-8d64-c82a144c0a85;ebf7f8f0-1b0a-4662-9ed8-c9bb19936ec0;1999-10-06;1999-02-01;PTB;aee07899-2ff9-401c-bb4a-a53d2b5800aa
85e8b745-786b-4782-a8a1-e3b3164a3f22;46ce4066-df77-47e4-b75d-fbd27d82ee37;7b2138a6-df61-11e7-baf1-c82a144c0a85;ebf7f8f0-1b0a-4662-9ed8-c9bb19936ec0;;1999-02-01;PT;8abad7f0-4901-4435-96c4-7589c792b155
85e8b745-786b-4782-a8a1-e3b3164a3f22;e3265d5e-15e1-4a14-a053-fd5f2a0b6c63;7b2148e6-df61-11e7-b174-c82a144c0a85;ebf7f8f0-1b0a-4662-9ed8-c9bb19936ec0;;2011-02-03;PV;43bfd109-6dad-427c-9ae1-0cfd52a1ac12
85e8b745-786b-4782-a8a1-e3b3164a3f22;ce37e67e-7f09-4ce5-a4bf-f74d10182105;7b210070-df61-11e7-97e9-c82a144c0a85;ebf7f8f0-1b0a-4662-9ed8-c9bb19936ec0;;2015-02-01;PDT;456d1151-a787-43ce-9f14-78e3e9738a06
85e8b745-786b-4782-a8a1-e3b3164a3f22;5788a39b-7756-405a-9c03-660dd366e553;7b212c9e-df61-11e7-a12b-c82a144c0a85;ebf7f8f0-1b0a-4662-9ed8-c9bb19936ec0;;2011-02-03;PSC;26272763-90f9-43ee-a74a-34c6c9138aa7
85e8b745-786b-4782-a8a1-e3b3164a3f22;c68cc612-b6b9-43b2-9cec-ef0990c2c4ef;7b210cfa-df61-11e7-9864-c82a144c0a85;ebf7f8f0-1b0a-4662-9ed8-c9bb19936ec0;2007-01-31;2005-02-03;PMDB;d9f79d38-0084-423f-a897-eed16babfaf7
85e8b745-786b-4782-a8a1-e3b3164a3f22;62d71938-fb25-41ab-a6fd-b5aa1ffb9195;7b212c9e-df61-11e7-a12b-c82a144c0a85;ebf7f8f0-1b0a-4662-9ed8-c9bb19936ec0;2005-02-02;2003-09-16;PSC;4fdfea32-40bd-4b40-bd2b-a81b06c0f193
85e8b745-786b-4782-a8a1-e3b3164a3f22;791e80e9-2ef4-43b4-ab85-e6089181af2c;7b211754-df61-11e7-86d7-c82a144c0a85;ebf7f8f0-1b0a-4662-9ed8-c9bb19936ec0;2003-04-02;1999-02-01;PPB;1b60ef17-f046-45c9-b98c-cd9d28a3d2ed
85e8b745-786b-4782-a8a1-e3b3164a3f22;a5d10fc1-c8e6-4d4d-b8e0-cf2a9c9a7f61;7b212e92-df61-11e7-aaf4-c82a144c0a85;ebf7f8f0-1b0a-4662-9ed8-c9bb19936ec0;;2007-03-14;PSDB;65b4abd3-d833-4e4b-8a9e-baf996222a1e
85e8b745-786b-4782-a8a1-e3b3164a3f22;3eeb2b34-ef9c-482b-af6f-a628c8cf7b90;7b212e92-df61-11e7-aaf4-c82a144c0a85;ebf7f8f0-1b0a-4662-9ed8-c9bb19936ec0;2007-01-31;2005-06-22;PSDB;336b58eb-2bb7-433a-b492-b5a4afbc5fb1
85e8b745-786b-4782-a8a1-e3b3164a3f22;f5a4f12d-36d3-4517-9035-734d6389e9e1;7b21046c-df61-11e7-8094-c82a144c0a85;ebf7f8f0-1b0a-4662-9ed8-c9bb19936ec0;2005-06-15;2003-02-01;PFL;b009eb39-247a-4c26-b3d0-62b87c19901d
85e8b745-786b-4782-a8a1-e3b3164a3f22;0a377cc0-0a3b-47fd-9f12-52e61675c3df;7b2138a6-df61-11e7-baf1-c82a144c0a85;ebf7f8f0-1b0a-4662-9ed8-c9bb19936ec0;;2011-02-03;PT;44f97dc6-05c4-405d-b3c2-d23576a67da1
85e8b745-786b-4782-a8a1-e3b3164a3f22;53453565-e897-43da-af1f-dd8db85707c9;7b210070-df61-11e7-97e9-c82a144c0a85;ebf7f8f0-1b0a-4662-9ed8-c9bb19936ec0;;2015-02-01;PDT;1f26891f-0cce-46de-ae43-637b095bdbf3
85e8b745-786b-4782-a8a1-e3b3164a3f22;93725193-da5c-4d1e-8bf7-34928458bb2b;7b21297e-df61-11e7-8546-c82a144c0a85;ebf7f8f0-1b0a-4662-9ed8-c9bb19936ec0;;2017-12-18;PRTB;689b7135-57a3-41ec-adff-4895b6420e16
85e8b745-786b-4782-a8a1-e3b3164a3f22;1644355c-78bd-43f7-b6ea-950e19d3944b;7b210cfa-df61-11e7-9864-c82a144c0a85;ebf7f8f0-1b0a-4662-9ed8-c9bb19936ec0;2017-12-17;2010-02-03;PMDB;50fe5fb0-0eb4-4cf8-b209-973efd07005b
85e8b745-786b-4782-a8a1-e3b3164a3f22;979a5cf8-0927-4e9d-9fb0-a512c87e1e04;7b211a38-df61-11e7-b1b8-c82a144c0a85;ebf7f8f0-1b0a-4662-9ed8-c9bb19936ec0;;2011-02-03;PR;9441c811-6fa9-4b5a-8f02-7512650574c3
85e8b745-786b-4782-a8a1-e3b3164a3f22;c982c8c8-9cd2-4642-a727-b540b84899bd;7b212d98-df61-11e7-95f7-c82a144c0a85;ebf7f8f0-1b0a-4662-9ed8-c9bb19936ec0;;2015-02-01;PSD;0a2cd90b-da02-4e40-aae0-4c2ca87ab808
85e8b745-786b-4782-a8a1-e3b3164a3f22;af755192-3b6c-4515-97a2-347d061ad1dd;7b2138a6-df61-11e7-baf1-c82a144c0a85;ebf7f8f0-1b0a-4662-9ed8-c9bb19936ec0;;1998-11-13;PT;436946f3-c8f7-48a5-9c9c-e0cfa82e81d1
85e8b745-786b-4782-a8a1-e3b3164a3f22;84961541-c293-4def-a5ba-f3b002f71d3e;7b21152e-df61-11e7-bdcf-c82a144c0a85;ebf7f8f0-1b0a-4662-9ed8-c9bb19936ec0;;2014-07-16;PP;0e481d66-7033-4d3a-8bc2-7be33be28e99
85e8b745-786b-4782-a8a1-e3b3164a3f22;bdc228ce-2cfc-4c32-bb92-5d493aae6317;7b2139c8-df61-11e7-8d64-c82a144c0a85;ebf7f8f0-1b0a-4662-9ed8-c9bb19936ec0;1999-01-31;1997-08-20;PTB;c4493850-a7d0-4802-a987-f6cb8deb83a9
85e8b745-786b-4782-a8a1-e3b3164a3f22;0b3afed8-bf7b-4478-97ea-81f72e8fdc77;7b21046c-df61-11e7-8094-c82a144c0a85;ebf7f8f0-1b0a-4662-9ed8-c9bb19936ec0;1997-08-19;1991-02-01;PFL;930f7bbb-5366-4cab-b5d4-196d537e9d6f
85e8b745-786b-4782-a8a1-e3b3164a3f22;452906fa-1897-4329-ba35-1ce64387e082;7b212d98-df61-11e7-95f7-c82a144c0a85;ebf7f8f0-1b0a-4662-9ed8-c9bb19936ec0;;2015-02-01;PSD;09a1023b-dc74-45a5-a121-f3925121537e
85e8b745-786b-4782-a8a1-e3b3164a3f22;df9c9a0a-c0f2-4946-88fc-55a5a37a088b;7b210cfa-df61-11e7-9864-c82a144c0a85;ebf7f8f0-1b0a-4662-9ed8-c9bb19936ec0;;2011-02-01;PMDB;2d830190-94cd-4a4f-b1dc-43e75166a7d9
85e8b745-786b-4782-a8a1-e3b3164a3f22;3da442f7-0217-4d63-9af6-dba133024467;7b210070-df61-11e7-97e9-c82a144c0a85;ebf7f8f0-1b0a-4662-9ed8-c9bb19936ec0;;2011-02-03;PDT;741d77f0-7403-45d0-b1df-510ce51f6b24
85e8b745-786b-4782-a8a1-e3b3164a3f22;df69204c-8636-4f3c-8d5d-20f9bb925364;7b212e92-df61-11e7-aaf4-c82a144c0a85;ebf7f8f0-1b0a-4662-9ed8-c9bb19936ec0;;1999-02-01;PSDB;535d6755-8339-4e97-8fa4-cf41ea3a2014
85e8b745-786b-4782-a8a1-e3b3164a3f22;47cf8009-2ec4-4266-86b9-a38d311b06be;7b210070-df61-11e7-97e9-c82a144c0a85;ebf7f8f0-1b0a-4662-9ed8-c9bb19936ec0;;2011-02-03;PDT;40c8dcba-7be4-4909-bef1-02e73957c88b
85e8b745-786b-4782-a8a1-e3b3164a3f22;fbafe968-d0e0-40ba-9bf5-001d79134c50;7b21152e-df61-11e7-bdcf-c82a144c0a85;ebf7f8f0-1b0a-4662-9ed8-c9bb19936ec0;;2011-02-03;PP;0e63b0e7-7ef9-4045-8616-5385fbaa4270
85e8b745-786b-4782-a8a1-e3b3164a3f22;149e237e-fa43-43de-ae60-b94e0dd1ac2d;7b2138a6-df61-11e7-baf1-c82a144c0a85;ebf7f8f0-1b0a-4662-9ed8-c9bb19936ec0;;2015-02-01;PT;5f188633-a135-4025-ae43-10cab88de899
85e8b745-786b-4782-a8a1-e3b3164a3f22;e5ae0935-cdfb-4985-90af-6339c2b19e4e;7b210cfa-df61-11e7-9864-c82a144c0a85;ebf7f8f0-1b0a-4662-9ed8-c9bb19936ec0;;2015-09-25;PMDB;1b182c9d-dec4-422f-9a4a-f164f3c8654e
85e8b745-786b-4782-a8a1-e3b3164a3f22;7cc6edf3-6695-49b6-a287-f41ee9e68f54;7b2138a6-df61-11e7-baf1-c82a144c0a85;ebf7f8f0-1b0a-4662-9ed8-c9bb19936ec0;2015-05-05;2011-01-27;PT;e6b36913-6408-4c36-905f-05e851927c4e
85e8b745-786b-4782-a8a1-e3b3164a3f22;9f0e396a-4d93-4812-ac01-7cd69f59909e;7b20ed7e-df61-11e7-bb65-c82a144c0a85;ebf7f8f0-1b0a-4662-9ed8-c9bb19936ec0;;2015-02-01;DEM;a249632d-feab-4812-890d-d02a4298744c
85e8b745-786b-4782-a8a1-e3b3164a3f22;33120687-bd3a-42ad-8b19-9c4233b8d94a;7b212b86-df61-11e7-9f98-c82a144c0a85;ebf7f8f0-1b0a-4662-9ed8-c9bb19936ec0;;2015-02-01;PSB;cd12d1b5-f893-482d-8841-11a588e45dc8
85e8b745-786b-4782-a8a1-e3b3164a3f22;b1fa7fd2-632c-41e8-a894-82ea609ecd9b;7b20ed7e-df61-11e7-bb65-c82a144c0a85;ebf7f8f0-1b0a-4662-9ed8-c9bb19936ec0;;2011-02-03;DEM;46020120-06cb-44eb-b656-50b3700c8110
85e8b745-786b-4782-a8a1-e3b3164a3f22;b424b69c-13b6-4620-8a35-50c82a7c9329;7b211b34-df61-11e7-b235-c82a144c0a85;ebf7f8f0-1b0a-4662-9ed8-c9bb19936ec0;;2011-02-03;PRB;797b108d-8a8a-484b-af36-8fc11c374322
85e8b745-786b-4782-a8a1-e3b3164a3f22;ef985eb6-ca05-4f1f-83c9-22adc633820c;7b210cfa-df61-11e7-9864-c82a144c0a85;ebf7f8f0-1b0a-4662-9ed8-c9bb19936ec0;;2004-12-16;PMDB;1d57b675-2944-4f5c-a39e-8c11fc0d638c
85e8b745-786b-4782-a8a1-e3b3164a3f22;876398fa-3ae1-4826-aeef-8c4ab6ccccfb;7b21046c-df61-11e7-8094-c82a144c0a85;ebf7f8f0-1b0a-4662-9ed8-c9bb19936ec0;2004-12-15;1999-02-01;PFL;32d9ecf9-345e-40bc-9e9d-1944f09bac7a
85e8b745-786b-4782-a8a1-e3b3164a3f22;1404689f-4689-4520-ae6e-7f35e3c1041a;7b2132de-df61-11e7-8882-c82a144c0a85;ebf7f8f0-1b0a-4662-9ed8-c9bb19936ec0;;2011-01-31;PSOL;58f97ad2-8511-49b5-8326-904e85b752ac
85e8b745-786b-4782-a8a1-e3b3164a3f22;0ea554bc-8dd2-4c13-bd05-1942da0aabb0;7b2138a6-df61-11e7-baf1-c82a144c0a85;ebf7f8f0-1b0a-4662-9ed8-c9bb19936ec0;;2011-02-03;PT;e5553afc-b1ca-491e-a5ff-be6e6a6b02d0
85e8b745-786b-4782-a8a1-e3b3164a3f22;10fa44b4-ea3c-436e-bc8e-8557ff0a644e;7b2160e2-df61-11e7-bad5-c82a144c0a85;ebf7f8f0-1b0a-4662-9ed8-c9bb19936ec0;;2015-02-01;PCB;75c9af62-d43d-47b9-b390-b51412c83c18
85e8b745-786b-4782-a8a1-e3b3164a3f22;b64c7e85-ed94-40b8-a92c-4329e7c259ad;7b211b34-df61-11e7-b235-c82a144c0a85;ebf7f8f0-1b0a-4662-9ed8-c9bb19936ec0;;2006-04-04;PRB;dbd78501-2550-4664-86b0-75d78dad5e22
85e8b745-786b-4782-a8a1-e3b3164a3f22;7779816f-218a-4b36-a4a0-f3fe4be04399;7b210f18-df61-11e7-ba0a-c82a144c0a85;ebf7f8f0-1b0a-4662-9ed8-c9bb19936ec0;2006-04-03;2005-10-04;PMR;817ceca5-4bb8-4a35-ae3c-2066d7101b8b
85e8b745-786b-4782-a8a1-e3b3164a3f22;9769f9a8-550c-4336-84ea-c15fc145b6ad;7b2109d0-df61-11e7-a4af-c82a144c0a85;ebf7f8f0-1b0a-4662-9ed8-c9bb19936ec0;2005-09-28;2003-02-01;PL;f4b80a1f-5ee1-4647-b04a-03768db679dd
85e8b745-786b-4782-a8a1-e3b3164a3f22;0a8ea0c3-9752-4904-834e-2db62ee66078;7b212c9e-df61-11e7-a12b-c82a144c0a85;ebf7f8f0-1b0a-4662-9ed8-c9bb19936ec0;;2015-12-01;PSC;d56ad022-1eae-48e0-b23e-4adfa83f52ca
85e8b745-786b-4782-a8a1-e3b3164a3f22;a3bee38d-ce32-4d07-b58a-02875c16347f;7b212c9e-df61-11e7-a12b-c82a144c0a85;ebf7f8f0-1b0a-4662-9ed8-c9bb19936ec0;2011-01-31;2009-10-15;PSC;72cc00a0-cbb3-4b54-ac41-2c3db19c4dbb
85e8b745-786b-4782-a8a1-e3b3164a3f22;3bcd0924-ea5b-4ed3-acdf-a3833545f912;7b212b86-df61-11e7-9f98-c82a144c0a85;ebf7f8f0-1b0a-4662-9ed8-c9bb19936ec0;2009-10-14;2007-02-01;PSB;e977cbe8-2210-433d-9e72-788c584d5326
85e8b745-786b-4782-a8a1-e3b3164a3f22;accbaeb8-c479-4bb2-bf17-cfcffdf838e4;7b2139c8-df61-11e7-8d64-c82a144c0a85;ebf7f8f0-1b0a-4662-9ed8-c9bb19936ec0;2007-01-31;2003-07-25;PTB;d29b6b72-1387-4209-b9ab-c130d6f3ccae
85e8b745-786b-4782-a8a1-e3b3164a3f22;0c8dd503-691e-4a63-bc1c-2f2eab59459c;7b21046c-df61-11e7-8094-c82a144c0a85;ebf7f8f0-1b0a-4662-9ed8-c9bb19936ec0;2003-07-24;2003-02-26;PFL;084c6b73-f4c4-464a-b1c7-d76902d8a9c5
85e8b745-786b-4782-a8a1-e3b3164a3f22;987bc3b4-b0e2-460e-8b79-0113fe65836d;7b21046c-df61-11e7-8094-c82a144c0a85;ebf7f8f0-1b0a-4662-9ed8-c9bb19936ec0;2003-01-31;1999-02-01;PFL;6aa69164-4d53-4568-b699-f2e8f146b627
85e8b745-786b-4782-a8a1-e3b3164a3f22;c0b0de36-3a67-435e-a79f-55d12ff3abf4;7b2139c8-df61-11e7-8d64-c82a144c0a85;ebf7f8f0-1b0a-4662-9ed8-c9bb19936ec0;;2011-02-03;PTB;675a9878-7353-4288-a798-6b5e9e89913f
85e8b745-786b-4782-a8a1-e3b3164a3f22;02ae071d-9e7d-4fb6-9d86-17aff13acb12;7b210cfa-df61-11e7-9864-c82a144c0a85;ebf7f8f0-1b0a-4662-9ed8-c9bb19936ec0;;2011-02-03;PMDB;06ef3661-f5e1-4fa2-8d3a-02354a2e28d1
85e8b745-786b-4782-a8a1-e3b3164a3f22;aa30b575-b361-4479-a8f3-fb7282e41e16;7b20ed7e-df61-11e7-bb65-c82a144c0a85;ebf7f8f0-1b0a-4662-9ed8-c9bb19936ec0;;2007-08-02;DEM;572f659e-c895-4b5c-b30e-57e1672c1741
85e8b745-786b-4782-a8a1-e3b3164a3f22;3aee9cd9-4b50-4275-800d-cfb1e8bd01d7;7b21046c-df61-11e7-8094-c82a144c0a85;ebf7f8f0-1b0a-4662-9ed8-c9bb19936ec0;2007-08-01;1999-02-01;PFL;b3c280aa-f08e-4a0c-893d-7dbbf29588ee
85e8b745-786b-4782-a8a1-e3b3164a3f22;c50f0647-6294-4bcd-b648-aa25d3d8fdc3;7b211a38-df61-11e7-b1b8-c82a144c0a85;ebf7f8f0-1b0a-4662-9ed8-c9bb19936ec0;;2011-02-03;PR;259810f1-e97e-4c8d-afe9-d9d0f72373a4
85e8b745-786b-4782-a8a1-e3b3164a3f22;87a10071-675d-430d-83b3-51ecf56ec554;7b210cfa-df61-11e7-9864-c82a144c0a85;ebf7f8f0-1b0a-4662-9ed8-c9bb19936ec0;;2011-02-03;PMDB;0bc4d5c6-c33a-4114-8748-4f8f0b4ece12
85e8b745-786b-4782-a8a1-e3b3164a3f22;168e6244-72bd-4513-aa85-fd5ed7382f1b;7b211a38-df61-11e7-b1b8-c82a144c0a85;ebf7f8f0-1b0a-4662-9ed8-c9bb19936ec0;;2007-02-01;PR;fbe6052a-6910-4567-adda-fd4d95af2b55
85e8b745-786b-4782-a8a1-e3b3164a3f22;a5cfbaac-99a2-4c64-aed2-04d7732f6ac4;7b2109d0-df61-11e7-a4af-c82a144c0a85;ebf7f8f0-1b0a-4662-9ed8-c9bb19936ec0;2006-12-19;2003-02-01;PL;127b3b1f-0fbc-4ac2-b38b-706ce432c22b
85e8b745-786b-4782-a8a1-e3b3164a3f22;9b0674ab-3b6e-4d11-af6c-c2f016485160;7b2139c8-df61-11e7-8d64-c82a144c0a85;ebf7f8f0-1b0a-4662-9ed8-c9bb19936ec0;2001-03-21;1999-02-01;PTB;1cc08c27-cfdf-4769-9798-43b0d3b12a74
85e8b745-786b-4782-a8a1-e3b3164a3f22;e1aa0b06-90bf-4e2a-9c2d-3a21e7021391;7b212b86-df61-11e7-9f98-c82a144c0a85;ebf7f8f0-1b0a-4662-9ed8-c9bb19936ec0;;2015-09-03;PSB;8d1e7b35-6bbf-4fa5-ae87-2f1dcf2080ac
85e8b745-786b-4782-a8a1-e3b3164a3f22;9830e6de-5811-4f70-bd7a-7d971b983337;7b212e92-df61-11e7-aaf4-c82a144c0a85;ebf7f8f0-1b0a-4662-9ed8-c9bb19936ec0;2015-06-09;1999-02-01;PSDB;1bad197a-7f3f-46de-9c6c-e0dd3acd8264
85e8b745-786b-4782-a8a1-e3b3164a3f22;2e48665c-24da-4f9b-ba1b-2f32095bcbea;7b212b86-df61-11e7-9f98-c82a144c0a85;ebf7f8f0-1b0a-4662-9ed8-c9bb19936ec0;;2007-02-01;PSB;fe4bc06b-0e64-4d0a-bf1c-c500fd56bd5d
85e8b745-786b-4782-a8a1-e3b3164a3f22;1bb9bf48-bc33-4a90-afbc-929f4fb875ab;7b210cfa-df61-11e7-9864-c82a144c0a85;ebf7f8f0-1b0a-4662-9ed8-c9bb19936ec0;;2002-10-29;PMDB;0421404b-bb48-4241-aad8-b09bc40946e0
85e8b745-786b-4782-a8a1-e3b3164a3f22;6272be6c-eec5-427a-b775-aaf799f6bcfd;7b212e92-df61-11e7-aaf4-c82a144c0a85;ebf7f8f0-1b0a-4662-9ed8-c9bb19936ec0;;2015-02-01;PSDB;7fea2ea9-5fff-4d3d-a1de-106abf4b50d1
85e8b745-786b-4782-a8a1-e3b3164a3f22;295b96c1-a0b7-4515-8dd5-114dfc2bfd58;7b210cfa-df61-11e7-9864-c82a144c0a85;ebf7f8f0-1b0a-4662-9ed8-c9bb19936ec0;;2011-02-03;PMDB;1dd900bd-182f-4125-bf21-1728158f7dbe
85e8b745-786b-4782-a8a1-e3b3164a3f22;64631b4f-7f41-4844-9f37-de47a4bba752;7b210cfa-df61-11e7-9864-c82a144c0a85;ebf7f8f0-1b0a-4662-9ed8-c9bb19936ec0;;2011-01-27;PMDB;74aeacf7-cab8-4783-94bf-c5581a9971b1
85e8b745-786b-4782-a8a1-e3b3164a3f22;c4cee276-0298-4cc1-9f94-e14fa701a404;7b210cfa-df61-11e7-9864-c82a144c0a85;ebf7f8f0-1b0a-4662-9ed8-c9bb19936ec0;;2011-02-03;PMDB;147cdffb-fd75-445d-a108-2616933122a6
85e8b745-786b-4782-a8a1-e3b3164a3f22;71914832-d2eb-4836-ad7f-6dddb03d7b4a;7b20f90c-df61-11e7-a941-c82a144c0a85;ebf7f8f0-1b0a-4662-9ed8-c9bb19936ec0;;2011-02-03;PCdoB;ff1dcf91-0b29-40d7-9559-2ebc4f9cd83d
85e8b745-786b-4782-a8a1-e3b3164a3f22;c96b95f0-aac3-4d6e-a3f3-6a0857e28fe1;7b211a38-df61-11e7-b1b8-c82a144c0a85;ebf7f8f0-1b0a-4662-9ed8-c9bb19936ec0;;2011-02-03;PR;0590d139-73ca-43d7-8f19-518485f3425f
85e8b745-786b-4782-a8a1-e3b3164a3f22;1cb78c0b-84c9-4174-850e-0ff963a3962e;7b212d98-df61-11e7-95f7-c82a144c0a85;ebf7f8f0-1b0a-4662-9ed8-c9bb19936ec0;;2015-02-01;PSD;fc0c0abd-2375-4ae8-b1a7-08565a2fc5ac
85e8b745-786b-4782-a8a1-e3b3164a3f22;d15b5054-7d21-4306-98f4-00746e7ae0e2;7b210cfa-df61-11e7-9864-c82a144c0a85;ebf7f8f0-1b0a-4662-9ed8-c9bb19936ec0;;2015-02-01;PMDB;c40c1d16-1a50-4978-90b3-6d37dacfacd4
85e8b745-786b-4782-a8a1-e3b3164a3f22;904313fb-9bb4-4e50-9673-0797a79c17ac;7b20f90c-df61-11e7-a941-c82a144c0a85;ebf7f8f0-1b0a-4662-9ed8-c9bb19936ec0;;2011-02-03;PCdoB;cb365114-ffb6-48f7-801d-58c9c727f1dd
85e8b745-786b-4782-a8a1-e3b3164a3f22;4f00b4dd-cfe8-4c9c-8d00-1b83c7264988;7b2138a6-df61-11e7-baf1-c82a144c0a85;ebf7f8f0-1b0a-4662-9ed8-c9bb19936ec0;;2003-02-01;PT;229d4976-68b0-4a63-873a-fca9e8f3fb49
85e8b745-786b-4782-a8a1-e3b3164a3f22;af6600a3-9bb6-4f8f-91f9-66819f00e9c5;7b210cfa-df61-11e7-9864-c82a144c0a85;ebf7f8f0-1b0a-4662-9ed8-c9bb19936ec0;;2008-05-06;PMDB;8668445c-e4a0-40fb-be10-5eaaad5ef831
85e8b745-786b-4782-a8a1-e3b3164a3f22;05ff9fe4-d670-41d8-9a28-51cfeaccb7a6;7b20ed7e-df61-11e7-bb65-c82a144c0a85;ebf7f8f0-1b0a-4662-9ed8-c9bb19936ec0;2008-03-12;2008-01-30;DEM;5d8cd44d-8796-4bb0-936f-b224181108cc
85e8b745-786b-4782-a8a1-e3b3164a3f22;eaa19e13-1a59-4610-afdf-690fdb2fce27;7b212d98-df61-11e7-95f7-c82a144c0a85;ebf7f8f0-1b0a-4662-9ed8-c9bb19936ec0;;2017-01-31;PSD;5a8014ab-ba62-4ad9-83b3-f1fd90baf329
85e8b745-786b-4782-a8a1-e3b3164a3f22;cc517a5b-23f5-4a66-bbf6-9457ff8ae20b;7b210070-df61-11e7-97e9-c82a144c0a85;ebf7f8f0-1b0a-4662-9ed8-c9bb19936ec0;2017-01-30;2015-02-01;PDT;080b6374-d78e-4feb-8216-97c7831e9d3c
85e8b745-786b-4782-a8a1-e3b3164a3f22;5e477610-1bb0-4efb-abe5-883b0d7f06ba;7b2138a6-df61-11e7-baf1-c82a144c0a85;ebf7f8f0-1b0a-4662-9ed8-c9bb19936ec0;;2011-02-03;PT;67670268-8634-4e80-ace2-e5324270a171
85e8b745-786b-4782-a8a1-e3b3164a3f22;aaa92578-4f64-4727-892e-af6fa2b6fbe6;7b210cfa-df61-11e7-9864-c82a144c0a85;ebf7f8f0-1b0a-4662-9ed8-c9bb19936ec0;2017-12-05;2013-10-08;PMDB;c5d099f1-810b-4017-bfc8-e02cd51d3c38
85e8b745-786b-4782-a8a1-e3b3164a3f22;3bfe60ae-cb50-4d32-a16c-24ea2b251af8;7b212d98-df61-11e7-95f7-c82a144c0a85;ebf7f8f0-1b0a-4662-9ed8-c9bb19936ec0;2013-10-07;2011-10-19;PSD;37e664f8-aa55-46b9-aa78-55788f2779c0
85e8b745-786b-4782-a8a1-e3b3164a3f22;e70bc1ad-9d59-445b-bf18-958a093debc7;7b20ed7e-df61-11e7-bb65-c82a144c0a85;ebf7f8f0-1b0a-4662-9ed8-c9bb19936ec0;2011-10-18;2007-08-02;DEM;b1d77d2e-90ad-4695-899a-90e2509cf9da
85e8b745-786b-4782-a8a1-e3b3164a3f22;3c8e1d37-3d53-43de-aca4-7fb965f7d32f;7b21046c-df61-11e7-8094-c82a144c0a85;ebf7f8f0-1b0a-4662-9ed8-c9bb19936ec0;2007-08-01;2000-04-04;PFL;d7e6b278-563f-4e04-a50b-d6cb8dfde00e
85e8b745-786b-4782-a8a1-e3b3164a3f22;81a32313-db17-4fef-beb3-e54d9efac376;7b20ed7e-df61-11e7-bb65-c82a144c0a85;ebf7f8f0-1b0a-4662-9ed8-c9bb19936ec0;;2007-04-24;DEM;7e6e31ee-d83f-491e-8db4-c128b29b6273
85e8b745-786b-4782-a8a1-e3b3164a3f22;99eb9cf1-5262-42d3-88ea-7ee296128003;7b21046c-df61-11e7-8094-c82a144c0a85;ebf7f8f0-1b0a-4662-9ed8-c9bb19936ec0;2007-04-23;1999-02-01;PFL;758b8962-d2c9-4fb8-b997-86c5022e0cd8
85e8b745-786b-4782-a8a1-e3b3164a3f22;ee345834-540e-4b73-83fa-c2213f018c82;7b210070-df61-11e7-97e9-c82a144c0a85;ebf7f8f0-1b0a-4662-9ed8-c9bb19936ec0;;2014-07-24;PDT;4ca183fe-1d16-4582-bccc-a98cf72a592f
85e8b745-786b-4782-a8a1-e3b3164a3f22;a11a5ba4-2738-4c29-9f52-87040b8d8b1d;7b211a38-df61-11e7-b1b8-c82a144c0a85;ebf7f8f0-1b0a-4662-9ed8-c9bb19936ec0;;2007-02-01;PR;598a5743-f6ab-4ffc-a80d-23501350c014
85e8b745-786b-4782-a8a1-e3b3164a3f22;7b5f915e-4ff8-4335-aeaf-95414ed3d7a9;7b2109d0-df61-11e7-a4af-c82a144c0a85;ebf7f8f0-1b0a-4662-9ed8-c9bb19936ec0;2006-12-19;2005-03-31;PL;9903cc9b-78c8-498c-b0af-f3b60bba5368
85e8b745-786b-4782-a8a1-e3b3164a3f22;f5dc141a-ea1d-4b6e-90f2-1846bfe9b299;7b21046c-df61-11e7-8094-c82a144c0a85;ebf7f8f0-1b0a-4662-9ed8-c9bb19936ec0;2005-03-28;1999-02-01;PFL;595a8c8a-7965-4b19-9d37-a45283d04886
85e8b745-786b-4782-a8a1-e3b3164a3f22;65fe8124-d82d-4646-bf4d-1abe2824efdc;7b20e3f6-df61-11e7-885c-c82a144c0a85;ebf7f8f0-1b0a-4662-9ed8-c9bb19936ec0;;2012-10-17;PPL;6e3ba7df-e445-4273-83e8-52092b509a90
85e8b745-786b-4782-a8a1-e3b3164a3f22;bd586ce2-de1c-472c-b869-7a59d75bd6c8;7b212e92-df61-11e7-aaf4-c82a144c0a85;ebf7f8f0-1b0a-4662-9ed8-c9bb19936ec0;2012-10-16;2011-02-03;PSDB;ecad2234-4a29-4db9-af96-b8af67bb4791
85e8b745-786b-4782-a8a1-e3b3164a3f22;6ee3572b-43b6-46e1-9610-014b66584561;7b212e92-df61-11e7-aaf4-c82a144c0a85;ebf7f8f0-1b0a-4662-9ed8-c9bb19936ec0;;2010-07-15;PSDB;7f8757a8-0c4b-409e-bf76-2c5e29708758
85e8b745-786b-4782-a8a1-e3b3164a3f22;acb5eb0e-2c5e-4b13-87a2-117dbdbeb608;7b2160e2-df61-11e7-bad5-c82a144c0a85;ebf7f8f0-1b0a-4662-9ed8-c9bb19936ec0;;2015-02-01;PCB;91d6fdf3-d83e-4847-b4df-c489a88063db
85e8b745-786b-4782-a8a1-e3b3164a3f22;cef49016-0761-4c96-9f0c-30644fe52319;7b212b86-df61-11e7-9f98-c82a144c0a85;ebf7f8f0-1b0a-4662-9ed8-c9bb19936ec0;;2003-02-01;PSB;29866739-bdfe-4e96-8cec-1fe9825fdcbb
85e8b745-786b-4782-a8a1-e3b3164a3f22;7142e437-be68-49b5-a87f-dccd53e4bad1;7b21297e-df61-11e7-8546-c82a144c0a85;ebf7f8f0-1b0a-4662-9ed8-c9bb19936ec0;;2011-02-03;PRTB;c0de21c8-00dd-4c08-9d57-d3588a7dee00
85e8b745-786b-4782-a8a1-e3b3164a3f22;993e60ef-ffbb-4864-a91a-c6d4614746ad;7b210cfa-df61-11e7-9864-c82a144c0a85;ebf7f8f0-1b0a-4662-9ed8-c9bb19936ec0;;2011-02-03;PMDB;52b75d96-11c0-45dd-b351-f87db2da9ccc
85e8b745-786b-4782-a8a1-e3b3164a3f22;1862a202-f6b9-4248-8f35-7065e2093739;7b210cfa-df61-11e7-9864-c82a144c0a85;ebf7f8f0-1b0a-4662-9ed8-c9bb19936ec0;;1999-02-01;PMDB;f1b48d5c-fe23-4975-af2c-f27bd29424f9
85e8b745-786b-4782-a8a1-e3b3164a3f22;02bc24cb-73b2-45d0-bec2-f6bf66f20ccb;7b210cfa-df61-11e7-9864-c82a144c0a85;ebf7f8f0-1b0a-4662-9ed8-c9bb19936ec0;;2011-02-03;PMDB;95c2c418-1024-49fe-91a5-21a8916496bb
85e8b745-786b-4782-a8a1-e3b3164a3f22;fe9a7ff1-18d5-4bd1-95f2-8c525c91ea0a;7b212e92-df61-11e7-aaf4-c82a144c0a85;ebf7f8f0-1b0a-4662-9ed8-c9bb19936ec0;;1995-02-01;PSDB;71a1ed79-743a-4f7b-93e8-0b1d5d47f987
85e8b745-786b-4782-a8a1-e3b3164a3f22;e4b09b98-587b-496b-89fd-539f6bff8a6b;7b212b86-df61-11e7-9f98-c82a144c0a85;ebf7f8f0-1b0a-4662-9ed8-c9bb19936ec0;;2011-02-03;PSB;0440ff9b-327d-44eb-9e48-dd5d4573131f
85e8b745-786b-4782-a8a1-e3b3164a3f22;c958cb97-1735-4784-bcea-454a5338a3e9;7b2138a6-df61-11e7-baf1-c82a144c0a85;ebf7f8f0-1b0a-4662-9ed8-c9bb19936ec0;;1999-02-01;PT;40a98b50-11a6-469d-b3d5-2f176997caf4
85e8b745-786b-4782-a8a1-e3b3164a3f22;362cdf45-76b0-48e1-bd08-1954d986306d;7b214350-df61-11e7-b1a0-c82a144c0a85;ebf7f8f0-1b0a-4662-9ed8-c9bb19936ec0;;2017-08-22;PODE;9ca4a4c7-1b16-4864-921d-049d7ccf47ba
85e8b745-786b-4782-a8a1-e3b3164a3f22;b8a89073-aa03-4d3c-9006-91b2b06394c8;7b212d98-df61-11e7-95f7-c82a144c0a85;ebf7f8f0-1b0a-4662-9ed8-c9bb19936ec0;2017-08-21;2016-03-28;PSD;05bbc0d8-b7d8-4bd4-909e-7c50185e75cb
85e8b745-786b-4782-a8a1-e3b3164a3f22;bd6dbed4-40bb-4495-8508-a312318be3cf;7b21193e-df61-11e7-8869-c82a144c0a85;ebf7f8f0-1b0a-4662-9ed8-c9bb19936ec0;2016-03-15;2011-02-03;PPS;80f4f596-b63d-4cf0-812f-bf98be87480b
85e8b745-786b-4782-a8a1-e3b3164a3f22;15422c5e-f51a-4a77-a810-44bcf781cee4;7b210cfa-df61-11e7-9864-c82a144c0a85;ebf7f8f0-1b0a-4662-9ed8-c9bb19936ec0;;2003-02-01;PMDB;865b8af0-7d4d-45d8-a034-52bf3f54ece5
85e8b745-786b-4782-a8a1-e3b3164a3f22;56b0c80c-9a0c-4ef3-a98c-4963dab520f9;7b212e92-df61-11e7-aaf4-c82a144c0a85;ebf7f8f0-1b0a-4662-9ed8-c9bb19936ec0;;2011-02-03;PSDB;6cf1c5d1-a8e5-466b-b270-bdbbd1f0b5d9
85e8b745-786b-4782-a8a1-e3b3164a3f22;5c40addf-2a6d-47ab-9e28-d72b4826d0d3;7b2138a6-df61-11e7-baf1-c82a144c0a85;ebf7f8f0-1b0a-4662-9ed8-c9bb19936ec0;;1995-02-01;PT;ecd5c10b-1718-4d5c-bf30-01326277dda0
85e8b745-786b-4782-a8a1-e3b3164a3f22;0d91283a-2b07-4119-8126-7665c7301a10;7b210070-df61-11e7-97e9-c82a144c0a85;ebf7f8f0-1b0a-4662-9ed8-c9bb19936ec0;;2015-02-01;PDT;a5f48ab8-dd23-45ec-b673-a0677e902c63
85e8b745-786b-4782-a8a1-e3b3164a3f22;bf6dedb4-6e34-4a14-ac7a-e2edcc2701b1;7b212e92-df61-11e7-aaf4-c82a144c0a85;ebf7f8f0-1b0a-4662-9ed8-c9bb19936ec0;;1999-02-01;PSDB;e7de04a0-1a8f-4fc8-89ef-62661a2707d0
85e8b745-786b-4782-a8a1-e3b3164a3f22;143f7691-5eec-412a-9b42-6fac4d3ac282;7b212b86-df61-11e7-9f98-c82a144c0a85;ebf7f8f0-1b0a-4662-9ed8-c9bb19936ec0;;2011-02-03;PSB;55dee922-46ac-40d6-95e5-54e0fb2842b3
85e8b745-786b-4782-a8a1-e3b3164a3f22;7e6f3802-357c-4079-aa4d-d83a09c8c08c;7b20e63a-df61-11e7-b49c-c82a144c0a85;ebf7f8f0-1b0a-4662-9ed8-c9bb19936ec0;;2015-02-01;PROS;3db0d0d5-137c-40e5-aa7f-a76069370762
85e8b745-786b-4782-a8a1-e3b3164a3f22;3a0838b6-512d-4088-bd71-2c8fcb24a08e;7b21297e-df61-11e7-8546-c82a144c0a85;ebf7f8f0-1b0a-4662-9ed8-c9bb19936ec0;2015-01-31;2011-02-03;PRTB;f02bf0f5-7340-4dfc-a54b-023306705eb3
85e8b745-786b-4782-a8a1-e3b3164a3f22;8e58fa5f-4c9c-4a01-8c3e-03b4283d7fc0;7b20ed7e-df61-11e7-bb65-c82a144c0a85;ebf7f8f0-1b0a-4662-9ed8-c9bb19936ec0;;2015-02-01;DEM;5f715dce-3b3d-4528-af09-65ab28b6d95c
85e8b745-786b-4782-a8a1-e3b3164a3f22;dc48693c-4d1a-4dad-b1c6-6279858704fb;7b212e92-df61-11e7-aaf4-c82a144c0a85;ebf7f8f0-1b0a-4662-9ed8-c9bb19936ec0;;2011-02-03;PSDB;7ff53c66-c8ee-4a54-9f53-2fc7d86710f9
85e8b745-786b-4782-a8a1-e3b3164a3f22;c8a2398d-a5c6-4b21-bf8b-e3e43b0dfa99;7b20ed7e-df61-11e7-bb65-c82a144c0a85;ebf7f8f0-1b0a-4662-9ed8-c9bb19936ec0;;2007-08-02;DEM;63c6f12e-4f18-457b-b9a0-fd83157a9735
85e8b745-786b-4782-a8a1-e3b3164a3f22;c24e5f56-cd7a-455f-84d6-d33c9c49c4b5;7b21046c-df61-11e7-8094-c82a144c0a85;ebf7f8f0-1b0a-4662-9ed8-c9bb19936ec0;2007-08-01;1995-02-01;PFL;7f4644cb-31c3-4de9-a5ab-49c1e4579d81
85e8b745-786b-4782-a8a1-e3b3164a3f22;5a1602b6-e0fe-40a1-b51e-2c6608f06eb2;7b20ed7e-df61-11e7-bb65-c82a144c0a85;ebf7f8f0-1b0a-4662-9ed8-c9bb19936ec0;;2010-05-05;DEM;5baef0e7-6930-45a6-8fab-116e3ecfa7c2
85e8b745-786b-4782-a8a1-e3b3164a3f22;f7182ee3-6937-4073-b3cf-fca3db0c783d;7b2138a6-df61-11e7-baf1-c82a144c0a85;ebf7f8f0-1b0a-4662-9ed8-c9bb19936ec0;;2011-02-03;PT;cc9c65e7-13a4-4efa-a06d-4d0a8b5b2269
85e8b745-786b-4782-a8a1-e3b3164a3f22;370a9659-8e42-47c1-943a-d00d7dea02c5;7b2138a6-df61-11e7-baf1-c82a144c0a85;ebf7f8f0-1b0a-4662-9ed8-c9bb19936ec0;;2011-01-31;PT;25706996-15e0-46f7-8489-98903a8a4265
85e8b745-786b-4782-a8a1-e3b3164a3f22;93fcc6a8-978e-4da6-abc1-51bdce331324;7b212b86-df61-11e7-9f98-c82a144c0a85;ebf7f8f0-1b0a-4662-9ed8-c9bb19936ec0;;2011-02-03;PSB;ee4fcf70-e277-4538-83c0-42c8cd9d16a9
85e8b745-786b-4782-a8a1-e3b3164a3f22;8ddf0917-6063-490c-ba90-8594efca0c86;7b2139c8-df61-11e7-8d64-c82a144c0a85;ebf7f8f0-1b0a-4662-9ed8-c9bb19936ec0;2007-01-31;2003-05-15;PTB;0220d3ce-6225-4290-adf6-5dbe20b712c9
85e8b745-786b-4782-a8a1-e3b3164a3f22;9fb3db87-d5b5-4a31-b450-52bf719c0894;7b21046c-df61-11e7-8094-c82a144c0a85;ebf7f8f0-1b0a-4662-9ed8-c9bb19936ec0;2003-05-14;1999-02-01;PFL;10588135-529e-44a4-b6c2-15e77fdc8cd5
85e8b745-786b-4782-a8a1-e3b3164a3f22;70b247f6-6dde-4388-b04f-02e81094a9fe;7b212d98-df61-11e7-95f7-c82a144c0a85;ebf7f8f0-1b0a-4662-9ed8-c9bb19936ec0;;2015-02-01;PSD;2ff9ff5a-bc21-47ec-947f-f0220d83368c
85e8b745-786b-4782-a8a1-e3b3164a3f22;bc391dd6-8edc-40ec-9d7b-2647413702c2;7b211a38-df61-11e7-b1b8-c82a144c0a85;ebf7f8f0-1b0a-4662-9ed8-c9bb19936ec0;;2011-02-03;PR;c8f0e254-eb64-4181-8def-0d015914b6da
85e8b745-786b-4782-a8a1-e3b3164a3f22;49eca8aa-03e0-4b41-a9ac-72ec95db1e34;7b21193e-df61-11e7-8869-c82a144c0a85;ebf7f8f0-1b0a-4662-9ed8-c9bb19936ec0;2011-07-02;2011-01-27;PPS;98361962-451c-4ad1-a052-bb3f2de2b446
85e8b745-786b-4782-a8a1-e3b3164a3f22;a9974e87-5074-432d-a54d-222c0a2bced9;7b21152e-df61-11e7-bdcf-c82a144c0a85;ebf7f8f0-1b0a-4662-9ed8-c9bb19936ec0;;2011-01-28;PP;02159593-0e6c-4436-b644-55e298d501a5
85e8b745-786b-4782-a8a1-e3b3164a3f22;0bfb7101-4d6c-42dc-9eac-d8d978a207ee;7b2138a6-df61-11e7-baf1-c82a144c0a85;ebf7f8f0-1b0a-4662-9ed8-c9bb19936ec0;;2015-02-01;PT;22c5853e-cf8e-479b-a29d-01b42260935d
85e8b745-786b-4782-a8a1-e3b3164a3f22;2cb9e81f-3362-4a2e-b113-dcd9c6f45abb;7b210cfa-df61-11e7-9864-c82a144c0a85;ebf7f8f0-1b0a-4662-9ed8-c9bb19936ec0;;1995-02-01;PMDB;d3eaa904-3388-4a9f-9f19-65b93ae8f71a
85e8b745-786b-4782-a8a1-e3b3164a3f22;76d506cf-4cec-4b32-9842-146f968ea0cd;7b20e63a-df61-11e7-b49c-c82a144c0a85;ebf7f8f0-1b0a-4662-9ed8-c9bb19936ec0;;2017-10-10;PROS;8626bf95-ef62-4bf6-9e18-83ee1f7b843c
85e8b745-786b-4782-a8a1-e3b3164a3f22;45e9a5a6-cf04-43f7-8905-bab3022e2493;7b210cfa-df61-11e7-9864-c82a144c0a85;ebf7f8f0-1b0a-4662-9ed8-c9bb19936ec0;2017-10-09;2016-03-15;PMDB;395497a6-e04f-4a77-a6ba-09cd6bd0f084
85e8b745-786b-4782-a8a1-e3b3164a3f22;b8559d18-a4c9-4b09-9d28-bdea60a65340;7b213f54-df61-11e7-9eec-c82a144c0a85;ebf7f8f0-1b0a-4662-9ed8-c9bb19936ec0;2016-03-14;2015-12-10;PMB;b52f521a-9a05-4dc0-b9e6-f889d3dc1b70
85e8b745-786b-4782-a8a1-e3b3164a3f22;0ec1ca68-5eae-47a7-849d-8e3538dc7424;7b212d98-df61-11e7-95f7-c82a144c0a85;ebf7f8f0-1b0a-4662-9ed8-c9bb19936ec0;2015-12-08;2015-01-01;PSD;4800a063-49e9-4e06-ac65-d32fb411bcd1
85e8b745-786b-4782-a8a1-e3b3164a3f22;5a86ec19-1ab4-4d7d-a9ba-5aac18438319;7b2138a6-df61-11e7-baf1-c82a144c0a85;ebf7f8f0-1b0a-4662-9ed8-c9bb19936ec0;2014-12-31;2011-02-03;PT;9b4e89f9-f785-4367-8b34-62e72fede6b2
85e8b745-786b-4782-a8a1-e3b3164a3f22;02b413ee-59c9-4bd0-a70e-458e3310af0d;7b2139c8-df61-11e7-8d64-c82a144c0a85;ebf7f8f0-1b0a-4662-9ed8-c9bb19936ec0;;2011-02-03;PTB;2d0cd6ef-364f-496c-9512-df1e78bdc114
85e8b745-786b-4782-a8a1-e3b3164a3f22;20b1c862-b20b-410c-acd3-1de67d7582c3;7b2138a6-df61-11e7-baf1-c82a144c0a85;ebf7f8f0-1b0a-4662-9ed8-c9bb19936ec0;;2011-01-27;PT;6edbda2f-27e5-4f1f-bd51-db922e4760ec
85e8b745-786b-4782-a8a1-e3b3164a3f22;36b329f6-1f30-434f-b1b6-e2921234642f;7b2138a6-df61-11e7-baf1-c82a144c0a85;ebf7f8f0-1b0a-4662-9ed8-c9bb19936ec0;;2011-01-27;PT;d785d699-815f-4435-905c-3e738788cc2b
85e8b745-786b-4782-a8a1-e3b3164a3f22;b0072164-b41e-4e2a-a62d-89cd4f59adbd;7b210070-df61-11e7-97e9-c82a144c0a85;ebf7f8f0-1b0a-4662-9ed8-c9bb19936ec0;;2015-02-01;PDT;790122b7-4e62-49ef-bafa-3ef9a8a74752
85e8b745-786b-4782-a8a1-e3b3164a3f22;4175b3ff-77f1-48bd-9eab-5374d1a667ce;7b21152e-df61-11e7-bdcf-c82a144c0a85;ebf7f8f0-1b0a-4662-9ed8-c9bb19936ec0;;2007-02-01;PP;2381cc78-ca5b-4044-bf97-06213afe5ea6
85e8b745-786b-4782-a8a1-e3b3164a3f22;197d0eec-b188-455c-ac2b-32cbb32b08f5;7b20ed7e-df61-11e7-bb65-c82a144c0a85;ebf7f8f0-1b0a-4662-9ed8-c9bb19936ec0;;2011-02-03;DEM;508d5e0b-a7ad-4847-a438-066c569fa44e
85e8b745-786b-4782-a8a1-e3b3164a3f22;c733ad2d-8bd2-457b-9c46-7503f856178b;7b210cfa-df61-11e7-9864-c82a144c0a85;ebf7f8f0-1b0a-4662-9ed8-c9bb19936ec0;;1995-02-01;PMDB;c49e6539-91fb-4fcb-ba3d-00191cdff43a
85e8b745-786b-4782-a8a1-e3b3164a3f22;60673b81-fa34-422c-8837-e6b5d26d714b;7b2138a6-df61-11e7-baf1-c82a144c0a85;ebf7f8f0-1b0a-4662-9ed8-c9bb19936ec0;;2011-02-03;PT;66b24924-a67c-4500-8a46-77880412583b
85e8b745-786b-4782-a8a1-e3b3164a3f22;ccb6f592-4e75-4729-badf-1656c2cfd281;7b210cfa-df61-11e7-9864-c82a144c0a85;ebf7f8f0-1b0a-4662-9ed8-c9bb19936ec0;;2003-02-01;PMDB;b3968263-3545-4dc2-a56a-32878ec500b9
85e8b745-786b-4782-a8a1-e3b3164a3f22;afe37739-e792-4a50-9951-fe364a7aa3cd;7b210cfa-df61-11e7-9864-c82a144c0a85;ebf7f8f0-1b0a-4662-9ed8-c9bb19936ec0;1994-12-19;1991-02-01;PMDB;df70a1ad-e32a-4152-b7fa-db2d72ebaa33
85e8b745-786b-4782-a8a1-e3b3164a3f22;59c64a4b-a3f3-42fc-8038-4271d1356196;7b210cfa-df61-11e7-9864-c82a144c0a85;ebf7f8f0-1b0a-4662-9ed8-c9bb19936ec0;;2006-08-01;PMDB;cbcae1ec-1859-412d-af9e-c603812e6c3a
85e8b745-786b-4782-a8a1-e3b3164a3f22;4b526186-dc60-4c91-993c-4db429a0ba8c;7b212b86-df61-11e7-9f98-c82a144c0a85;ebf7f8f0-1b0a-4662-9ed8-c9bb19936ec0;;2011-02-03;PSB;5ab4154c-2319-4a2c-8c48-d8c4a02c4525
85e8b745-786b-4782-a8a1-e3b3164a3f22;94d17415-ccd7-49d9-8977-34dff8ebbbcb;7b2138a6-df61-11e7-baf1-c82a144c0a85;ebf7f8f0-1b0a-4662-9ed8-c9bb19936ec0;;2003-02-01;PT;cc1c7efd-0f70-447c-acb9-687be9366cc8
85e8b745-786b-4782-a8a1-e3b3164a3f22;6f93da79-871f-4609-b81e-1bf4889a55ca;7b2132de-df61-11e7-8882-c82a144c0a85;ebf7f8f0-1b0a-4662-9ed8-c9bb19936ec0;;2011-02-03;PSOL;26aed7ea-e6d4-4dc6-9326-7cf43b4beaf6
85e8b745-786b-4782-a8a1-e3b3164a3f22;d08f9899-58ab-42d6-b96e-58b89394b676;7b210cfa-df61-11e7-9864-c82a144c0a85;ebf7f8f0-1b0a-4662-9ed8-c9bb19936ec0;;2011-02-03;PMDB;93598e26-0b60-4425-8f48-76e80ac2e392
85e8b745-786b-4782-a8a1-e3b3164a3f22;60fcb4d9-1032-4db2-b307-a0e9a429e62d;7b21152e-df61-11e7-bdcf-c82a144c0a85;ebf7f8f0-1b0a-4662-9ed8-c9bb19936ec0;2007-01-31;2003-06-06;PP;5d3c66c9-d614-4c67-b663-5d1c51df2b6e
85e8b745-786b-4782-a8a1-e3b3164a3f22;2fe9e007-363a-47ed-9e53-020390327e32;7b21046c-df61-11e7-8094-c82a144c0a85;ebf7f8f0-1b0a-4662-9ed8-c9bb19936ec0;2003-06-05;2003-02-01;PFL;2c49a8d1-0e6f-4a18-a25e-be6e522467b8
85e8b745-786b-4782-a8a1-e3b3164a3f22;51353a8a-29c4-43a5-a4b2-50db43a3ef3c;7b21046c-df61-11e7-8094-c82a144c0a85;ebf7f8f0-1b0a-4662-9ed8-c9bb19936ec0;2003-01-30;1999-02-01;PFL;043c15bf-71b2-44fd-91f6-222bf33afba6
85e8b745-786b-4782-a8a1-e3b3164a3f22;55ad295b-dc4f-40f6-9f34-8b34844cbe3d;7b20ed7e-df61-11e7-bb65-c82a144c0a85;ebf7f8f0-1b0a-4662-9ed8-c9bb19936ec0;;2011-02-03;DEM;2a38dfb2-b200-4f28-b752-b5ff7c36040b
85e8b745-786b-4782-a8a1-e3b3164a3f22;f3f15a2b-c71d-4a69-87f2-f9cad57bbcd2;7b210cfa-df61-11e7-9864-c82a144c0a85;ebf7f8f0-1b0a-4662-9ed8-c9bb19936ec0;;2011-02-03;PMDB;f56c99fb-f685-4c33-8445-66ffe9673594
85e8b745-786b-4782-a8a1-e3b3164a3f22;f2ede6fd-8002-4049-95ec-b6f7222086d8;7b212e92-df61-11e7-aaf4-c82a144c0a85;ebf7f8f0-1b0a-4662-9ed8-c9bb19936ec0;;2005-01-11;PSDB;7542be7c-03f5-4d8e-893f-bb5e3bfa0af4
85e8b745-786b-4782-a8a1-e3b3164a3f22;dddf7fd5-0e09-4364-8ceb-59cd54b8ab7c;7b212e92-df61-11e7-aaf4-c82a144c0a85;ebf7f8f0-1b0a-4662-9ed8-c9bb19936ec0;;2015-02-01;PSDB;4655ae76-577e-450c-8f96-1abb1556ab83
85e8b745-786b-4782-a8a1-e3b3164a3f22;fe735655-31f8-46e0-9a41-fe48137e49ca;7b210cfa-df61-11e7-9864-c82a144c0a85;ebf7f8f0-1b0a-4662-9ed8-c9bb19936ec0;;2001-10-25;PMDB;731488a7-6864-46c4-a7ba-c433aa3d12e1
85e8b745-786b-4782-a8a1-e3b3164a3f22;700daddd-c94a-4f5c-b007-642954df185f;7b20ed7e-df61-11e7-bb65-c82a144c0a85;ebf7f8f0-1b0a-4662-9ed8-c9bb19936ec0;;2011-02-03;DEM;cd86cb30-2310-40cc-9def-bbd59ac2f7e7
85e8b745-786b-4782-a8a1-e3b3164a3f22;561482d4-85e6-4888-8cc1-87851b10331c;7b213b12-df61-11e7-b867-c82a144c0a85;ebf7f8f0-1b0a-4662-9ed8-c9bb19936ec0;;2016-03-28;PTC;71fc4459-e4a3-4259-b5ee-74d3ee7bf197
85e8b745-786b-4782-a8a1-e3b3164a3f22;36066816-07cd-4340-a9c9-e333fde2a55a;7b2139c8-df61-11e7-8d64-c82a144c0a85;ebf7f8f0-1b0a-4662-9ed8-c9bb19936ec0;2016-03-27;2007-02-06;PTB;685e9d40-8131-4557-858f-1245461514b2
85e8b745-786b-4782-a8a1-e3b3164a3f22;b1451702-4147-423f-9e91-a3f91bddbcce;7b21297e-df61-11e7-8546-c82a144c0a85;ebf7f8f0-1b0a-4662-9ed8-c9bb19936ec0;2007-02-05;2007-02-01;PRTB;5e2c6ab3-67aa-48a4-bee4-f2425d2c5fa2
85e8b745-786b-4782-a8a1-e3b3164a3f22;b853b3d2-3d7c-454e-b631-90e33d7785fb;7b210cfa-df61-11e7-9864-c82a144c0a85;ebf7f8f0-1b0a-4662-9ed8-c9bb19936ec0;;2017-09-13;PMDB;c2d5dbca-a472-4f0e-9532-2a30f3a0f133
85e8b745-786b-4782-a8a1-e3b3164a3f22;3b3b0ca3-8672-44a8-82b9-31a3264e8fbb;7b212b86-df61-11e7-9f98-c82a144c0a85;ebf7f8f0-1b0a-4662-9ed8-c9bb19936ec0;2017-09-04;2015-02-01;PSB;215d2de5-ea98-448e-9bc8-61cea10c64e3
85e8b745-786b-4782-a8a1-e3b3164a3f22;f674504f-7aaa-4ad5-87c8-72f1fd509d1a;7b20e8d8-df61-11e7-8928-c82a144c0a85;ebf7f8f0-1b0a-4662-9ed8-c9bb19936ec0;;2015-02-01;SD;a642bd4b-0cfb-44b5-843e-4bb325f82fc0
85e8b745-786b-4782-a8a1-e3b3164a3f22;7ef28fb6-5406-4827-8973-a4e8dfc297ca;7b210070-df61-11e7-97e9-c82a144c0a85;ebf7f8f0-1b0a-4662-9ed8-c9bb19936ec0;;2011-02-03;PDT;b4f8c6f8-ad04-48c0-9ba4-cdd4e6434053
85e8b745-786b-4782-a8a1-e3b3164a3f22;7f010281-b3dc-4090-94de-c0b45c143f3c;7b20ed7e-df61-11e7-bb65-c82a144c0a85;ebf7f8f0-1b0a-4662-9ed8-c9bb19936ec0;;2011-02-03;DEM;21246c48-2372-4b20-9219-a8e82ae57a4b
85e8b745-786b-4782-a8a1-e3b3164a3f22;32e9e772-5288-4ccc-ae8c-460de5b1015a;7b212b86-df61-11e7-9f98-c82a144c0a85;ebf7f8f0-1b0a-4662-9ed8-c9bb19936ec0;;2015-02-01;PSB;d992e503-ea42-49d3-a8c8-29f5ec1a3fea
85e8b745-786b-4782-a8a1-e3b3164a3f22;7eebec50-b07d-42d5-a1b5-ba6bfcf7c489;7b210cfa-df61-11e7-9864-c82a144c0a85;ebf7f8f0-1b0a-4662-9ed8-c9bb19936ec0;;1999-02-01;PMDB;2b129392-fc28-4e26-8c59-d7bea6ef9b3d
85e8b745-786b-4782-a8a1-e3b3164a3f22;d9abfc80-dc93-4e99-b827-e78ca7c37f91;7b210cfa-df61-11e7-9864-c82a144c0a85;ebf7f8f0-1b0a-4662-9ed8-c9bb19936ec0;;2017-01-31;PMDB;2ba338d9-54f7-420f-b1fe-b3bbe084c12b
85e8b745-786b-4782-a8a1-e3b3164a3f22;a6a95529-926e-4404-9ca7-053cae0875ea;7b2139c8-df61-11e7-8d64-c82a144c0a85;ebf7f8f0-1b0a-4662-9ed8-c9bb19936ec0;2017-01-30;2015-02-01;PTB;b46ab9f6-640e-4fa5-9b40-28428498b352
85e8b745-786b-4782-a8a1-e3b3164a3f22;42f7a786-2b79-4a5c-bcab-5e40c7734b90;7b2138a6-df61-11e7-baf1-c82a144c0a85;ebf7f8f0-1b0a-4662-9ed8-c9bb19936ec0;;2011-02-03;PT;10534260-87e1-4dae-840d-6e043a5e0513
85e8b745-786b-4782-a8a1-e3b3164a3f22;ee6b7c6a-5b18-4f75-b52f-1680db047ccf;7b210cfa-df61-11e7-9864-c82a144c0a85;ebf7f8f0-1b0a-4662-9ed8-c9bb19936ec0;;2015-02-01;PMDB;448f888f-a28d-4940-9f0b-86f4169eba20
85e8b745-786b-4782-a8a1-e3b3164a3f22;f208d9c5-af72-4a55-a3d9-30a31eda28a9;7b2139c8-df61-11e7-8d64-c82a144c0a85;ebf7f8f0-1b0a-4662-9ed8-c9bb19936ec0;;2011-02-03;PTB;d93dbb8f-25a6-4066-a265-883c7c83e292
85e8b745-786b-4782-a8a1-e3b3164a3f22;13de1e0b-d04c-470e-ab4f-d7bbeacef407;7b212b86-df61-11e7-9f98-c82a144c0a85;ebf7f8f0-1b0a-4662-9ed8-c9bb19936ec0;;2011-02-03;PSB;597488ed-c359-4ef9-8960-8551c2ec640f
85e8b745-786b-4782-a8a1-e3b3164a3f22;e4e1a00a-73b2-4467-8c7d-2462bbb20681;7b2132de-df61-11e7-8882-c82a144c0a85;ebf7f8f0-1b0a-4662-9ed8-c9bb19936ec0;;2011-02-03;PSOL;ab9e3ef8-7e1a-446d-88c8-9c27caec92ad
85e8b745-786b-4782-a8a1-e3b3164a3f22;75afe364-1d26-4f1a-b50d-2a32391b8e2d;7b211b34-df61-11e7-b235-c82a144c0a85;ebf7f8f0-1b0a-4662-9ed8-c9bb19936ec0;;2009-10-09;PRB;1cfa08ae-4c8d-4031-8eb1-9234b4d6dae5
85e8b745-786b-4782-a8a1-e3b3164a3f22;f7f41a81-c059-49c8-9999-8705026b0282;7b212b86-df61-11e7-9f98-c82a144c0a85;ebf7f8f0-1b0a-4662-9ed8-c9bb19936ec0;2009-10-08;2007-02-07;PSB;bde24f35-7878-461e-a23d-a8d8b5c8fb3d
85e8b745-786b-4782-a8a1-e3b3164a3f22;799cd61b-c10e-4fd6-b2f9-4c19cd601d84;7b212e92-df61-11e7-aaf4-c82a144c0a85;ebf7f8f0-1b0a-4662-9ed8-c9bb19936ec0;;2017-02-01;PSDB;2e48e1ca-eb0d-40e6-aa7c-e3f989fc8ba7
85e8b745-786b-4782-a8a1-e3b3164a3f22;4429e999-9a4c-4035-8b37-38c4d654b1d5;7b212c9e-df61-11e7-a12b-c82a144c0a85;ebf7f8f0-1b0a-4662-9ed8-c9bb19936ec0;2017-01-31;2007-02-01;PSC;aff673e2-9d62-434c-b2f8-0b8467cee626
85e8b745-786b-4782-a8a1-e3b3164a3f22;00b72437-11a9-4ff0-b44c-0cde240d948c;7b210cfa-df61-11e7-9864-c82a144c0a85;ebf7f8f0-1b0a-4662-9ed8-c9bb19936ec0;;2011-01-28;PMDB;5334cfef-2b6b-494f-a405-742cf2ec5e47
85e8b745-786b-4782-a8a1-e3b3164a3f22;ce45d8bc-6e9b-4ac1-99b8-c49b4050025a;7b210cfa-df61-11e7-9864-c82a144c0a85;ebf7f8f0-1b0a-4662-9ed8-c9bb19936ec0;;2007-10-10;PMDB;a167ce66-5e39-4bb4-ad9b-721058a8a2b9
85e8b745-786b-4782-a8a1-e3b3164a3f22;fda25377-b58b-42d9-b12c-0b39ff88cc79;7b20ed7e-df61-11e7-bb65-c82a144c0a85;ebf7f8f0-1b0a-4662-9ed8-c9bb19936ec0;2007-10-09;2007-08-02;DEM;6ff05887-9e1b-4510-acf9-9364386a8955
85e8b745-786b-4782-a8a1-e3b3164a3f22;0d8db94e-7a50-426e-9b60-ffbc6b9958c1;7b21046c-df61-11e7-8094-c82a144c0a85;ebf7f8f0-1b0a-4662-9ed8-c9bb19936ec0;2007-08-01;1995-02-01;PFL;4153f202-a964-4c26-af2a-0ce5dfde6517
85e8b745-786b-4782-a8a1-e3b3164a3f22;304961b4-14b0-4f7f-b341-c2d9e104498e;7b2139c8-df61-11e7-8d64-c82a144c0a85;ebf7f8f0-1b0a-4662-9ed8-c9bb19936ec0;;2015-02-01;PTB;ce17089e-9859-42ef-8245-c9cc8a2bfade
85e8b745-786b-4782-a8a1-e3b3164a3f22;1ca82401-7692-4bcf-bd01-fa1d929b3374;7b210cfa-df61-11e7-9864-c82a144c0a85;ebf7f8f0-1b0a-4662-9ed8-c9bb19936ec0;;2015-02-01;PMDB;220a1da8-f15a-41ce-bdd4-701c3a43c35e
85e8b745-786b-4782-a8a1-e3b3164a3f22;6c48f471-373a-472e-b775-9a3b1ad01cdc;7b211a38-df61-11e7-b1b8-c82a144c0a85;ebf7f8f0-1b0a-4662-9ed8-c9bb19936ec0;;2015-02-01;PR;3230801c-0106-4e5b-a646-11867f345ccc
85e8b745-786b-4782-a8a1-e3b3164a3f22;43dc9430-c13f-4070-95d0-5cbb62396215;7b20ed7e-df61-11e7-bb65-c82a144c0a85;ebf7f8f0-1b0a-4662-9ed8-c9bb19936ec0;2012-04-26;2007-08-02;DEM;f7655fc3-0dad-425d-b596-27277297d1d8
85e8b745-786b-4782-a8a1-e3b3164a3f22;8b9f5b46-4fb7-473c-a557-3b5a0bdc853e;7b21046c-df61-11e7-8094-c82a144c0a85;ebf7f8f0-1b0a-4662-9ed8-c9bb19936ec0;2007-08-01;2003-02-01;PFL;0545ca9c-066d-4bba-9906-8acfaef87a0a
85e8b745-786b-4782-a8a1-e3b3164a3f22;6a49611b-0e2d-4ea7-9ae9-a81bc44c9882;7b2138a6-df61-11e7-baf1-c82a144c0a85;ebf7f8f0-1b0a-4662-9ed8-c9bb19936ec0;2016-03-28;2003-02-01;PT;ae7e75cb-23cd-48c0-b40d-87b6360b83d0
85e8b745-786b-4782-a8a1-e3b3164a3f22;e80c150e-c03b-4268-9181-c92b5a4b6595;7b212e92-df61-11e7-aaf4-c82a144c0a85;ebf7f8f0-1b0a-4662-9ed8-c9bb19936ec0;;2016-09-08;PSDB;61cc013f-f7aa-413a-a0b0-3a9ecb08a170
85e8b745-786b-4782-a8a1-e3b3164a3f22;3664c452-bb65-47d5-b1a5-5a6822c6add5;7b2138a6-df61-11e7-baf1-c82a144c0a85;ebf7f8f0-1b0a-4662-9ed8-c9bb19936ec0;;2015-02-01;PT;d21ec9b4-8cd3-4ffb-a675-7de6b20bc274
85e8b745-786b-4782-a8a1-e3b3164a3f22;bd84e00f-d2aa-4e69-af1e-0af83f6ecda8;7b2139c8-df61-11e7-8d64-c82a144c0a85;ebf7f8f0-1b0a-4662-9ed8-c9bb19936ec0;;2011-02-03;PTB;5a5786fa-7f9c-444c-8799-68c34dbe1c9e
85e8b745-786b-4782-a8a1-e3b3164a3f22;30a39b00-7d14-4c99-9915-7617997088f6;7b20ed7e-df61-11e7-bb65-c82a144c0a85;ebf7f8f0-1b0a-4662-9ed8-c9bb19936ec0;;2007-04-24;DEM;354887ed-4c1c-4e57-96be-8127acc30d18
85e8b745-786b-4782-a8a1-e3b3164a3f22;4b4c4aef-dd31-4f5c-9ef0-eb09abb37c95;7b21046c-df61-11e7-8094-c82a144c0a85;ebf7f8f0-1b0a-4662-9ed8-c9bb19936ec0;2007-04-23;2005-02-15;PFL;dd088a39-d6e6-45c3-badb-cc776549dccc
85e8b745-786b-4782-a8a1-e3b3164a3f22;df9dbcb9-9f3c-44ff-9a7a-5930f4e7b769;7b210070-df61-11e7-97e9-c82a144c0a85;ebf7f8f0-1b0a-4662-9ed8-c9bb19936ec0;2005-02-14;2003-02-01;PDT;5cfc624e-80aa-41fd-8f7d-3594009eaffe
85e8b745-786b-4782-a8a1-e3b3164a3f22;db2ab62d-e09d-4c3e-a055-189bb5778a93;7b212e92-df61-11e7-aaf4-c82a144c0a85;ebf7f8f0-1b0a-4662-9ed8-c9bb19936ec0;;2011-02-03;PSDB;e04ee7be-30a2-4159-b2be-474fc93a92d7
85e8b745-786b-4782-a8a1-e3b3164a3f22;29732fca-326d-497b-bf08-0a7625d5fa36;7b212e92-df61-11e7-aaf4-c82a144c0a85;ebf7f8f0-1b0a-4662-9ed8-c9bb19936ec0;;2011-11-08;PSDB;75a0b620-2bde-4150-b6ab-5590f99ae2a2
85e8b745-786b-4782-a8a1-e3b3164a3f22;aa95e40d-7f59-441a-8d54-0250cb3eca00;7b20ed7e-df61-11e7-bb65-c82a144c0a85;ebf7f8f0-1b0a-4662-9ed8-c9bb19936ec0;;2007-04-24;DEM;c1b62a40-dd81-48a8-baf0-c6f1cfaca1ac
85e8b745-786b-4782-a8a1-e3b3164a3f22;c4976efe-fcb7-4164-b3a4-478500fb0012;7b21046c-df61-11e7-8094-c82a144c0a85;ebf7f8f0-1b0a-4662-9ed8-c9bb19936ec0;2007-04-23;2003-02-01;PFL;6cebb951-3296-4935-b781-f68e4557adbd
85e8b745-786b-4782-a8a1-e3b3164a3f22;e4c6100e-cea1-4d8e-9e22-de01933f8b96;7b212e92-df61-11e7-aaf4-c82a144c0a85;ebf7f8f0-1b0a-4662-9ed8-c9bb19936ec0;;2014-12-13;PSDB;a4a596bd-2f56-4025-867a-3145b680973a
85e8b745-786b-4782-a8a1-e3b3164a3f22;a4f6b28f-09b5-4962-af02-e63102a18691;7b20e63a-df61-11e7-b49c-c82a144c0a85;ebf7f8f0-1b0a-4662-9ed8-c9bb19936ec0;2014-12-12;2013-12-23;PROS;7e3abfc3-492f-4272-8665-cea0503ec858
85e8b745-786b-4782-a8a1-e3b3164a3f22;fc324da6-b094-4e39-a263-9516433cc38a;7b212e92-df61-11e7-aaf4-c82a144c0a85;ebf7f8f0-1b0a-4662-9ed8-c9bb19936ec0;2013-12-22;2011-02-03;PSDB;d1af200e-d726-46f3-a68f-0612538a9d92
85e8b745-786b-4782-a8a1-e3b3164a3f22;154e1a0d-9d83-431d-8d5f-db3ea14467d3;7b21193e-df61-11e7-8869-c82a144c0a85;ebf7f8f0-1b0a-4662-9ed8-c9bb19936ec0;;2016-02-22;PPS;5a49e285-3379-4031-8314-54f9e4af6690
85e8b745-786b-4782-a8a1-e3b3164a3f22;68e0e9b3-bfce-466d-8385-dde33eb50724;7b210070-df61-11e7-97e9-c82a144c0a85;ebf7f8f0-1b0a-4662-9ed8-c9bb19936ec0;2016-02-21;2005-10-05;PDT;beaecd62-7a50-466c-b3d7-2b7363d36bc3
85e8b745-786b-4782-a8a1-e3b3164a3f22;94db9d79-1ded-4571-ba2e-9e1cbfb31cfa;7b2138a6-df61-11e7-baf1-c82a144c0a85;ebf7f8f0-1b0a-4662-9ed8-c9bb19936ec0;2005-09-12;2003-02-01;PT;830b1977-7e71-4c5d-baf7-a48f11f5b20a
85e8b745-786b-4782-a8a1-e3b3164a3f22;35f2ee74-464b-44dc-a864-83d46be265c3;7b2132de-df61-11e7-8882-c82a144c0a85;ebf7f8f0-1b0a-4662-9ed8-c9bb19936ec0;;2011-02-03;PSOL;077608e5-f7f3-4532-8a02-4f01c1a8a48d
85e8b745-786b-4782-a8a1-e3b3164a3f22;360b214c-9a4f-4b95-950e-2980c8dd23b2;7b210cfa-df61-11e7-9864-c82a144c0a85;ebf7f8f0-1b0a-4662-9ed8-c9bb19936ec0;;;PMDB;ed1ae85c-18df-4da5-9484-ebcbdc39e899
85e8b745-786b-4782-a8a1-e3b3164a3f22;23a6a864-b716-41d6-980e-c4490a0af56d;7b210cfa-df61-11e7-9864-c82a144c0a85;ebf7f8f0-1b0a-4662-9ed8-c9bb19936ec0;;;PMDB;d6f0a6e1-a0b8-4b3c-add6-f5811a1b0a39
85e8b745-786b-4782-a8a1-e3b3164a3f22;5c221bbb-f1cb-44af-ab6b-d2be0b021ab0;7b20f350-df61-11e7-ae0b-c82a144c0a85;ebf7f8f0-1b0a-4662-9ed8-c9bb19936ec0;;;MDB;4fde8b22-afa5-4026-9a03-73c113d0a587
85e8b745-786b-4782-a8a1-e3b3164a3f22;ccc7f0b9-ec94-49ad-ba5b-5d4d237cb0d2;7b212c9e-df61-11e7-a12b-c82a144c0a85;ebf7f8f0-1b0a-4662-9ed8-c9bb19936ec0;;2011-02-03;PSC;2d0d5d36-88af-4b3e-8059-42aad79c2aad
85e8b745-786b-4782-a8a1-e3b3164a3f22;17e84cd8-e283-432d-87dd-18fd876291cc;7b2139c8-df61-11e7-8d64-c82a144c0a85;ebf7f8f0-1b0a-4662-9ed8-c9bb19936ec0;;2003-05-15;PTB;685f2d06-e593-43b5-9cde-a4809ee1b8a3
85e8b745-786b-4782-a8a1-e3b3164a3f22;ef7e2f2e-b924-4800-94f7-95b9f0221850;7b210cfa-df61-11e7-9864-c82a144c0a85;ebf7f8f0-1b0a-4662-9ed8-c9bb19936ec0;2003-05-14;1999-02-01;PMDB;5c0b92fa-d2b3-41bb-8475-3b7b0b156c09
85e8b745-786b-4782-a8a1-e3b3164a3f22;2dceea51-eacc-4745-a777-a46a86da8f53;7b2139c8-df61-11e7-8d64-c82a144c0a85;ebf7f8f0-1b0a-4662-9ed8-c9bb19936ec0;;2011-02-03;PTB;ff5d5f2d-0c62-44a0-9711-94a494dd6afb
85e8b745-786b-4782-a8a1-e3b3164a3f22;897c50cd-c1e9-44fa-bad7-9aadb96a6a9e;7b20ed7e-df61-11e7-bb65-c82a144c0a85;ebf7f8f0-1b0a-4662-9ed8-c9bb19936ec0;;2011-02-03;DEM;2d23f967-a4ac-4d5f-8958-caad3b5de99c
85e8b745-786b-4782-a8a1-e3b3164a3f22;d1ad75cb-bcd1-4338-a1a6-b91a312de293;7b211a38-df61-11e7-b1b8-c82a144c0a85;ebf7f8f0-1b0a-4662-9ed8-c9bb19936ec0;;2011-02-03;PR;effb2a49-e97d-4e06-9bcd-5d3f8a259bc7
85e8b745-786b-4782-a8a1-e3b3164a3f22;bdb72c77-b856-47f4-b5ec-94bff04c7b1b;7b212b86-df61-11e7-9f98-c82a144c0a85;ebf7f8f0-1b0a-4662-9ed8-c9bb19936ec0;;1995-10-25;PSB;b408902a-a48a-4588-8800-e2ea69e094da
85e8b745-786b-4782-a8a1-e3b3164a3f22;5f60a433-9817-409a-9775-5a8ef792873e;7b21152e-df61-11e7-bdcf-c82a144c0a85;ebf7f8f0-1b0a-4662-9ed8-c9bb19936ec0;1995-10-24;1995-02-01;PP;be0dac11-c07a-4e23-98a6-028723af48c1
85e8b745-786b-4782-a8a1-e3b3164a3f22;3a7160b6-129d-4aa1-b8de-08e5d903742c;7b21152e-df61-11e7-bdcf-c82a144c0a85;ebf7f8f0-1b0a-4662-9ed8-c9bb19936ec0;;2011-02-03;PP;abe072c0-10e5-433b-869b-7e49d615ee4d
85e8b745-786b-4782-a8a1-e3b3164a3f22;22503379-8b9f-4ad3-b0af-07052b9f3432;7b21152e-df61-11e7-bdcf-c82a144c0a85;ebf7f8f0-1b0a-4662-9ed8-c9bb19936ec0;;2011-01-27;PP;80f489c6-16bc-453d-a33c-48fe59ae7dad
85e8b745-786b-4782-a8a1-e3b3164a3f22;15066298-9472-448c-9f6c-48a069f71658;7b2132de-df61-11e7-8882-c82a144c0a85;ebf7f8f0-1b0a-4662-9ed8-c9bb19936ec0;;2011-02-03;PSOL;f0362ce0-7108-4559-8cd6-73ebfc82e8be
85e8b745-786b-4782-a8a1-e3b3164a3f22;753cc770-ff96-4b37-b00f-a0bdce98abbf;7b212e92-df61-11e7-aaf4-c82a144c0a85;ebf7f8f0-1b0a-4662-9ed8-c9bb19936ec0;;2015-02-01;PSDB;18bd83bd-1f86-4edc-80c7-1c42f483ee54
85e8b745-786b-4782-a8a1-e3b3164a3f22;7aa46e2c-ebaf-48df-8485-3fcfd3a2ec32;7b20f90c-df61-11e7-a941-c82a144c0a85;ebf7f8f0-1b0a-4662-9ed8-c9bb19936ec0;;2011-02-03;PCdoB;57b15d79-2533-4288-a4e9-550146546888
85e8b745-786b-4782-a8a1-e3b3164a3f22;2cae97a6-0111-4b36-bedb-8f88688bb75f;7b2139c8-df61-11e7-8d64-c82a144c0a85;ebf7f8f0-1b0a-4662-9ed8-c9bb19936ec0;;2015-02-01;PTB;6cfe1fc6-be4a-4974-8e50-1d1017c9dce4
85e8b745-786b-4782-a8a1-e3b3164a3f22;95477084-e522-4136-9c6a-d9cf37e89aaa;7b214350-df61-11e7-b1a0-c82a144c0a85;ebf7f8f0-1b0a-4662-9ed8-c9bb19936ec0;;2017-07-01;PODE;461f0823-5bf5-4406-840d-7ae415ff51d6
85e8b745-786b-4782-a8a1-e3b3164a3f22;73108a77-9156-4ebe-bf96-ce5a7c48d71c;7b2148e6-df61-11e7-b174-c82a144c0a85;ebf7f8f0-1b0a-4662-9ed8-c9bb19936ec0;2017-06-30;2016-01-11;PV;58e1c67e-5ab1-46a4-b874-0b831005895e
85e8b745-786b-4782-a8a1-e3b3164a3f22;ba84a46d-a5da-49e6-81bc-11f407311a2a;7b212e92-df61-11e7-aaf4-c82a144c0a85;ebf7f8f0-1b0a-4662-9ed8-c9bb19936ec0;2016-01-07;2003-08-14;PSDB;a9ad966a-5dfe-4336-bea1-a7ab4c96bb79
85e8b745-786b-4782-a8a1-e3b3164a3f22;38f8108d-904c-463f-91b7-483e19e69c17;7b210070-df61-11e7-97e9-c82a144c0a85;ebf7f8f0-1b0a-4662-9ed8-c9bb19936ec0;2003-08-13;2001-09-26;PDT;53677a54-e27a-4d6f-9513-87599516e753
85e8b745-786b-4782-a8a1-e3b3164a3f22;4852c3f7-5984-4184-ae3a-15f2687597aa;7b212e92-df61-11e7-aaf4-c82a144c0a85;ebf7f8f0-1b0a-4662-9ed8-c9bb19936ec0;2001-09-25;1999-02-01;PSDB;2a99babb-a1c7-4ac4-b725-85b900fe99a3
85e8b745-786b-4782-a8a1-e3b3164a3f22;e521dc3a-1418-4645-be23-94ae1368a916;7b212d98-df61-11e7-95f7-c82a144c0a85;ebf7f8f0-1b0a-4662-9ed8-c9bb19936ec0;;2011-10-26;PSD;774c3811-80c5-4095-9876-4f6ce3373bc4
85e8b745-786b-4782-a8a1-e3b3164a3f22;97ba659e-6ef3-4fa5-8a4c-201d335e6701;7b21193e-df61-11e7-8869-c82a144c0a85;ebf7f8f0-1b0a-4662-9ed8-c9bb19936ec0;2011-10-25;2007-02-01;PPS;7d05ffe1-1afd-4143-b41d-b824a0110889
85e8b745-786b-4782-a8a1-e3b3164a3f22;d989ae0d-2ebb-4b63-ab37-83bb914fdad5;7b212e92-df61-11e7-aaf4-c82a144c0a85;ebf7f8f0-1b0a-4662-9ed8-c9bb19936ec0;;1999-02-01;PSDB;20861842-94be-482e-9739-705705f87f04
85e8b745-786b-4782-a8a1-e3b3164a3f22;acba40ea-9226-49f9-a1bd-466cafb2ae95;7b210cfa-df61-11e7-9864-c82a144c0a85;ebf7f8f0-1b0a-4662-9ed8-c9bb19936ec0;;2011-02-03;PMDB;548cc982-21c5-4a37-abcd-c34da6e4e41f
85e8b745-786b-4782-a8a1-e3b3164a3f22;76c9f2fc-fb49-4041-b42f-9531fe941bab;7b1a2ee4-df61-11e7-a2f6-c82a144c0a85;ebf7f8f0-1b0a-4662-9ed8-c9bb19936ec0;;2015-02-01;PEN;8b272261-217c-4726-95b8-4d2d5bfe7faa
85e8b745-786b-4782-a8a1-e3b3164a3f22;7a2e50c8-e71f-4bd7-9d79-8774e4233cbf;7b212e92-df61-11e7-aaf4-c82a144c0a85;ebf7f8f0-1b0a-4662-9ed8-c9bb19936ec0;;2011-02-03;PSDB;599382ef-883b-4c9d-a92f-b539e4626130
85e8b745-786b-4782-a8a1-e3b3164a3f22;125cdfe8-a151-41ec-a39e-7e292440d967;7b210070-df61-11e7-97e9-c82a144c0a85;ebf7f8f0-1b0a-4662-9ed8-c9bb19936ec0;;2009-11-05;PDT;c46606d3-6e05-475e-b1ad-e8f1debc9abb
85e8b745-786b-4782-a8a1-e3b3164a3f22;5d17509d-931a-4d56-bb59-6a87086f2f3e;7b21193e-df61-11e7-8869-c82a144c0a85;ebf7f8f0-1b0a-4662-9ed8-c9bb19936ec0;;2011-02-03;PPS;a4e60f2b-e95e-4d30-a230-7840b7e7d822
