org:member;org:role;sen:DataDesfiliacao;sen:DataFiliacao;sen:SiglaPartido;slp:resource_uri
85e8b745-786b-4782-a8a1-e3b3164a3f22;5fd22d1b-7488-4dd0-b9cd-80504e6fd655;;2015-02-01;PDT;0577ae6b-9fa4-4ff0-ac19-9dd5cd3598d1
85e8b745-786b-4782-a8a1-e3b3164a3f22;164d0752-6038-4c41-b6e2-faed52cb0d7b;;2004-02-14;PP;b2ec603a-26b8-4e59-8a59-624d2f0973ac
85e8b745-786b-4782-a8a1-e3b3164a3f22;747e074a-1d6e-428d-ac06-7bbd71089874;2004-02-13;1999-02-01;PFL;3cf1400f-9fe7-4552-99ac-d0a4a52a1510
85e8b745-786b-4782-a8a1-e3b3164a3f22;091020cf-a2a7-4756-8f74-d63299056437;;2011-02-03;PR;da9f5ea7-2636-4240-af94-94e0df597ae9
85e8b745-786b-4782-a8a1-e3b3164a3f22;7954e420-670d-480f-94fc-d7355b046baa;;2011-02-03;DEM;89a85f62-3dce-499c-a72a-0917f5bf5240
85e8b745-786b-4782-a8a1-e3b3164a3f22;75debc38-75e7-4fd8-87d8-9b1f9af30bfd;;2015-02-01;PDT;5d602564-ea0f-4b99-86fe-7ed822778f85
85e8b745-786b-4782-a8a1-e3b3164a3f22;12126cd2-9236-4565-8e86-b54e512ba18e;;1999-02-01;PSDB;70e5af79-d369-4e74-b4ad-4decab26ef97
85e8b745-786b-4782-a8a1-e3b3164a3f22;07a9bc86-a091-41d5-baca-d6f4b74af85b;;2015-02-01;PV;27187447-24a0-4e48-900d-5207e5ce37f5
85e8b745-786b-4782-a8a1-e3b3164a3f22;feca0da6-cf57-45bf-bfac-4416cbf45d20;;2015-02-01;PMDB;3bd6d232-08e8-4654-acdb-a46a77de65ba
85e8b745-786b-4782-a8a1-e3b3164a3f22;9af39252-c278-4e63-9b2a-8a53b99d4143;;2011-01-27;PR;5401befb-466d-4949-890c-5969d74233e2
85e8b745-786b-4782-a8a1-e3b3164a3f22;c4122cfb-1035-4f1d-80df-01b97c61eb51;;2015-02-01;PSC;1bde4f42-c239-45fe-a764-63a199d51464
85e8b745-786b-4782-a8a1-e3b3164a3f22;47b83a3e-c15e-40b5-8c3f-e488f750b5d8;;2015-02-01;PSD;1a7c58a5-044d-46ca-ad5f-6720401af1a6
85e8b745-786b-4782-a8a1-e3b3164a3f22;eaa99ad6-80c2-47d5-b4f8-cea001e4a064;;2003-06-02;PP;d33c0fe9-6fb3-4aed-b165-ad6322c9a9d6
85e8b745-786b-4782-a8a1-e3b3164a3f22;f9d2d1b7-4671-401e-8508-a18f531208dd;2003-06-01;2003-04-08;PPB;a18eb2af-feb2-4efc-aadd-679632f1ef9d
85e8b745-786b-4782-a8a1-e3b3164a3f22;4a18aa4c-ddd7-48bc-b9d9-1ef1de5f2650;2003-04-07;2003-02-01;PTB;6ad6adf3-8c57-4e8b-af56-94a4a7cd1456
85e8b745-786b-4782-a8a1-e3b3164a3f22;2aa07cb8-07d8-4359-be4a-1b966fdd8f2c;;2015-02-01;PSD;1d14da80-1ea2-4935-9dc3-a3cdb75ab8ab
85e8b745-786b-4782-a8a1-e3b3164a3f22;efab5180-c440-4a2f-b58c-526d696b09fb;;1999-02-01;PSDB;1e0560dc-a43f-4c4c-8054-b4bc6abcba50
85e8b745-786b-4782-a8a1-e3b3164a3f22;c3f58075-c7de-4ba4-8e27-450498d2e577;;2015-02-01;PRB;98cfd849-495a-491a-9edd-6737bc28f93d
85e8b745-786b-4782-a8a1-e3b3164a3f22;6bb9238d-ad14-405a-83e0-4be08e2a9e5c;;2011-02-03;PMDB;0bc391dd-d68d-4ac5-b63d-ac9d0befd523
85e8b745-786b-4782-a8a1-e3b3164a3f22;b96246d4-c21f-4d22-93e1-80202c867f5a;;2011-02-03;PT;8da8e9e2-58ab-4e79-aa1e-8a6ddc4251f2
85e8b745-786b-4782-a8a1-e3b3164a3f22;d8ff0ee2-7061-446d-a967-1d8696dd4848;;2017-04-17;PDT;52ebd4e9-82aa-4721-8a46-aa0b030fec3a
85e8b745-786b-4782-a8a1-e3b3164a3f22;414d2dd3-240a-41cb-970e-bf2150125f49;2017-04-14;2007-03-15;PT;3893d4d8-373e-4c5f-8a0d-61f94430b751
85e8b745-786b-4782-a8a1-e3b3164a3f22;afc3b79e-0636-4b1a-a8b0-7734cf183967;2007-03-14;2007-02-01;PTC;e674f22c-16a8-4e47-b30d-5619c06f13a3
85e8b745-786b-4782-a8a1-e3b3164a3f22;c23b6a1f-9937-4123-b32f-86653f8c679c;;2017-02-01;PMDB;0d8feadd-2d8a-47ed-bbad-5e734aae3787
85e8b745-786b-4782-a8a1-e3b3164a3f22;cc5dfdd9-7330-471d-9bed-02b51755e370;2017-01-31;2016-04-05;PTB;e588354d-4cd9-4fa5-b94b-fc90c1308efa
85e8b745-786b-4782-a8a1-e3b3164a3f22;5eac4ad2-3e61-49b0-8dea-87995fe932d7;2016-03-27;2011-07-11;PDT;9f4329c6-b2fd-4e77-a74b-d13f6219463e
85e8b745-786b-4782-a8a1-e3b3164a3f22;a7b5c638-18c3-40cc-8e8f-aea547754fcf;2007-08-01;1999-02-01;PFL;b07a7797-9fca-426e-9c61-c01a8b80ae8e
85e8b745-786b-4782-a8a1-e3b3164a3f22;5daa89e2-4e33-4526-bd70-c1e3bc2e8a86;;2005-03-23;PMDB;e2cdd48b-ac4f-4d78-a3d8-a673e17483db
85e8b745-786b-4782-a8a1-e3b3164a3f22;8bd8bbe1-02dd-489e-b0a8-6e3048938845;;2011-02-03;PDT;5cfff644-9746-4383-8b9d-986870a5e7a3
85e8b745-786b-4782-a8a1-e3b3164a3f22;64f58df9-239f-4882-af96-aa16226df4d8;;2015-09-15;PP;4075b128-0352-441f-9b8f-73ec79d2a79e
85e8b745-786b-4782-a8a1-e3b3164a3f22;b0d5854f-ffb0-47b3-8536-85f646aaf693;2015-09-14;2011-02-03;DEM;8acad641-1a97-455e-b307-7d9fcefda87c
85e8b745-786b-4782-a8a1-e3b3164a3f22;a8243e1e-3dc5-4750-ae2f-a358bd9dd02f;;2003-02-01;PMDB;559190b8-3cac-4aa5-a6bb-aeab56b588e7
85e8b745-786b-4782-a8a1-e3b3164a3f22;da8b4dc2-0a53-4e16-aaf4-3c6c577e96cf;;2011-02-01;PR;e62d5852-606a-4778-8766-0800839e1002
85e8b745-786b-4782-a8a1-e3b3164a3f22;1fe13795-2b58-4039-9d2b-3453d3ff3482;2006-12-19;1999-02-01;PL;3a8be23b-f9e1-424b-9ac0-0dd0999e525e
85e8b745-786b-4782-a8a1-e3b3164a3f22;d368a029-6411-44be-8ab5-c2792d6173fd;2016-03-28;1999-02-01;PT;bb063ffa-7785-46c8-abc2-e1857015c43f
85e8b745-786b-4782-a8a1-e3b3164a3f22;165f090b-1a1d-4cf6-ac21-0a1e8fefe23e;;2011-02-03;PT;6689182c-8797-43fb-bdf6-5a62da7e8787
85e8b745-786b-4782-a8a1-e3b3164a3f22;0a67b8eb-6c18-4d1f-9bef-173548920c57;;2011-01-31;PT;9c951888-b36f-4a29-8de3-c33793b46ad0
85e8b745-786b-4782-a8a1-e3b3164a3f22;e5b2c0a2-9f18-4e18-b110-f27118861098;;2015-02-01;PSB;3fda8291-21dd-49f6-8af8-8627b883dcd1
85e8b745-786b-4782-a8a1-e3b3164a3f22;2e4af7dd-c95b-43ee-97fb-bbc7a5e3d4b5;2015-01-31;1999-02-01;PDT;5d2907d7-d019-4e98-a974-830bd1e199b7
85e8b745-786b-4782-a8a1-e3b3164a3f22;c3360851-88bc-49bf-9be9-2f5a06f7c4dc;;2007-02-01;PMDB;3fcd0cee-d7e6-4896-bd66-3bdb5a5a542e
85e8b745-786b-4782-a8a1-e3b3164a3f22;b3415b71-0f5d-4b36-9469-23005de3d138;;2014-12-30;PR;cde6452d-519e-418e-8979-1183dd5518f7
85e8b745-786b-4782-a8a1-e3b3164a3f22;4cf913a5-2be2-403c-b941-60f0eae7e428;2014-12-29;2013-10-01;SD;457b0598-ba53-462e-adb3-a234cff8b6d8
85e8b745-786b-4782-a8a1-e3b3164a3f22;0e25272f-0d54-4d83-94f3-07b17102de4f;2013-09-30;2011-01-27;PR;dc1a25ef-2437-4857-a733-1b3b8c36579a
85e8b745-786b-4782-a8a1-e3b3164a3f22;dc9fb75a-ba84-4843-b134-04d51669edbc;2011-01-25;2007-02-01;PSDB;c9b198b3-a5fa-4476-9fe5-0fac33790d33
85e8b745-786b-4782-a8a1-e3b3164a3f22;c71642b9-fc30-4d03-8564-e3b40a3af67c;;1999-02-01;PMDB;643d14f3-a02e-4ef1-bff6-da9acdac824d
85e8b745-786b-4782-a8a1-e3b3164a3f22;c4dc80e6-3ccb-4633-92ac-5046ca1ca8bc;;2008-03-26;PSC;e55960a1-dc57-4126-943e-a2108f330a63
85e8b745-786b-4782-a8a1-e3b3164a3f22;53e4606f-5cdb-4a7b-9ea8-77be807ee06e;;1999-02-01;PCdoB;292a8cb2-a3bc-4f20-9c09-9cad15405170
85e8b745-786b-4782-a8a1-e3b3164a3f22;358f0cc2-fd15-4b2b-9ac1-c8d02b5dbd2c;;2003-02-01;PMDB;6d336c0e-fef5-40b5-8e3a-c31a9ef33dee
85e8b745-786b-4782-a8a1-e3b3164a3f22;a55a7329-d33e-4b51-9c9d-262353771bb5;;2011-02-03;PSDB;c9c1823a-d7be-4ed8-a332-5a30ead770d1
85e8b745-786b-4782-a8a1-e3b3164a3f22;838c5709-35f9-4273-934c-1300de0a96d7;;2011-02-03;PT;c52c1398-7be8-4539-b1d3-99ec579729d0
85e8b745-786b-4782-a8a1-e3b3164a3f22;d6956425-2d83-4743-8ec1-6daa5f97beff;;1999-02-01;PT;66cff76c-c1d3-476f-81d2-e2f053d6c126
85e8b745-786b-4782-a8a1-e3b3164a3f22;1d8add51-fb8f-48cb-bd65-2cb5aa7e624a;;2011-02-03;PMDB;cabd05dd-f636-431b-9e5a-b8298719f97b
85e8b745-786b-4782-a8a1-e3b3164a3f22;7eec5659-e866-46a4-b868-243425c2b561;;2011-02-03;PRB;32065184-640d-463b-91f6-79a610cb63fe
85e8b745-786b-4782-a8a1-e3b3164a3f22;17b8c43b-4646-4be2-b65b-1e9b2a3f363f;;2011-02-03;PSB;24dc7828-f3ea-4768-a4c1-5aced6b15b18
85e8b745-786b-4782-a8a1-e3b3164a3f22;09e86ed9-5580-43cd-bad9-3fc36b8cf149;2011-02-02;1999-02-01;PT;fce24360-0eb7-4d01-8af7-6bfe0b12a39e
85e8b745-786b-4782-a8a1-e3b3164a3f22;41d41f22-ccb8-4c5d-a2cc-5e0b98c7f59f;;2003-02-01;PSDB;f7b43013-e0e2-4c6a-b17c-f85a9ac2c31b
85e8b745-786b-4782-a8a1-e3b3164a3f22;556abc6a-5bc7-4c89-a8b3-c63b897f154a;;2017-02-01;PTB;a672aec2-137d-44ef-96b2-06b04d216b04
85e8b745-786b-4782-a8a1-e3b3164a3f22;9c2f09de-2664-4b23-b996-23a2fa3f859c;2017-01-26;2015-02-01;PDT;5d477185-19a7-4075-83f3-8d8701dc15db
85e8b745-786b-4782-a8a1-e3b3164a3f22;031d6ee7-9257-4ed5-9958-961e00ade033;;2017-01-31;PTB;63d1c32d-b42a-47c9-8eb1-e1a07a1b0c14
85e8b745-786b-4782-a8a1-e3b3164a3f22;231aa9c3-8cbc-4eea-a6ce-6c16629dcd28;2017-01-26;2015-02-01;PDT;1008496a-4777-49a0-82f0-293f08c584df
85e8b745-786b-4782-a8a1-e3b3164a3f22;7f93d606-324d-4486-95e6-e4b6c6cf5b1a;;2015-02-01;PT;d7c5f934-78dc-4ee5-8e00-253b0ecf1f41
85e8b745-786b-4782-a8a1-e3b3164a3f22;071f0f3d-82df-4ec9-a415-3d6b5201222b;;2011-11-01;PSD;c6b91d7f-e312-4ad8-ab35-6788516e6bbc
85e8b745-786b-4782-a8a1-e3b3164a3f22;bb236443-8fd8-4059-af26-0a9a767a455d;2011-10-31;2007-02-01;PMN;8f24a5b1-8b49-4892-b5d6-ab60556628f9
85e8b745-786b-4782-a8a1-e3b3164a3f22;18a81fbd-5e36-48fa-a88c-42bb1b650c2c;;1999-02-01;PSB;a55badd6-10c4-4967-82c9-64fe6594866f
85e8b745-786b-4782-a8a1-e3b3164a3f22;e707e935-f5b6-4aac-bc36-021ee9d55adc;;2011-02-03;PDT;dbdb010e-c59f-4807-a515-9f433b5f203b
85e8b745-786b-4782-a8a1-e3b3164a3f22;419ee00f-cef2-4674-a393-d1bbb6db1a34;;2015-02-01;PMDB;9007ca15-4384-4d7c-b6be-533a3634ba48
85e8b745-786b-4782-a8a1-e3b3164a3f22;0bd9ccc6-4561-42f5-a42f-a06114e59a69;;2015-02-01;PTB;d8cb5f71-a462-4c2f-b88b-bdd8d5c80bc6
85e8b745-786b-4782-a8a1-e3b3164a3f22;f6a72259-2119-4481-bbdc-24ee01dc0da2;;2015-02-01;PSB;5907a127-7060-4ddc-bd3f-15997f8e5c27
85e8b745-786b-4782-a8a1-e3b3164a3f22;4e239ca4-4850-4b31-8489-06fdbc0befdd;;2015-02-01;PSDB;bc452a79-e5e2-491e-90af-ad6c70f87289
85e8b745-786b-4782-a8a1-e3b3164a3f22;177e5f22-3b7f-439b-a986-e157ef52e545;;2011-02-03;PMDB;96b6990f-1254-4921-9a2a-20bc99aa4845
85e8b745-786b-4782-a8a1-e3b3164a3f22;be52909c-21e9-41d1-ae39-a294ee986d63;;2011-02-03;PRB;b1403c5c-4597-4254-a2ce-4901bf436836
85e8b745-786b-4782-a8a1-e3b3164a3f22;33cbd60e-7359-4e26-8f92-c9f9992b75c1;;2011-02-03;PMDB;1ba45a6a-e12c-4a21-ad04-0408351fd790
85e8b745-786b-4782-a8a1-e3b3164a3f22;931bf668-dae4-40c5-a5bd-535e2159c31c;;2011-02-03;PMDB;df2d7929-85f5-4131-9d7a-010c9a1657a4
85e8b745-786b-4782-a8a1-e3b3164a3f22;2e2e95a7-0b80-4db8-975f-a950b1d9ddb6;;2011-02-03;PMDB;5504bef6-f8f9-43dc-94a5-42ca3b3bd357
85e8b745-786b-4782-a8a1-e3b3164a3f22;b576ddb1-5a3e-4459-a334-c31a587ad22c;;2003-10-14;PMDB;069f4103-268a-48b3-9c09-18461290e8a6
85e8b745-786b-4782-a8a1-e3b3164a3f22;60de65c3-62e3-432b-b48e-129e1dd610d5;2003-10-13;2001-03-08;PSDB;52988fea-a1aa-4bbc-bd38-b5583cae5a9e
85e8b745-786b-4782-a8a1-e3b3164a3f22;0eba9fcb-1f6a-46ea-9557-f7fbeb00b6c1;;2017-07-04;PODE;05c3ada8-4ca5-4189-a512-c96226e78274
85e8b745-786b-4782-a8a1-e3b3164a3f22;5b36d9da-9f4e-4f39-a5f2-cc5027a8e069;2017-07-03;2013-10-02;PSB;80da0b49-8745-46fe-a978-2761966b6828
85e8b745-786b-4782-a8a1-e3b3164a3f22;b7b0b6ab-1bc6-4469-b53f-6d21796e5980;2013-08-19;2011-02-01;PSB;ea7c0072-5a77-4641-ba5e-3d4b576d19f9
85e8b745-786b-4782-a8a1-e3b3164a3f22;0497cb21-5af4-46e8-8275-90b3efc175c3;;2011-02-03;PMDB;af750312-29a3-44db-9945-245ae7cfe7fa
85e8b745-786b-4782-a8a1-e3b3164a3f22;22efec88-1b1e-4835-b06e-523fe09db920;;2015-02-01;PMDB;510d4010-185e-4a3c-a658-5f7ee844389e
85e8b745-786b-4782-a8a1-e3b3164a3f22;508efbf4-70a9-4ea1-ac32-6d0e18c51cc5;;2015-02-01;PV;6cc37fe7-e8cf-4c91-8936-7b6516f1a713
85e8b745-786b-4782-a8a1-e3b3164a3f22;57a2d455-530d-4fbe-bdad-f73e1c23e2e3;;2003-05-14;PMDB;c142c08c-6b42-4b87-81b2-efd2eba7c3b8
85e8b745-786b-4782-a8a1-e3b3164a3f22;68e6703e-e1da-4da5-af0f-1ab78643b5a9;2003-05-13;1999-01-28;PSDB;3f2639db-2f3b-46b7-99f4-91ac9628b64f
85e8b745-786b-4782-a8a1-e3b3164a3f22;c8a39385-a208-4f32-8950-82b280b46462;1999-01-27;1995-02-16;PFL;a98d8d54-457b-4160-b3f4-8682f4c95a44
85e8b745-786b-4782-a8a1-e3b3164a3f22;c76fe300-a6de-490e-b3d6-dbb5e8471ed6;1995-02-15;1995-02-01;PPR;4ebae300-626c-48f8-9ff2-4748ca426ce0
85e8b745-786b-4782-a8a1-e3b3164a3f22;de51ec46-79ea-41c2-b270-e523186d7734;;2007-04-24;DEM;f4cd08e1-4f7a-4a8c-89aa-07bc0e05fcdb
85e8b745-786b-4782-a8a1-e3b3164a3f22;132d09a2-d057-4ec1-b30e-779dffd04915;2007-04-23;1999-02-01;PFL;9074b941-d262-480b-a229-6708ac4176fd
85e8b745-786b-4782-a8a1-e3b3164a3f22;c5abbfe7-242b-40da-8c3a-946b6b608cef;;2017-10-04;PSDB;9a4bc8a0-979b-4dd6-ad8c-7a8a1212abae
85e8b745-786b-4782-a8a1-e3b3164a3f22;f130417b-5c4e-4d39-840d-8921bdbb314a;2017-09-28;2015-02-01;PSB;b63365cb-ca4c-457a-a6ea-1046aa4d9504
85e8b745-786b-4782-a8a1-e3b3164a3f22;0a2fa702-cea4-47d0-aa2d-74d524defbca;2011-01-31;1999-02-01;PSDB;579b52f5-dfe1-4cbc-a227-aa0aecc22522
85e8b745-786b-4782-a8a1-e3b3164a3f22;a5147348-b2a1-4f4f-aea4-89aba0799e59;;2011-02-03;PRB;c7c9eff4-a8f4-45fb-91f4-6ea1cbe7112c
85e8b745-786b-4782-a8a1-e3b3164a3f22;2a4b028f-5490-4bcc-bf92-af341b648b22;;2007-02-01;PSB;2f3ad533-feed-4803-82a1-3f6d06fdced9
85e8b745-786b-4782-a8a1-e3b3164a3f22;f0d7d10b-b864-47c8-94bb-91614efd6077;;2011-02-03;PP;484c708d-9b8c-4c80-b706-c76d0e8dd9cf
85e8b745-786b-4782-a8a1-e3b3164a3f22;cacdfd34-e9e8-46a3-a165-e3d50cdd1223;;1995-02-01;PMDB;46adb9a9-638b-4c2d-881a-85eafbc08882
85e8b745-786b-4782-a8a1-e3b3164a3f22;119c3ea9-3852-41be-b1cd-00dbbc344941;;2015-11-11;DEM;443f4a6d-8e7f-4ec6-8e20-99ec6fb4cb20
85e8b745-786b-4782-a8a1-e3b3164a3f22;1bd92931-328a-46e9-bcda-1b1143ad99ac;2015-11-10;2015-02-01;PTB;fe64a4a4-7ead-411b-a99f-18900ac0ca16
85e8b745-786b-4782-a8a1-e3b3164a3f22;ca3d632f-37a5-42cd-a328-eecfec9c7374;;2016-03-01;PSDB;b6dd9a03-f920-48d0-8b0e-237dc560f080
85e8b745-786b-4782-a8a1-e3b3164a3f22;5d5f9c05-dd5d-4671-b10d-a73caba057f4;2016-02-03;2011-01-27;PMDB;4890702b-309b-495d-ab00-2b540af1ef41
85e8b745-786b-4782-a8a1-e3b3164a3f22;884f487a-d83e-4482-b668-6cf981f82854;2011-01-26;2001-06-22;PPS;706309f7-f792-4570-a158-271963771204
85e8b745-786b-4782-a8a1-e3b3164a3f22;42325ff7-3855-41ef-9c94-599a862e492b;2001-06-21;1999-02-01;PSDB;0d0413d8-3105-4e4b-9c92-504ca67d4b83
85e8b745-786b-4782-a8a1-e3b3164a3f22;8c1232e0-cf3b-4ec2-a2cf-a8fbc8e7e3fe;;1995-02-01;PMDB;69d8e2a5-af5a-473c-a3bc-6c06a6b41994
85e8b745-786b-4782-a8a1-e3b3164a3f22;a1638974-dc51-498a-b735-e7e08dc317ea;2016-02-17;2011-02-01;PDT;eb41d40a-abe0-41e0-9c9b-0cdf06c52956
85e8b745-786b-4782-a8a1-e3b3164a3f22;65448856-817d-41c8-b3bd-9b2d93e8a1cb;;2011-02-03;PP;313b216b-e12d-42c5-bf26-7e8238cd3d97
85e8b745-786b-4782-a8a1-e3b3164a3f22;a1f9d882-b3bb-4a6b-8288-35dacf025d40;;2011-02-03;PMDB;15582b67-3e45-4f40-98d6-14c106c32020
85e8b745-786b-4782-a8a1-e3b3164a3f22;2dcedcb0-5985-4c1a-8477-72cf0e334b05;1991-01-31;1990-03-28;PRN;84d2e88e-e183-4526-a0aa-25c0183a2afb
85e8b745-786b-4782-a8a1-e3b3164a3f22;e37a2f1b-e0ed-4255-9a31-d34d844396b5;1990-03-27;1987-02-01;PMDB;bb4a6850-19a5-4784-b985-efc41146bc54
85e8b745-786b-4782-a8a1-e3b3164a3f22;b916b563-54ac-492f-b1b6-dad3bd7c452e;;2011-02-03;PT;b4382f2d-e979-4161-81d3-6673b8d460bd
85e8b745-786b-4782-a8a1-e3b3164a3f22;711095eb-04c6-426c-9342-41a7126b8566;;2015-09-29;REDE;f21f4e6c-0f79-4b8f-81f9-358455fd57df
85e8b745-786b-4782-a8a1-e3b3164a3f22;9cf658ad-4dbe-4690-b497-9369a0d02310;2015-09-28;2011-01-28;PSOL;e187556f-18db-426b-900e-22a760d01533
85e8b745-786b-4782-a8a1-e3b3164a3f22;d5a763d2-dbe2-4199-9674-40791ff5286c;;2007-02-01;PSDB;eb570a65-4dca-4191-ab42-25e31e67da3c
85e8b745-786b-4782-a8a1-e3b3164a3f22;b16b58bb-03b2-4428-a0f5-f94f08dc1c9f;;2011-01-27;PDT;889270ea-3757-4086-9f3b-cf21a17dfe71
85e8b745-786b-4782-a8a1-e3b3164a3f22;8c7d8ae6-d177-4b4a-84a3-36313479916c;;2011-02-03;PT;d8f5e234-e255-4386-87a6-31d24802939d
85e8b745-786b-4782-a8a1-e3b3164a3f22;428e9045-1420-4d0d-9ee0-2f85325c569d;;2011-02-03;PV;a2bcdcf0-773b-4c11-a4a4-d51e05fa1290
85e8b745-786b-4782-a8a1-e3b3164a3f22;08248c98-671d-4fb6-8281-4cf1f7db30a3;;2015-02-01;PPS;6abbea39-0dd3-4342-ba73-81a7fb89ce9f
85e8b745-786b-4782-a8a1-e3b3164a3f22;29bae9e5-3359-4621-b694-920259f609ed;;2018-02-26;PRB;ab8edd67-3e4e-4574-ba3b-1387683e6629
85e8b745-786b-4782-a8a1-e3b3164a3f22;3e9b4fe9-4bf0-463e-8ba6-5ba7512c9c7c;2018-02-25;2011-02-03;PSC;8fde1d17-0e36-4226-b83d-cdb7ff20a945
85e8b745-786b-4782-a8a1-e3b3164a3f22;767500a3-b5d5-4e0d-820f-f024972845ee;;1999-02-01;PT;b93effd9-3afe-4d95-a300-d511c05c937e
85e8b745-786b-4782-a8a1-e3b3164a3f22;e610abf8-34b1-43fa-9925-b60bfaf64f2e;;2011-02-03;PT;a30d8c9c-6c83-4d63-9987-2e67c9b5bb9d
85e8b745-786b-4782-a8a1-e3b3164a3f22;ec9d52aa-fdab-4165-a0dc-ec7c8b807c47;2006-12-19;1999-10-07;PL;be43eb81-7288-4897-83b8-42bd50633813
85e8b745-786b-4782-a8a1-e3b3164a3f22;694563e3-cd2e-443b-a699-68779e5abbad;1999-10-06;1999-02-01;PTB;aee07899-2ff9-401c-bb4a-a53d2b5800aa
85e8b745-786b-4782-a8a1-e3b3164a3f22;e714e395-af57-4eb1-aa1b-2a0603e0234f;;1999-02-01;PT;8abad7f0-4901-4435-96c4-7589c792b155
85e8b745-786b-4782-a8a1-e3b3164a3f22;05c9d177-9bf9-4b4e-a99e-7eada3c9e968;;2011-02-03;PV;43bfd109-6dad-427c-9ae1-0cfd52a1ac12
85e8b745-786b-4782-a8a1-e3b3164a3f22;ae66e366-1205-4145-8588-feabe98ad1f8;;2015-02-01;PDT;456d1151-a787-43ce-9f14-78e3e9738a06
85e8b745-786b-4782-a8a1-e3b3164a3f22;dea980ec-ccca-4d28-a678-31957bb2ee88;;2011-02-03;PSC;26272763-90f9-43ee-a74a-34c6c9138aa7
85e8b745-786b-4782-a8a1-e3b3164a3f22;c5298ec4-90b1-4639-81da-0374de366f23;2007-01-31;2005-02-03;PMDB;d9f79d38-0084-423f-a897-eed16babfaf7
85e8b745-786b-4782-a8a1-e3b3164a3f22;48d81423-71bc-4c9e-aad2-59877f91c258;2005-02-02;2003-09-16;PSC;4fdfea32-40bd-4b40-bd2b-a81b06c0f193
85e8b745-786b-4782-a8a1-e3b3164a3f22;91f7b369-67d4-49a8-aa9c-ed6aa74d2055;2003-04-02;1999-02-01;PPB;1b60ef17-f046-45c9-b98c-cd9d28a3d2ed
85e8b745-786b-4782-a8a1-e3b3164a3f22;2da5a214-5a69-4443-8336-9646a879647f;;2007-03-14;PSDB;65b4abd3-d833-4e4b-8a9e-baf996222a1e
85e8b745-786b-4782-a8a1-e3b3164a3f22;268bf952-b87a-459c-9015-01f2cb741cec;2007-01-31;2005-06-22;PSDB;336b58eb-2bb7-433a-b492-b5a4afbc5fb1
85e8b745-786b-4782-a8a1-e3b3164a3f22;2dd1317d-c2d0-434e-8bae-080dc6ad1e17;2005-06-15;2003-02-01;PFL;b009eb39-247a-4c26-b3d0-62b87c19901d
85e8b745-786b-4782-a8a1-e3b3164a3f22;321df188-d26b-4d9e-8a14-0d7229998d46;;2011-02-03;PT;44f97dc6-05c4-405d-b3c2-d23576a67da1
85e8b745-786b-4782-a8a1-e3b3164a3f22;6a9891f1-893c-4f60-84c7-e3b6299ac072;;2015-02-01;PDT;1f26891f-0cce-46de-ae43-637b095bdbf3
85e8b745-786b-4782-a8a1-e3b3164a3f22;8317d5b6-9918-4046-bc37-c74e74b70792;;2017-12-18;PRTB;689b7135-57a3-41ec-adff-4895b6420e16
85e8b745-786b-4782-a8a1-e3b3164a3f22;94adaef6-10bb-412b-8936-8d09af782604;2017-12-17;2010-02-03;PMDB;50fe5fb0-0eb4-4cf8-b209-973efd07005b
85e8b745-786b-4782-a8a1-e3b3164a3f22;3135cb19-6d28-487b-94a4-cc978336006b;;2011-02-03;PR;9441c811-6fa9-4b5a-8f02-7512650574c3
85e8b745-786b-4782-a8a1-e3b3164a3f22;58dbef8f-80d2-4f44-b4bb-a5b89895fe1c;;2015-02-01;PSD;0a2cd90b-da02-4e40-aae0-4c2ca87ab808
85e8b745-786b-4782-a8a1-e3b3164a3f22;5bd24956-b56e-4bae-a326-7086b17a1e7d;;1998-11-13;PT;436946f3-c8f7-48a5-9c9c-e0cfa82e81d1
85e8b745-786b-4782-a8a1-e3b3164a3f22;8bac72cc-0471-44b6-bf6e-41e58d645029;;2014-07-16;PP;0e481d66-7033-4d3a-8bc2-7be33be28e99
85e8b745-786b-4782-a8a1-e3b3164a3f22;b98149af-ed43-458e-a983-7cb47a8bb18b;1999-01-31;1997-08-20;PTB;c4493850-a7d0-4802-a987-f6cb8deb83a9
85e8b745-786b-4782-a8a1-e3b3164a3f22;34afccdf-89dc-484e-aa53-fcc7a52bb6bf;1997-08-19;1991-02-01;PFL;930f7bbb-5366-4cab-b5d4-196d537e9d6f
85e8b745-786b-4782-a8a1-e3b3164a3f22;57e36d18-9e57-4f75-a5e0-5e04754addb0;;2015-02-01;PSD;09a1023b-dc74-45a5-a121-f3925121537e
85e8b745-786b-4782-a8a1-e3b3164a3f22;a648aeb5-7e33-4bd9-8c0c-6fbe39660112;;2011-02-01;PMDB;2d830190-94cd-4a4f-b1dc-43e75166a7d9
85e8b745-786b-4782-a8a1-e3b3164a3f22;778cabb6-4430-4014-8938-bb70332ac573;;2011-02-03;PDT;741d77f0-7403-45d0-b1df-510ce51f6b24
85e8b745-786b-4782-a8a1-e3b3164a3f22;b4ec5e4b-4ed6-43ce-a974-7fe933f159cd;;1999-02-01;PSDB;535d6755-8339-4e97-8fa4-cf41ea3a2014
85e8b745-786b-4782-a8a1-e3b3164a3f22;0dfed1bc-8c24-4a0f-9faa-aacbf8e9bcf6;;2011-02-03;PDT;40c8dcba-7be4-4909-bef1-02e73957c88b
85e8b745-786b-4782-a8a1-e3b3164a3f22;e30015da-2aa3-4858-bafd-a3d3fd464301;;2011-02-03;PP;0e63b0e7-7ef9-4045-8616-5385fbaa4270
85e8b745-786b-4782-a8a1-e3b3164a3f22;e183781d-bc70-4d12-a6e9-e41bb4a75993;;2015-02-01;PT;5f188633-a135-4025-ae43-10cab88de899
85e8b745-786b-4782-a8a1-e3b3164a3f22;2c0fbb11-3bfd-418b-905e-e5025e2672e5;;2015-09-25;PMDB;1b182c9d-dec4-422f-9a4a-f164f3c8654e
85e8b745-786b-4782-a8a1-e3b3164a3f22;94fd2749-be18-4ac1-b17e-0ddc718ec507;2015-05-05;2011-01-27;PT;e6b36913-6408-4c36-905f-05e851927c4e
85e8b745-786b-4782-a8a1-e3b3164a3f22;9bcac768-8744-494a-b98f-2abae13b307c;;2015-02-01;DEM;a249632d-feab-4812-890d-d02a4298744c
85e8b745-786b-4782-a8a1-e3b3164a3f22;b31cbb42-39b6-4c05-9a7c-680c0d4f62d6;;2015-02-01;PSB;cd12d1b5-f893-482d-8841-11a588e45dc8
85e8b745-786b-4782-a8a1-e3b3164a3f22;a4f59d15-e917-46ca-aaf6-d0b68b03f5d3;;2011-02-03;DEM;46020120-06cb-44eb-b656-50b3700c8110
85e8b745-786b-4782-a8a1-e3b3164a3f22;19781448-ae45-4ed5-b684-da9953fbe461;;2011-02-03;PRB;797b108d-8a8a-484b-af36-8fc11c374322
85e8b745-786b-4782-a8a1-e3b3164a3f22;7b1cf36b-ea64-4a9f-800c-51d7fce55310;;2004-12-16;PMDB;1d57b675-2944-4f5c-a39e-8c11fc0d638c
85e8b745-786b-4782-a8a1-e3b3164a3f22;d60266fa-1a37-4fb8-9169-700ed8d8e51e;2004-12-15;1999-02-01;PFL;32d9ecf9-345e-40bc-9e9d-1944f09bac7a
85e8b745-786b-4782-a8a1-e3b3164a3f22;e9279e23-4c20-4d58-b175-9a5207163f52;;2011-01-31;PSOL;58f97ad2-8511-49b5-8326-904e85b752ac
85e8b745-786b-4782-a8a1-e3b3164a3f22;5e7f0140-33b4-433a-ad62-a2a6d1ef2f2d;;2011-02-03;PT;e5553afc-b1ca-491e-a5ff-be6e6a6b02d0
85e8b745-786b-4782-a8a1-e3b3164a3f22;73a31ab3-1fb2-4540-bb9f-40a8e886b575;;2015-02-01;PCB;75c9af62-d43d-47b9-b390-b51412c83c18
85e8b745-786b-4782-a8a1-e3b3164a3f22;eada1628-6bb7-4c24-958c-1cc64ea16962;;2006-04-04;PRB;dbd78501-2550-4664-86b0-75d78dad5e22
85e8b745-786b-4782-a8a1-e3b3164a3f22;7943080f-6e18-46b2-b64c-fb6181b38301;2006-04-03;2005-10-04;PMR;817ceca5-4bb8-4a35-ae3c-2066d7101b8b
85e8b745-786b-4782-a8a1-e3b3164a3f22;5a01b057-fa51-44ce-a074-ffde6f686acf;2005-09-28;2003-02-01;PL;f4b80a1f-5ee1-4647-b04a-03768db679dd
85e8b745-786b-4782-a8a1-e3b3164a3f22;4a3d9232-bcdc-43e9-9f31-ef62d46fe884;;2015-12-01;PSC;d56ad022-1eae-48e0-b23e-4adfa83f52ca
85e8b745-786b-4782-a8a1-e3b3164a3f22;968bf3bf-0a1d-4f42-9e34-f67b8a4c239c;2011-01-31;2009-10-15;PSC;72cc00a0-cbb3-4b54-ac41-2c3db19c4dbb
85e8b745-786b-4782-a8a1-e3b3164a3f22;7dfe84b7-20c5-4812-8306-cb3a6c765dac;2009-10-14;2007-02-01;PSB;e977cbe8-2210-433d-9e72-788c584d5326
85e8b745-786b-4782-a8a1-e3b3164a3f22;0e5e935e-e481-4b36-93a7-762446db9bd9;2007-01-31;2003-07-25;PTB;d29b6b72-1387-4209-b9ab-c130d6f3ccae
85e8b745-786b-4782-a8a1-e3b3164a3f22;47560314-4408-4b09-a161-eb8ffab508c2;2003-07-24;2003-02-26;PFL;084c6b73-f4c4-464a-b1c7-d76902d8a9c5
85e8b745-786b-4782-a8a1-e3b3164a3f22;7580615b-a6cc-4d51-8b62-908d11e01262;2003-01-31;1999-02-01;PFL;6aa69164-4d53-4568-b699-f2e8f146b627
85e8b745-786b-4782-a8a1-e3b3164a3f22;b68ad818-3bd5-409e-b1f9-996800eb5c1a;;2011-02-03;PTB;675a9878-7353-4288-a798-6b5e9e89913f
85e8b745-786b-4782-a8a1-e3b3164a3f22;f4fb767d-ef3a-40bf-b5fc-37d63384f1b4;;2011-02-03;PMDB;06ef3661-f5e1-4fa2-8d3a-02354a2e28d1
85e8b745-786b-4782-a8a1-e3b3164a3f22;a600ed6e-5f64-4063-a711-7507c5320845;;2007-08-02;DEM;572f659e-c895-4b5c-b30e-57e1672c1741
85e8b745-786b-4782-a8a1-e3b3164a3f22;72a044ae-f956-4dbf-943e-f9fbdd779b28;2007-08-01;1999-02-01;PFL;b3c280aa-f08e-4a0c-893d-7dbbf29588ee
85e8b745-786b-4782-a8a1-e3b3164a3f22;1a5e0fa7-d570-49e6-a6e5-2d6bc7ca61c1;;2011-02-03;PR;259810f1-e97e-4c8d-afe9-d9d0f72373a4
85e8b745-786b-4782-a8a1-e3b3164a3f22;a501f701-4d63-4ce6-9dd6-2d3e0fc0a0eb;;2011-02-03;PMDB;0bc4d5c6-c33a-4114-8748-4f8f0b4ece12
85e8b745-786b-4782-a8a1-e3b3164a3f22;dd664e8c-f488-4df5-abef-b4fa998b3c44;;2007-02-01;PR;fbe6052a-6910-4567-adda-fd4d95af2b55
85e8b745-786b-4782-a8a1-e3b3164a3f22;cb4f3edc-e04d-4597-a02e-dbbd144482e7;2006-12-19;2003-02-01;PL;127b3b1f-0fbc-4ac2-b38b-706ce432c22b
85e8b745-786b-4782-a8a1-e3b3164a3f22;d4d61f9b-3ade-4dcf-a779-7e6b7394f748;2001-03-21;1999-02-01;PTB;1cc08c27-cfdf-4769-9798-43b0d3b12a74
85e8b745-786b-4782-a8a1-e3b3164a3f22;0d52fb2e-831d-4780-8458-5e129117445c;;2015-09-03;PSB;8d1e7b35-6bbf-4fa5-ae87-2f1dcf2080ac
85e8b745-786b-4782-a8a1-e3b3164a3f22;e1d123b2-f242-481d-9ab1-f99a32f1368a;2015-06-09;1999-02-01;PSDB;1bad197a-7f3f-46de-9c6c-e0dd3acd8264
85e8b745-786b-4782-a8a1-e3b3164a3f22;6408bc2c-06e2-411f-a5c5-6e520a0e7ec8;;2007-02-01;PSB;fe4bc06b-0e64-4d0a-bf1c-c500fd56bd5d
85e8b745-786b-4782-a8a1-e3b3164a3f22;5aaeb9b1-0a29-4109-bfad-7aab28db85a5;;2002-10-29;PMDB;0421404b-bb48-4241-aad8-b09bc40946e0
85e8b745-786b-4782-a8a1-e3b3164a3f22;921e4b62-18d5-4cbb-91ae-0fbdde2f5966;;2015-02-01;PSDB;7fea2ea9-5fff-4d3d-a1de-106abf4b50d1
85e8b745-786b-4782-a8a1-e3b3164a3f22;23c96c0d-d4e1-4de5-b999-19b4db417dc2;;2011-02-03;PMDB;1dd900bd-182f-4125-bf21-1728158f7dbe
85e8b745-786b-4782-a8a1-e3b3164a3f22;126adcd2-1f70-4c24-a047-e98da5b4e043;;2011-01-27;PMDB;74aeacf7-cab8-4783-94bf-c5581a9971b1
85e8b745-786b-4782-a8a1-e3b3164a3f22;8371bd93-eae2-4e8c-9171-edf7030c28f7;;2011-02-03;PMDB;147cdffb-fd75-445d-a108-2616933122a6
85e8b745-786b-4782-a8a1-e3b3164a3f22;a3bd0234-ac6b-4c9d-b0ef-ccf023b684d2;;2011-02-03;PCdoB;ff1dcf91-0b29-40d7-9559-2ebc4f9cd83d
85e8b745-786b-4782-a8a1-e3b3164a3f22;84905f74-b102-43f5-a1a7-ababb0604c00;;2011-02-03;PR;0590d139-73ca-43d7-8f19-518485f3425f
85e8b745-786b-4782-a8a1-e3b3164a3f22;10545a4b-50e3-4f9b-99aa-8ae5ebdbb6f1;;2015-02-01;PSD;fc0c0abd-2375-4ae8-b1a7-08565a2fc5ac
85e8b745-786b-4782-a8a1-e3b3164a3f22;ff51b38e-050b-4e22-aa4d-f57edac3a806;;2015-02-01;PMDB;c40c1d16-1a50-4978-90b3-6d37dacfacd4
85e8b745-786b-4782-a8a1-e3b3164a3f22;1a37123d-6d6f-4ed7-b609-fcff182bae4d;;2011-02-03;PCdoB;cb365114-ffb6-48f7-801d-58c9c727f1dd
85e8b745-786b-4782-a8a1-e3b3164a3f22;a19fc9b2-b8e2-43b4-841d-b90245bcb9a9;;2003-02-01;PT;229d4976-68b0-4a63-873a-fca9e8f3fb49
85e8b745-786b-4782-a8a1-e3b3164a3f22;d5791879-466e-466b-adff-401c5e88e87b;;2008-05-06;PMDB;8668445c-e4a0-40fb-be10-5eaaad5ef831
85e8b745-786b-4782-a8a1-e3b3164a3f22;5dc9c523-bfc0-4d90-897e-90d3ae3fe2eb;2008-03-12;2008-01-30;DEM;5d8cd44d-8796-4bb0-936f-b224181108cc
85e8b745-786b-4782-a8a1-e3b3164a3f22;e6b324b3-14b6-4a07-a910-e25898cb6b58;;2017-01-31;PSD;5a8014ab-ba62-4ad9-83b3-f1fd90baf329
85e8b745-786b-4782-a8a1-e3b3164a3f22;18995368-f379-4d4a-add9-b5d109f4c89b;2017-01-30;2015-02-01;PDT;080b6374-d78e-4feb-8216-97c7831e9d3c
85e8b745-786b-4782-a8a1-e3b3164a3f22;c708354d-e968-40e9-9400-fd161fd03897;;2011-02-03;PT;67670268-8634-4e80-ace2-e5324270a171
85e8b745-786b-4782-a8a1-e3b3164a3f22;3276d4c1-d7b0-4baf-9994-3e6a057295e8;2017-12-05;2013-10-08;PMDB;c5d099f1-810b-4017-bfc8-e02cd51d3c38
85e8b745-786b-4782-a8a1-e3b3164a3f22;fcb46bf4-7c3c-41cc-bfde-0d960114864e;2013-10-07;2011-10-19;PSD;37e664f8-aa55-46b9-aa78-55788f2779c0
85e8b745-786b-4782-a8a1-e3b3164a3f22;fb5cfffd-9162-48bd-b3fa-fa6731ef143d;2011-10-18;2007-08-02;DEM;b1d77d2e-90ad-4695-899a-90e2509cf9da
85e8b745-786b-4782-a8a1-e3b3164a3f22;b4ee41a2-8b11-4d36-ac51-9289495d6832;2007-08-01;2000-04-04;PFL;d7e6b278-563f-4e04-a50b-d6cb8dfde00e
85e8b745-786b-4782-a8a1-e3b3164a3f22;da90a00b-af83-4fe0-a623-c519694da461;;2007-04-24;DEM;7e6e31ee-d83f-491e-8db4-c128b29b6273
85e8b745-786b-4782-a8a1-e3b3164a3f22;ee9b8857-ca9b-4fb2-9317-0d68ea2abc42;2007-04-23;1999-02-01;PFL;758b8962-d2c9-4fb8-b997-86c5022e0cd8
85e8b745-786b-4782-a8a1-e3b3164a3f22;d3033840-7ff1-4edf-9daa-1faf6f793b95;;2014-07-24;PDT;4ca183fe-1d16-4582-bccc-a98cf72a592f
85e8b745-786b-4782-a8a1-e3b3164a3f22;09bf78f2-be67-4f9e-8e40-5f386e7df6cb;;2007-02-01;PR;598a5743-f6ab-4ffc-a80d-23501350c014
85e8b745-786b-4782-a8a1-e3b3164a3f22;aac7b821-875b-4bda-83ae-bc8708c3f4d6;2006-12-19;2005-03-31;PL;9903cc9b-78c8-498c-b0af-f3b60bba5368
85e8b745-786b-4782-a8a1-e3b3164a3f22;89c462e8-c067-4a7a-9de8-3ae93196534b;2005-03-28;1999-02-01;PFL;595a8c8a-7965-4b19-9d37-a45283d04886
85e8b745-786b-4782-a8a1-e3b3164a3f22;0dedb5d3-8954-423b-b029-9645cb242d4f;;2012-10-17;PPL;6e3ba7df-e445-4273-83e8-52092b509a90
85e8b745-786b-4782-a8a1-e3b3164a3f22;d869ea5e-5ae8-47cb-8309-07d4dac8b674;2012-10-16;2011-02-03;PSDB;ecad2234-4a29-4db9-af96-b8af67bb4791
85e8b745-786b-4782-a8a1-e3b3164a3f22;0b2c8dab-8b63-4d1a-af79-ec3cc52a4e90;;2010-07-15;PSDB;7f8757a8-0c4b-409e-bf76-2c5e29708758
85e8b745-786b-4782-a8a1-e3b3164a3f22;03763075-e1b7-4fac-a0da-f989fa3454b5;;2015-02-01;PCB;91d6fdf3-d83e-4847-b4df-c489a88063db
85e8b745-786b-4782-a8a1-e3b3164a3f22;45f326fe-a0a6-4691-bfa9-3a6527b5a359;;2003-02-01;PSB;29866739-bdfe-4e96-8cec-1fe9825fdcbb
85e8b745-786b-4782-a8a1-e3b3164a3f22;2ab83459-019d-460d-95fa-0ea8a98b20d7;;2011-02-03;PRTB;c0de21c8-00dd-4c08-9d57-d3588a7dee00
85e8b745-786b-4782-a8a1-e3b3164a3f22;45e460b3-a4e7-4e6d-a867-da2aa33b2c67;;2011-02-03;PMDB;52b75d96-11c0-45dd-b351-f87db2da9ccc
85e8b745-786b-4782-a8a1-e3b3164a3f22;a30ec8db-80e7-4a95-a6da-9fc8f4e8ee06;;1999-02-01;PMDB;f1b48d5c-fe23-4975-af2c-f27bd29424f9
85e8b745-786b-4782-a8a1-e3b3164a3f22;62b03610-8442-471c-8e0c-6cb37b13ca60;;2011-02-03;PMDB;95c2c418-1024-49fe-91a5-21a8916496bb
85e8b745-786b-4782-a8a1-e3b3164a3f22;30711a6f-f2ba-424b-a824-a1895cc13bb7;;1995-02-01;PSDB;71a1ed79-743a-4f7b-93e8-0b1d5d47f987
85e8b745-786b-4782-a8a1-e3b3164a3f22;62f807c2-20c4-4eb1-850c-87f7819051a4;;2011-02-03;PSB;0440ff9b-327d-44eb-9e48-dd5d4573131f
85e8b745-786b-4782-a8a1-e3b3164a3f22;bfd73f26-7046-44eb-9179-7cddd2d5d517;;1999-02-01;PT;40a98b50-11a6-469d-b3d5-2f176997caf4
85e8b745-786b-4782-a8a1-e3b3164a3f22;8f42f968-57b4-427f-a967-f86cffa6045d;;2017-08-22;PODE;9ca4a4c7-1b16-4864-921d-049d7ccf47ba
85e8b745-786b-4782-a8a1-e3b3164a3f22;5bdb4598-a207-480e-b51e-bc8ddda23563;2017-08-21;2016-03-28;PSD;05bbc0d8-b7d8-4bd4-909e-7c50185e75cb
85e8b745-786b-4782-a8a1-e3b3164a3f22;b585389d-915f-47fb-af2d-6069e3e7bcfa;2016-03-15;2011-02-03;PPS;80f4f596-b63d-4cf0-812f-bf98be87480b
85e8b745-786b-4782-a8a1-e3b3164a3f22;aa12f93d-e839-40c5-baf8-0d377989ec6b;;2003-02-01;PMDB;865b8af0-7d4d-45d8-a034-52bf3f54ece5
85e8b745-786b-4782-a8a1-e3b3164a3f22;5ee38b85-64d8-40f4-9320-710611ea7ed6;;2011-02-03;PSDB;6cf1c5d1-a8e5-466b-b270-bdbbd1f0b5d9
85e8b745-786b-4782-a8a1-e3b3164a3f22;29dd8182-47e9-42c6-acc9-b554314ddddd;;1995-02-01;PT;ecd5c10b-1718-4d5c-bf30-01326277dda0
85e8b745-786b-4782-a8a1-e3b3164a3f22;eb4b36a1-1516-4581-a38c-dd0923225cc4;;2015-02-01;PDT;a5f48ab8-dd23-45ec-b673-a0677e902c63
85e8b745-786b-4782-a8a1-e3b3164a3f22;b32dec0c-0f84-4e8f-a7a7-8a2296434e8b;;1999-02-01;PSDB;e7de04a0-1a8f-4fc8-89ef-62661a2707d0
85e8b745-786b-4782-a8a1-e3b3164a3f22;b96510d4-66df-4fde-a757-8d936a554a50;;2011-02-03;PSB;55dee922-46ac-40d6-95e5-54e0fb2842b3
85e8b745-786b-4782-a8a1-e3b3164a3f22;30459d53-2125-4691-b905-af5c41e7b156;;2015-02-01;PROS;3db0d0d5-137c-40e5-aa7f-a76069370762
85e8b745-786b-4782-a8a1-e3b3164a3f22;d2e4f666-dee2-4510-8084-fefd0291b5b8;2015-01-31;2011-02-03;PRTB;f02bf0f5-7340-4dfc-a54b-023306705eb3
85e8b745-786b-4782-a8a1-e3b3164a3f22;c7ac989c-f118-40ce-97a9-e13d058c07fd;;2015-02-01;DEM;5f715dce-3b3d-4528-af09-65ab28b6d95c
85e8b745-786b-4782-a8a1-e3b3164a3f22;d6266e20-0349-4c2c-a453-7c17d6fbce0e;;2011-02-03;PSDB;7ff53c66-c8ee-4a54-9f53-2fc7d86710f9
85e8b745-786b-4782-a8a1-e3b3164a3f22;2887e5f0-7f99-4ef8-8680-e1cff1a13a55;;2007-08-02;DEM;63c6f12e-4f18-457b-b9a0-fd83157a9735
85e8b745-786b-4782-a8a1-e3b3164a3f22;33f38909-16db-46b4-9e19-4b6ae4f9cd2b;2007-08-01;1995-02-01;PFL;7f4644cb-31c3-4de9-a5ab-49c1e4579d81
85e8b745-786b-4782-a8a1-e3b3164a3f22;b9a03cfd-ec02-467b-b6a0-1920c1d93e8c;;2010-05-05;DEM;5baef0e7-6930-45a6-8fab-116e3ecfa7c2
85e8b745-786b-4782-a8a1-e3b3164a3f22;37f87f44-6a1d-4204-8fa1-c35b11c232a7;;2011-02-03;PT;cc9c65e7-13a4-4efa-a06d-4d0a8b5b2269
85e8b745-786b-4782-a8a1-e3b3164a3f22;369dcf9e-46c0-428d-9812-b7323b50f895;;2011-01-31;PT;25706996-15e0-46f7-8489-98903a8a4265
85e8b745-786b-4782-a8a1-e3b3164a3f22;82475029-2ca2-46ee-933b-4953339f4b9e;;2011-02-03;PSB;ee4fcf70-e277-4538-83c0-42c8cd9d16a9
85e8b745-786b-4782-a8a1-e3b3164a3f22;a8fb28d7-9082-4d6a-a4fe-ec66441e5ccd;2007-01-31;2003-05-15;PTB;0220d3ce-6225-4290-adf6-5dbe20b712c9
85e8b745-786b-4782-a8a1-e3b3164a3f22;517ba1c1-e2c7-4498-a5de-54287f307477;2003-05-14;1999-02-01;PFL;10588135-529e-44a4-b6c2-15e77fdc8cd5
85e8b745-786b-4782-a8a1-e3b3164a3f22;ebf7cf40-3937-4cc7-ab33-7a562c087b92;;2015-02-01;PSD;2ff9ff5a-bc21-47ec-947f-f0220d83368c
85e8b745-786b-4782-a8a1-e3b3164a3f22;4a7e94cd-fe04-43fb-b18c-f9a7ff5da326;;2011-02-03;PR;c8f0e254-eb64-4181-8def-0d015914b6da
85e8b745-786b-4782-a8a1-e3b3164a3f22;e309dd98-c0e0-49cc-a5a7-1dd95c9d606c;2011-07-02;2011-01-27;PPS;98361962-451c-4ad1-a052-bb3f2de2b446
85e8b745-786b-4782-a8a1-e3b3164a3f22;09ec2e0a-e5c1-44f1-84c4-703bc17af327;;2011-01-28;PP;02159593-0e6c-4436-b644-55e298d501a5
85e8b745-786b-4782-a8a1-e3b3164a3f22;9dd7c4bb-7709-43a6-820b-3f4b69c0b0b8;;2015-02-01;PT;22c5853e-cf8e-479b-a29d-01b42260935d
85e8b745-786b-4782-a8a1-e3b3164a3f22;9e399339-eabb-4be9-b169-882773332f61;;1995-02-01;PMDB;d3eaa904-3388-4a9f-9f19-65b93ae8f71a
85e8b745-786b-4782-a8a1-e3b3164a3f22;bfa2fe26-0797-4207-b858-739b67db3bf6;;2017-10-10;PROS;8626bf95-ef62-4bf6-9e18-83ee1f7b843c
85e8b745-786b-4782-a8a1-e3b3164a3f22;6a98e9f9-d2f2-473a-8d42-09cf9551efa0;2017-10-09;2016-03-15;PMDB;395497a6-e04f-4a77-a6ba-09cd6bd0f084
85e8b745-786b-4782-a8a1-e3b3164a3f22;3c257f37-e8e1-4be0-aa14-001a07541008;2016-03-14;2015-12-10;PMB;b52f521a-9a05-4dc0-b9e6-f889d3dc1b70
85e8b745-786b-4782-a8a1-e3b3164a3f22;e720aaf4-8ea1-40a0-9bcc-00ca299b6f3a;2015-12-08;2015-01-01;PSD;4800a063-49e9-4e06-ac65-d32fb411bcd1
85e8b745-786b-4782-a8a1-e3b3164a3f22;006fa47f-f008-4a7a-ba82-2b7817a7f376;2014-12-31;2011-02-03;PT;9b4e89f9-f785-4367-8b34-62e72fede6b2
85e8b745-786b-4782-a8a1-e3b3164a3f22;70a49507-7ac8-4b85-9d85-d02e8b03b98b;;2011-02-03;PTB;2d0cd6ef-364f-496c-9512-df1e78bdc114
85e8b745-786b-4782-a8a1-e3b3164a3f22;65cb3704-b2d1-4fbb-80dc-0446001341eb;;2011-01-27;PT;6edbda2f-27e5-4f1f-bd51-db922e4760ec
85e8b745-786b-4782-a8a1-e3b3164a3f22;14ddc615-6a2d-4fc0-8eab-ccf979ffaccf;;2011-01-27;PT;d785d699-815f-4435-905c-3e738788cc2b
85e8b745-786b-4782-a8a1-e3b3164a3f22;c4d76f31-4bbe-43de-842f-18fcd4e3b69d;;2015-02-01;PDT;790122b7-4e62-49ef-bafa-3ef9a8a74752
85e8b745-786b-4782-a8a1-e3b3164a3f22;89dfc00d-e523-4bfd-8371-12a836376c54;;2007-02-01;PP;2381cc78-ca5b-4044-bf97-06213afe5ea6
85e8b745-786b-4782-a8a1-e3b3164a3f22;2c6ddf76-a401-4d81-8bf7-bd9ec08b97c1;;2011-02-03;DEM;508d5e0b-a7ad-4847-a438-066c569fa44e
85e8b745-786b-4782-a8a1-e3b3164a3f22;c5450fc0-5c0c-4c26-adb5-096fe4450a40;;1995-02-01;PMDB;c49e6539-91fb-4fcb-ba3d-00191cdff43a
85e8b745-786b-4782-a8a1-e3b3164a3f22;a6ad0b7b-a48d-4169-bfa0-d9d943dd4a84;;2011-02-03;PT;66b24924-a67c-4500-8a46-77880412583b
85e8b745-786b-4782-a8a1-e3b3164a3f22;82478deb-c56e-43b4-be6a-ff98adc57eb3;;2003-02-01;PMDB;b3968263-3545-4dc2-a56a-32878ec500b9
85e8b745-786b-4782-a8a1-e3b3164a3f22;2ba34a7b-1e69-49c6-9766-68dd00911197;1994-12-19;1991-02-01;PMDB;df70a1ad-e32a-4152-b7fa-db2d72ebaa33
85e8b745-786b-4782-a8a1-e3b3164a3f22;4c43d184-5518-4a45-b6c3-5f52aad4ec38;;2006-08-01;PMDB;cbcae1ec-1859-412d-af9e-c603812e6c3a
85e8b745-786b-4782-a8a1-e3b3164a3f22;dd710ee9-2efa-48c3-820e-ca184af534d0;;2011-02-03;PSB;5ab4154c-2319-4a2c-8c48-d8c4a02c4525
85e8b745-786b-4782-a8a1-e3b3164a3f22;d96968a2-e089-4875-b717-3889b1c4d755;;2003-02-01;PT;cc1c7efd-0f70-447c-acb9-687be9366cc8
85e8b745-786b-4782-a8a1-e3b3164a3f22;bd220e05-e351-412b-9146-5e6e1a06c807;;2011-02-03;PSOL;26aed7ea-e6d4-4dc6-9326-7cf43b4beaf6
85e8b745-786b-4782-a8a1-e3b3164a3f22;32f33bdc-51bd-400a-b533-c9e2fb41330f;;2011-02-03;PMDB;93598e26-0b60-4425-8f48-76e80ac2e392
85e8b745-786b-4782-a8a1-e3b3164a3f22;a022247e-4195-42de-92f5-6cc5c8af5af5;2007-01-31;2003-06-06;PP;5d3c66c9-d614-4c67-b663-5d1c51df2b6e
85e8b745-786b-4782-a8a1-e3b3164a3f22;181a793d-5425-4045-a48c-832d383a31f5;2003-06-05;2003-02-01;PFL;2c49a8d1-0e6f-4a18-a25e-be6e522467b8
85e8b745-786b-4782-a8a1-e3b3164a3f22;1a964eee-7cb5-42bc-8d71-6e5a371291f5;2003-01-30;1999-02-01;PFL;043c15bf-71b2-44fd-91f6-222bf33afba6
85e8b745-786b-4782-a8a1-e3b3164a3f22;c0ebe28a-0323-4bad-b8cf-a5c85a165d7c;;2011-02-03;DEM;2a38dfb2-b200-4f28-b752-b5ff7c36040b
85e8b745-786b-4782-a8a1-e3b3164a3f22;b977e656-b95d-4bbd-b1d4-1bfb4ffb25b1;;2011-02-03;PMDB;f56c99fb-f685-4c33-8445-66ffe9673594
85e8b745-786b-4782-a8a1-e3b3164a3f22;6b0b49be-b326-4ec7-beff-6e5c9e467cba;;2005-01-11;PSDB;7542be7c-03f5-4d8e-893f-bb5e3bfa0af4
85e8b745-786b-4782-a8a1-e3b3164a3f22;b194d964-169e-4003-b877-f7d4f6b070c7;;2015-02-01;PSDB;4655ae76-577e-450c-8f96-1abb1556ab83
85e8b745-786b-4782-a8a1-e3b3164a3f22;f30843d4-dc58-4d07-af81-ddd4776ff9f0;;2001-10-25;PMDB;731488a7-6864-46c4-a7ba-c433aa3d12e1
85e8b745-786b-4782-a8a1-e3b3164a3f22;b0eab07a-a210-4c22-bc0b-91c0d2b1da22;;2011-02-03;DEM;cd86cb30-2310-40cc-9def-bbd59ac2f7e7
85e8b745-786b-4782-a8a1-e3b3164a3f22;538d8750-54c7-4326-ae83-45cb7196405c;;2016-03-28;PTC;71fc4459-e4a3-4259-b5ee-74d3ee7bf197
85e8b745-786b-4782-a8a1-e3b3164a3f22;175c8e32-873f-4075-9182-90c87de48d98;2016-03-27;2007-02-06;PTB;685e9d40-8131-4557-858f-1245461514b2
85e8b745-786b-4782-a8a1-e3b3164a3f22;2a96ac60-fe32-4ca8-ba80-356af496bc2a;2007-02-05;2007-02-01;PRTB;5e2c6ab3-67aa-48a4-bee4-f2425d2c5fa2
85e8b745-786b-4782-a8a1-e3b3164a3f22;691ae19e-97ab-4577-9e55-ddf649b5e885;;2017-09-13;PMDB;c2d5dbca-a472-4f0e-9532-2a30f3a0f133
85e8b745-786b-4782-a8a1-e3b3164a3f22;10ee0b54-f588-4ece-bb88-0c44217fd2ba;2017-09-04;2015-02-01;PSB;215d2de5-ea98-448e-9bc8-61cea10c64e3
85e8b745-786b-4782-a8a1-e3b3164a3f22;b4f10b1f-b5d4-42fd-a349-d0910a66ee97;;2015-02-01;SD;a642bd4b-0cfb-44b5-843e-4bb325f82fc0
85e8b745-786b-4782-a8a1-e3b3164a3f22;8ed52ee7-ae8b-4413-b28b-f30283b7f803;;2011-02-03;PDT;b4f8c6f8-ad04-48c0-9ba4-cdd4e6434053
85e8b745-786b-4782-a8a1-e3b3164a3f22;2fb1489f-a183-4841-958e-235c6bbec747;;2011-02-03;DEM;21246c48-2372-4b20-9219-a8e82ae57a4b
85e8b745-786b-4782-a8a1-e3b3164a3f22;e4c38739-68c3-4239-908d-5567a58c2748;;2015-02-01;PSB;d992e503-ea42-49d3-a8c8-29f5ec1a3fea
85e8b745-786b-4782-a8a1-e3b3164a3f22;5ff31918-cb79-4888-964d-e5aa309b85fd;;1999-02-01;PMDB;2b129392-fc28-4e26-8c59-d7bea6ef9b3d
85e8b745-786b-4782-a8a1-e3b3164a3f22;95e1f097-0bcc-4f2a-9bb4-8d0902631e43;;2017-01-31;PMDB;2ba338d9-54f7-420f-b1fe-b3bbe084c12b
85e8b745-786b-4782-a8a1-e3b3164a3f22;82335084-493b-49e0-b150-290eda8752e9;2017-01-30;2015-02-01;PTB;b46ab9f6-640e-4fa5-9b40-28428498b352
85e8b745-786b-4782-a8a1-e3b3164a3f22;ae1c9bec-ce0d-458c-a4e1-e721b36024a1;;2011-02-03;PT;10534260-87e1-4dae-840d-6e043a5e0513
85e8b745-786b-4782-a8a1-e3b3164a3f22;9219db1e-519b-4e5e-af4d-2df8738ef45b;;2015-02-01;PMDB;448f888f-a28d-4940-9f0b-86f4169eba20
85e8b745-786b-4782-a8a1-e3b3164a3f22;f2ca7260-b8b2-4c71-927c-3632e5821a42;;2011-02-03;PTB;d93dbb8f-25a6-4066-a265-883c7c83e292
85e8b745-786b-4782-a8a1-e3b3164a3f22;8ad84685-0671-4c7c-847e-e7bd40aa7e8a;;2011-02-03;PSB;597488ed-c359-4ef9-8960-8551c2ec640f
85e8b745-786b-4782-a8a1-e3b3164a3f22;9600f03e-8da8-497f-b301-ee4d92b485a4;;2011-02-03;PSOL;ab9e3ef8-7e1a-446d-88c8-9c27caec92ad
85e8b745-786b-4782-a8a1-e3b3164a3f22;79b20c95-29a1-4095-861e-88d04a8909ac;;2009-10-09;PRB;1cfa08ae-4c8d-4031-8eb1-9234b4d6dae5
85e8b745-786b-4782-a8a1-e3b3164a3f22;4b41cf50-031a-4095-9fad-3f46425ed1ed;2009-10-08;2007-02-07;PSB;bde24f35-7878-461e-a23d-a8d8b5c8fb3d
85e8b745-786b-4782-a8a1-e3b3164a3f22;6060af94-182f-4158-a81d-d0402c913a4c;;2017-02-01;PSDB;2e48e1ca-eb0d-40e6-aa7c-e3f989fc8ba7
85e8b745-786b-4782-a8a1-e3b3164a3f22;d42c601c-b60a-48ee-be7e-0911f5aed9a9;2017-01-31;2007-02-01;PSC;aff673e2-9d62-434c-b2f8-0b8467cee626
85e8b745-786b-4782-a8a1-e3b3164a3f22;2443c550-4b60-4f10-94fb-7b3dc2654345;;2011-01-28;PMDB;5334cfef-2b6b-494f-a405-742cf2ec5e47
85e8b745-786b-4782-a8a1-e3b3164a3f22;22b8cb44-531e-47f4-9196-4fde257e7d36;;2007-10-10;PMDB;a167ce66-5e39-4bb4-ad9b-721058a8a2b9
85e8b745-786b-4782-a8a1-e3b3164a3f22;65c02023-9830-432d-83c1-bf41514b2b1b;2007-10-09;2007-08-02;DEM;6ff05887-9e1b-4510-acf9-9364386a8955
85e8b745-786b-4782-a8a1-e3b3164a3f22;526266cf-5baa-46b3-84d1-f89e494edf76;2007-08-01;1995-02-01;PFL;4153f202-a964-4c26-af2a-0ce5dfde6517
85e8b745-786b-4782-a8a1-e3b3164a3f22;a2e3927d-77cc-4863-ac35-6c9db88f3546;;2015-02-01;PTB;ce17089e-9859-42ef-8245-c9cc8a2bfade
85e8b745-786b-4782-a8a1-e3b3164a3f22;adb84fb3-4878-4099-8759-788a3744c20d;;2015-02-01;PMDB;220a1da8-f15a-41ce-bdd4-701c3a43c35e
85e8b745-786b-4782-a8a1-e3b3164a3f22;891ea311-b7db-47a7-b1dc-5f56045e096f;;2015-02-01;PR;3230801c-0106-4e5b-a646-11867f345ccc
85e8b745-786b-4782-a8a1-e3b3164a3f22;196ccb05-eb69-4971-b695-bccb41c58a9f;2012-04-26;2007-08-02;DEM;f7655fc3-0dad-425d-b596-27277297d1d8
85e8b745-786b-4782-a8a1-e3b3164a3f22;897d778d-e613-4c85-a9ea-e42e2776e12f;2007-08-01;2003-02-01;PFL;0545ca9c-066d-4bba-9906-8acfaef87a0a
85e8b745-786b-4782-a8a1-e3b3164a3f22;fac70d05-4e28-4f05-85a1-c3b969f114b0;2016-03-28;2003-02-01;PT;ae7e75cb-23cd-48c0-b40d-87b6360b83d0
85e8b745-786b-4782-a8a1-e3b3164a3f22;056032c3-d5f9-4e37-a2ab-4e7ee03cca24;;2016-09-08;PSDB;61cc013f-f7aa-413a-a0b0-3a9ecb08a170
85e8b745-786b-4782-a8a1-e3b3164a3f22;5afc013d-d4e4-40f5-9559-b1257d5c95ef;;2015-02-01;PT;d21ec9b4-8cd3-4ffb-a675-7de6b20bc274
85e8b745-786b-4782-a8a1-e3b3164a3f22;950b65d7-4a83-464c-9504-0458eac60fa7;;2011-02-03;PTB;5a5786fa-7f9c-444c-8799-68c34dbe1c9e
85e8b745-786b-4782-a8a1-e3b3164a3f22;310b9c7c-b7e9-45f5-b080-007523e22339;;2007-04-24;DEM;354887ed-4c1c-4e57-96be-8127acc30d18
85e8b745-786b-4782-a8a1-e3b3164a3f22;c7c2259d-205c-4b51-93b6-25b93ff3ff7b;2007-04-23;2005-02-15;PFL;dd088a39-d6e6-45c3-badb-cc776549dccc
85e8b745-786b-4782-a8a1-e3b3164a3f22;ed63c96e-94b9-4dcc-877c-d9e7d3a90088;2005-02-14;2003-02-01;PDT;5cfc624e-80aa-41fd-8f7d-3594009eaffe
85e8b745-786b-4782-a8a1-e3b3164a3f22;c24feba6-874d-4034-8e4a-24c5c5595558;;2011-02-03;PSDB;e04ee7be-30a2-4159-b2be-474fc93a92d7
85e8b745-786b-4782-a8a1-e3b3164a3f22;50fe314a-6134-49a1-b102-c890abc867e1;;2011-11-08;PSDB;75a0b620-2bde-4150-b6ab-5590f99ae2a2
85e8b745-786b-4782-a8a1-e3b3164a3f22;15626f89-9a80-4cd8-870a-fd35cb511c95;;2007-04-24;DEM;c1b62a40-dd81-48a8-baf0-c6f1cfaca1ac
85e8b745-786b-4782-a8a1-e3b3164a3f22;5e7db7f9-6412-4380-af4b-7b69dfebd4aa;2007-04-23;2003-02-01;PFL;6cebb951-3296-4935-b781-f68e4557adbd
85e8b745-786b-4782-a8a1-e3b3164a3f22;787018b7-748f-4df0-895e-cbb730663a87;;2014-12-13;PSDB;a4a596bd-2f56-4025-867a-3145b680973a
85e8b745-786b-4782-a8a1-e3b3164a3f22;0b838fc7-f45e-480b-b964-7e0cd5aaf822;2014-12-12;2013-12-23;PROS;7e3abfc3-492f-4272-8665-cea0503ec858
85e8b745-786b-4782-a8a1-e3b3164a3f22;af5282e9-f8af-4b12-bb20-1bf408d9de9a;2013-12-22;2011-02-03;PSDB;d1af200e-d726-46f3-a68f-0612538a9d92
85e8b745-786b-4782-a8a1-e3b3164a3f22;b41cdd78-b6eb-47a7-a94a-707c08c447c2;;2016-02-22;PPS;5a49e285-3379-4031-8314-54f9e4af6690
85e8b745-786b-4782-a8a1-e3b3164a3f22;6d1a6fff-372a-449b-a900-3b123cda5031;2016-02-21;2005-10-05;PDT;beaecd62-7a50-466c-b3d7-2b7363d36bc3
85e8b745-786b-4782-a8a1-e3b3164a3f22;0513ec37-cb6e-412a-82ce-164c8db023b0;2005-09-12;2003-02-01;PT;830b1977-7e71-4c5d-baf7-a48f11f5b20a
85e8b745-786b-4782-a8a1-e3b3164a3f22;24f02d45-a549-436d-933f-414b13921830;;2011-02-03;PSOL;077608e5-f7f3-4532-8a02-4f01c1a8a48d
85e8b745-786b-4782-a8a1-e3b3164a3f22;b6de710d-1e5f-4bde-b107-68201787481b;;;PMDB;ed1ae85c-18df-4da5-9484-ebcbdc39e899
85e8b745-786b-4782-a8a1-e3b3164a3f22;52d72fe6-5f67-4201-9e5c-00cacc1c817d;;;PMDB;d6f0a6e1-a0b8-4b3c-add6-f5811a1b0a39
85e8b745-786b-4782-a8a1-e3b3164a3f22;e8ea816a-b0fe-4668-9453-b6c614802222;;;MDB;4fde8b22-afa5-4026-9a03-73c113d0a587
85e8b745-786b-4782-a8a1-e3b3164a3f22;6a74c9cb-e408-4ee1-a709-5e92e68c963d;;2011-02-03;PSC;2d0d5d36-88af-4b3e-8059-42aad79c2aad
85e8b745-786b-4782-a8a1-e3b3164a3f22;8a9ba754-b975-4b5d-95a8-8d1d5b1e0f81;;2003-05-15;PTB;685f2d06-e593-43b5-9cde-a4809ee1b8a3
85e8b745-786b-4782-a8a1-e3b3164a3f22;70c55d03-7793-4e67-b0f2-cab52bd19dcb;2003-05-14;1999-02-01;PMDB;5c0b92fa-d2b3-41bb-8475-3b7b0b156c09
85e8b745-786b-4782-a8a1-e3b3164a3f22;71df8485-0be2-4fe3-bec9-813e96fdfd49;;2011-02-03;PTB;ff5d5f2d-0c62-44a0-9711-94a494dd6afb
85e8b745-786b-4782-a8a1-e3b3164a3f22;70d148da-6ed1-4262-8c58-6e90ba26b960;;2011-02-03;DEM;2d23f967-a4ac-4d5f-8958-caad3b5de99c
85e8b745-786b-4782-a8a1-e3b3164a3f22;2b4c8b80-b84f-439d-bc45-86d714f598ef;;2011-02-03;PR;effb2a49-e97d-4e06-9bcd-5d3f8a259bc7
85e8b745-786b-4782-a8a1-e3b3164a3f22;a7a78494-d846-4053-8eb1-297a53f99e2a;;1995-10-25;PSB;b408902a-a48a-4588-8800-e2ea69e094da
85e8b745-786b-4782-a8a1-e3b3164a3f22;211d6e08-9457-4c51-a1ef-0530e1ddd8e1;1995-10-24;1995-02-01;PP;be0dac11-c07a-4e23-98a6-028723af48c1
85e8b745-786b-4782-a8a1-e3b3164a3f22;f65d4f09-f48c-479a-bdcc-b8454311cb79;;2011-02-03;PP;abe072c0-10e5-433b-869b-7e49d615ee4d
85e8b745-786b-4782-a8a1-e3b3164a3f22;83f35758-58ed-4590-9434-ce88d32f900a;;2011-01-27;PP;80f489c6-16bc-453d-a33c-48fe59ae7dad
85e8b745-786b-4782-a8a1-e3b3164a3f22;f0507bf4-5243-4265-8581-26f4b08c3bca;;2011-02-03;PSOL;f0362ce0-7108-4559-8cd6-73ebfc82e8be
85e8b745-786b-4782-a8a1-e3b3164a3f22;e97ac6a4-9a08-4580-b375-810f3a3fd159;;2015-02-01;PSDB;18bd83bd-1f86-4edc-80c7-1c42f483ee54
85e8b745-786b-4782-a8a1-e3b3164a3f22;d6682881-f32f-4014-9269-2ec66f1db2d2;;2011-02-03;PCdoB;57b15d79-2533-4288-a4e9-550146546888
85e8b745-786b-4782-a8a1-e3b3164a3f22;f7582f7e-c2d3-48ad-9dc5-3388207434cc;;2015-02-01;PTB;6cfe1fc6-be4a-4974-8e50-1d1017c9dce4
85e8b745-786b-4782-a8a1-e3b3164a3f22;3e25025a-a1a9-4b2f-9de8-11bfd5d884aa;;2017-07-01;PODE;461f0823-5bf5-4406-840d-7ae415ff51d6
85e8b745-786b-4782-a8a1-e3b3164a3f22;3140910d-f9b8-492c-a799-d459463bf40c;2017-06-30;2016-01-11;PV;58e1c67e-5ab1-46a4-b874-0b831005895e
85e8b745-786b-4782-a8a1-e3b3164a3f22;3c73b1d5-a687-45c7-a808-d4fbd791c8f7;2016-01-07;2003-08-14;PSDB;a9ad966a-5dfe-4336-bea1-a7ab4c96bb79
85e8b745-786b-4782-a8a1-e3b3164a3f22;827833ce-583a-47f0-a5c6-eec134ba59cd;2003-08-13;2001-09-26;PDT;53677a54-e27a-4d6f-9513-87599516e753
85e8b745-786b-4782-a8a1-e3b3164a3f22;98e56eaf-68e9-447a-8a33-07f6d880bca2;2001-09-25;1999-02-01;PSDB;2a99babb-a1c7-4ac4-b725-85b900fe99a3
85e8b745-786b-4782-a8a1-e3b3164a3f22;f713db5c-1d13-4fc9-a925-e889bd1decaf;;2011-10-26;PSD;774c3811-80c5-4095-9876-4f6ce3373bc4
85e8b745-786b-4782-a8a1-e3b3164a3f22;976319ca-d6e1-45b8-9b97-0466f63a3b1f;2011-10-25;2007-02-01;PPS;7d05ffe1-1afd-4143-b41d-b824a0110889
85e8b745-786b-4782-a8a1-e3b3164a3f22;159996ab-6df3-4d11-ad21-bb2b11adbf92;;1999-02-01;PSDB;20861842-94be-482e-9739-705705f87f04
85e8b745-786b-4782-a8a1-e3b3164a3f22;9342a8fc-b1d2-4df0-956e-60eccd35d8d1;;2011-02-03;PMDB;548cc982-21c5-4a37-abcd-c34da6e4e41f
85e8b745-786b-4782-a8a1-e3b3164a3f22;b41bfab7-bd59-47a1-949c-e49f3ce9a536;;2015-02-01;PEN;8b272261-217c-4726-95b8-4d2d5bfe7faa
85e8b745-786b-4782-a8a1-e3b3164a3f22;1465fa8e-7a3e-4d3b-bff7-4f8a717e1ec0;;2011-02-03;PSDB;599382ef-883b-4c9d-a92f-b539e4626130
85e8b745-786b-4782-a8a1-e3b3164a3f22;2f3e5c20-a3ee-4438-b214-2b6dda259550;;2009-11-05;PDT;c46606d3-6e05-475e-b1ad-e8f1debc9abb
85e8b745-786b-4782-a8a1-e3b3164a3f22;315ca286-fdaf-4552-98e6-9a8ff72a43a9;;2011-02-03;PPS;a4e60f2b-e95e-4d30-a230-7840b7e7d822
