<xml><dados><partido_><id>36898</id><sigla>AVANTE</sigla><nome>Avante</nome><uri>https://dadosabertos.camara.leg.br/api/v2/partidos/36898</uri></partido_><partido_><id>36769</id><sigla>DEM</sigla><nome>Democratas</nome><uri>https://dadosabertos.camara.leg.br/api/v2/partidos/36769</uri></partido_><partido_><id>36779</id><sigla>PCdoB</sigla><nome>Partido Comunista do Brasil</nome><uri>https://dadosabertos.camara.leg.br/api/v2/partidos/36779</uri></partido_><partido_><id>36786</id><sigla>PDT</sigla><nome>Partido Democrático Trabalhista</nome><uri>https://dadosabertos.camara.leg.br/api/v2/partidos/36786</uri></partido_><partido_><id>36761</id><sigla>PEN</sigla><nome>Partido Ecológico Nacional</nome><uri>https://dadosabertos.camara.leg.br/api/v2/partidos/36761</uri></partido_><partido_><id>36793</id><sigla>PHS</sigla><nome>Partido Humanista da Solidariedade</nome><uri>https://dadosabertos.camara.leg.br/api/v2/partidos/36793</uri></partido_><partido_><id>36887</id><sigla>PMB</sigla><nome>Partido da Mulher Brasileira</nome><uri>https://dadosabertos.camara.leg.br/api/v2/partidos/36887</uri></partido_><partido_><id>36800</id><sigla>PMDB</sigla><nome>Partido do Movimento Democrático Brasileiro</nome><uri>https://dadosabertos.camara.leg.br/api/v2/partidos/36800</uri></partido_><partido_><id>36801</id><sigla>PMN</sigla><nome>Partido da Mobilização Nacional</nome><uri>https://dadosabertos.camara.leg.br/api/v2/partidos/36801</uri></partido_><partido_><id>36896</id><sigla>PODE</sigla><nome>Podemos</nome><uri>https://dadosabertos.camara.leg.br/api/v2/partidos/36896</uri></partido_><partido_><id>36809</id><sigla>PP</sigla><nome>Partido Progressista</nome><uri>https://dadosabertos.camara.leg.br/api/v2/partidos/36809</uri></partido_><partido_><id>36813</id><sigla>PPS</sigla><nome>Partido Popular Socialista</nome><uri>https://dadosabertos.camara.leg.br/api/v2/partidos/36813</uri></partido_><partido_><id>36814</id><sigla>PR</sigla><nome>Partido da República</nome><uri>https://dadosabertos.camara.leg.br/api/v2/partidos/36814</uri></partido_><partido_><id>36815</id><sigla>PRB</sigla><nome>Partido Republicano Brasileiro</nome><uri>https://dadosabertos.camara.leg.br/api/v2/partidos/36815</uri></partido_><partido_><id>36763</id><sigla>PROS</sigla><nome>Partido Republicano da Ordem Social</nome><uri>https://dadosabertos.camara.leg.br/api/v2/partidos/36763</uri></partido_></dados><links><link><rel>self</rel><href>https://dadosabertos.camara.leg.br/api/v2/partidos</href></link><link><rel>next</rel><href>https://dadosabertos.camara.leg.br/api/v2/partidos/?pagina=2&amp;itens=15</href></link><link><rel>first</rel><href>https://dadosabertos.camara.leg.br/api/v2/partidos/?pagina=1&amp;itens=15</href></link><link><rel>last</rel><href>https://dadosabertos.camara.leg.br/api/v2/partidos/?pagina=3&amp;itens=15</href></link></links></xml>