[
{"party_code": "PMDB", "party_resource_uri": "7b210cfa-df61-11e7-9864-c82a144c0a85", "party_name": "PARTIDO DO MOVIMENTO DEMOCRÁTICO BRASILEIRO", "party_founding_date": "1981-06-30", "party_presidency": "c32024fd-3dc6-476b-a0f9-a4e3db01b9f6", "party_id": "15", "role_resource_uri": "e7fc661b-cda7-4a7b-8c20-a516328215ca"},
{"party_code": "PTB", "party_resource_uri": "7b2139c8-df61-11e7-8d64-c82a144c0a85", "party_name": "PARTIDO TRABALHISTA BRASILEIRO", "party_founding_date": "1981-11-03", "party_presidency": "701beb16-2bc1-4d68-beb0-485f2bd01328", "party_id": "14", "role_resource_uri": "e7fc661b-cda7-4a7b-8c20-a516328215ca"},
{"party_code": "PDT", "party_resource_uri": "7b210070-df61-11e7-97e9-c82a144c0a85", "party_name": "PARTIDO DEMOCRÁTICO TRABALHISTA", "party_founding_date": "1981-11-10", "party_presidency": "be03b0dc-a419-4465-b0df-088647ac7e37", "party_id": "12", "role_resource_uri": "e7fc661b-cda7-4a7b-8c20-a516328215ca"},
{"party_code": "PT", "party_resource_uri": "7b2138a6-df61-11e7-baf1-c82a144c0a85", "party_name": "PARTIDO DOS TRABALHADORES", "party_founding_date": "1982-02-11", "party_presidency": "8742ecd6-8801-4b45-b126-9d6ffb1b6945", "party_id": "13", "role_resource_uri": "e7fc661b-cda7-4a7b-8c20-a516328215ca"},
{"party_code": "DEM", "party_resource_uri": "7b20ed7e-df61-11e7-bb65-c82a144c0a85", "party_name": "DEMOCRATAS", "party_founding_date": "1986-09-11", "party_presidency": "39c6b124-452c-45dc-b123-941cce7dce31", "party_id": "25", "role_resource_uri": "e7fc661b-cda7-4a7b-8c20-a516328215ca"},
{"party_code": "PCdoB", "party_resource_uri": "7b20f90c-df61-11e7-a941-c82a144c0a85", "party_name": "PARTIDO COMUNISTA DO BRASIL", "party_founding_date": "1988-06-23", "party_presidency": "59bd58ee-d24c-4caa-afe0-00983d5147ae", "party_id": "65", "role_resource_uri": "e7fc661b-cda7-4a7b-8c20-a516328215ca"},
{"party_code": "PSB", "party_resource_uri": "7b212b86-df61-11e7-9f98-c82a144c0a85", "party_name": "PARTIDO SOCIALISTA BRASILEIRO", "party_founding_date": "1988-07-01", "party_presidency": "fc1d59a0-0e85-42b1-8b51-1d87bf882050", "party_id": "40", "role_resource_uri": "e7fc661b-cda7-4a7b-8c20-a516328215ca"},
{"party_code": "PSDB", "party_resource_uri": "7b212e92-df61-11e7-aaf4-c82a144c0a85", "party_name": "PARTIDO DA SOCIAL DEMOCRACIA BRASILEIRA", "party_founding_date": "1989-08-24", "party_presidency": "8f0d1199-92e3-4166-bfac-c9930911466b", "party_id": "45", "role_resource_uri": "e7fc661b-cda7-4a7b-8c20-a516328215ca"},
{"party_code": "PTC", "party_resource_uri": "7b213b12-df61-11e7-b867-c82a144c0a85", "party_name": "PARTIDO TRABALHISTA CRISTÃO", "party_founding_date": "1990-02-22", "party_presidency": "d588521d-1348-4cdd-b58e-f4ef5d93e2d6", "party_id": "36", "role_resource_uri": "e7fc661b-cda7-4a7b-8c20-a516328215ca"},
{"party_code": "PSC", "party_resource_uri": "7b212c9e-df61-11e7-a12b-c82a144c0a85", "party_name": "PARTIDO SOCIAL CRISTÃO", "party_founding_date": "1990-03-29", "party_presidency": "2c7a07c8-a1a1-4754-a5ed-434a0f84baca", "party_id": "20", "role_resource_uri": "e7fc661b-cda7-4a7b-8c20-a516328215ca"},
{"party_code": "PMN", "party_resource_uri": "7b210e1c-df61-11e7-b99b-c82a144c0a85", "party_name": "PARTIDO DA MOBILIZAÇÃO NACIONAL", "party_founding_date": "1990-10-25", "party_presidency": "29e217f5-f181-472a-8422-f16c9522db62", "party_id": "33", "role_resource_uri": "e7fc661b-cda7-4a7b-8c20-a516328215ca"},
{"party_code": "PRP", "party_resource_uri": "7b212468-df61-11e7-a5fd-c82a144c0a85", "party_name": "PARTIDO REPUBLICANO PROGRESSISTA", "party_founding_date": "1991-10-29", "party_presidency": "6594be20-1534-42b0-927c-d2f0609029a2", "party_id": "44", "role_resource_uri": "e7fc661b-cda7-4a7b-8c20-a516328215ca"},
{"party_code": "PPS", "party_resource_uri": "7b21193e-df61-11e7-8869-c82a144c0a85", "party_name": "PARTIDO POPULAR SOCIALISTA", "party_founding_date": "1992-03-19", "party_presidency": "d82108db-9751-4386-94c2-5d11af1ae0bf", "party_id": "23", "role_resource_uri": "e7fc661b-cda7-4a7b-8c20-a516328215ca"},
{"party_code": "PV", "party_resource_uri": "7b2148e6-df61-11e7-b174-c82a144c0a85", "party_name": "PARTIDO VERDE", "party_founding_date": "1993-09-30", "party_presidency": "69540d55-4190-43e1-98c0-2b09700d90c7", "party_id": "43", "role_resource_uri": "e7fc661b-cda7-4a7b-8c20-a516328215ca"},
{"party_code": "AVANTE", "party_resource_uri": "7b21444a-df61-11e7-a137-c82a144c0a85", "party_name": "AVANTE", "party_founding_date": "1994-10-11", "party_presidency": "fa52796a-e063-4199-90be-52f92ed9593e", "party_id": "70", "role_resource_uri": "e7fc661b-cda7-4a7b-8c20-a516328215ca"},
{"party_code": "PP", "party_resource_uri": "7b21152e-df61-11e7-bdcf-c82a144c0a85", "party_name": "PARTIDO PROGRESSISTA", "party_founding_date": "1995-11-16", "party_presidency": "59888f36-89fc-40e9-adf7-e95bb4906eb2", "party_id": "11", "role_resource_uri": "e7fc661b-cda7-4a7b-8c20-a516328215ca"},
{"party_code": "PSTU", "party_resource_uri": "7b2137a2-df61-11e7-80c6-c82a144c0a85", "party_name": "PARTIDO SOCIALISTA DOS TRABALHADORES UNIFICADO", "party_founding_date": "1995-12-19", "party_presidency": "fdbe4598-4f5b-413a-987a-b5226758dd8c", "party_id": "16", "role_resource_uri": "e7fc661b-cda7-4a7b-8c20-a516328215ca"},
{"party_code": "PCB", "party_resource_uri": "7b2160e2-df61-11e7-bad5-c82a144c0a85", "party_name": "PARTIDO COMUNISTA BRASILEIRO", "party_founding_date": "1996-05-09", "party_presidency": "fcb8dc2b-1d6e-448c-97c9-f7f9c59cd88d", "party_id": "21", "role_resource_uri": "e7fc661b-cda7-4a7b-8c20-a516328215ca"},
{"party_code": "PRTB", "party_resource_uri": "7b21297e-df61-11e7-8546-c82a144c0a85", "party_name": "PARTIDO RENOVADOR TRABALHISTA BRASILEIRO", "party_founding_date": "1997-02-18", "party_presidency": "cd755a89-99f7-47e4-a735-55c7fe8c45a8", "party_id": "28", "role_resource_uri": "e7fc661b-cda7-4a7b-8c20-a516328215ca"},
{"party_code": "PHS", "party_resource_uri": "7b2107c8-df61-11e7-a617-c82a144c0a85", "party_name": "PARTIDO HUMANISTA DA SOLIDARIEDADE", "party_founding_date": "1997-03-20", "party_presidency": "e53133a2-d70f-409e-baf1-1944b7679f27", "party_id": "31", "role_resource_uri": "e7fc661b-cda7-4a7b-8c20-a516328215ca"},
{"party_code": "PSDC", "party_resource_uri": "7b212f8c-df61-11e7-bef6-c82a144c0a85", "party_name": "PARTIDO SOCIAL DEMOCRATA CRISTÃO", "party_founding_date": "1997-08-05", "party_presidency": "1b16f509-f9b4-4039-8b9c-f196500de6ed", "party_id": "27", "role_resource_uri": "e7fc661b-cda7-4a7b-8c20-a516328215ca"},
{"party_code": "PCO", "party_resource_uri": "7b20fb02-df61-11e7-a454-c82a144c0a85", "party_name": "PARTIDO DA CAUSA OPERÁRIA", "party_founding_date": "1997-09-30", "party_presidency": "b39a914b-25eb-4682-aec1-9d48454a7067", "party_id": "29", "role_resource_uri": "e7fc661b-cda7-4a7b-8c20-a516328215ca"},
{"party_code": "PODE", "party_resource_uri": "7b214350-df61-11e7-b1a0-c82a144c0a85", "party_name": "PODEMOS", "party_founding_date": "1997-10-02", "party_presidency": "c25fc296-af04-4396-a155-8f69dcbca091", "party_id": "19", "role_resource_uri": "e7fc661b-cda7-4a7b-8c20-a516328215ca"},
{"party_code": "PSL", "party_resource_uri": "7b213086-df61-11e7-aa5b-c82a144c0a85", "party_name": "PARTIDO SOCIAL LIBERAL", "party_founding_date": "1998-06-02", "party_presidency": "5c1435bc-0e39-446b-b65c-5d7469ef3bb6", "party_id": "17", "role_resource_uri": "e7fc661b-cda7-4a7b-8c20-a516328215ca"},
{"party_code": "PRB", "party_resource_uri": "7b211b34-df61-11e7-b235-c82a144c0a85", "party_name": "PARTIDO REPUBLICANO BRASILEIRO", "party_founding_date": "2005-08-25", "party_presidency": "15aa3075-606c-4f6d-8338-cec805a559e2", "party_id": "10", "role_resource_uri": "e7fc661b-cda7-4a7b-8c20-a516328215ca"},
{"party_code": "PSOL", "party_resource_uri": "7b2132de-df61-11e7-8882-c82a144c0a85", "party_name": "PARTIDO SOCIALISMO E LIBERDADE", "party_founding_date": "2005-09-15", "party_presidency": "db9f5930-a876-472a-a31c-60b11dffe98f", "party_id": "50", "role_resource_uri": "e7fc661b-cda7-4a7b-8c20-a516328215ca"},
{"party_code": "PR", "party_resource_uri": "7b211a38-df61-11e7-b1b8-c82a144c0a85", "party_name": "PARTIDO DA REPÚBLICA", "party_founding_date": "2006-12-19", "party_presidency": "dce74c23-8d04-4c4a-adc5-8968706f39cc", "party_id": "22", "role_resource_uri": "e7fc661b-cda7-4a7b-8c20-a516328215ca"},
{"party_code": "PSD", "party_resource_uri": "7b212d98-df61-11e7-95f7-c82a144c0a85", "party_name": "PARTIDO SOCIAL DEMOCRÁTICO", "party_founding_date": "2011-09-27", "party_presidency": "10d2a0b8-33f4-4b70-aa7d-60f703b7a471", "party_id": "55", "role_resource_uri": "e7fc661b-cda7-4a7b-8c20-a516328215ca"},
{"party_code": "PPL", "party_resource_uri": "7b20e3f6-df61-11e7-885c-c82a144c0a85", "party_name": "PARTIDO PÁTRIA LIVRE", "party_founding_date": "2011-10-04", "party_presidency": "60585e95-3368-4c64-b06d-3a79ec219c2e", "party_id": "54", "role_resource_uri": "e7fc661b-cda7-4a7b-8c20-a516328215ca"},
{"party_code": "PEN", "party_resource_uri": "7b1a2ee4-df61-11e7-a2f6-c82a144c0a85", "party_name": "PARTIDO ECOLÓGICO NACIONAL", "party_founding_date": "2012-06-19", "party_presidency": "cf48d5e8-3bfa-4535-9556-8de2b1e65e15", "party_id": "51", "role_resource_uri": "e7fc661b-cda7-4a7b-8c20-a516328215ca"},
{"party_code": "PROS", "party_resource_uri": "7b20e63a-df61-11e7-b49c-c82a144c0a85", "party_name": "PARTIDO REPUBLICANO DA ORDEM SOCIAL", "party_founding_date": "2013-09-24", "party_presidency": "93925e51-99ff-4aaa-871f-7ba48d948772", "party_id": "90", "role_resource_uri": "e7fc661b-cda7-4a7b-8c20-a516328215ca"},
{"party_code": "SD", "party_resource_uri": "7b20e8d8-df61-11e7-8928-c82a144c0a85", "party_name": "SOLIDARIEDADE", "party_founding_date": "2013-09-24", "party_presidency": "68a6cc62-327f-45b8-9bc1-f60e5e592f36", "party_id": "77", "role_resource_uri": "e7fc661b-cda7-4a7b-8c20-a516328215ca"},
{"party_code": "NOVO", "party_resource_uri": "cdbbb0d0-4a92-48d2-a88f-40468581e9c8", "party_name": "PARTIDO NOVO", "party_founding_date": "2015-09-15", "party_presidency": "b32cd6cb-3da4-4c56-8c88-36d9bdcfb00c", "party_id": "30", "role_resource_uri": "e7fc661b-cda7-4a7b-8c20-a516328215ca"},
{"party_code": "REDE", "party_resource_uri": "7b213e50-df61-11e7-918f-c82a144c0a85", "party_name": "REDE SUSTENTABILIDADE", "party_founding_date": "2015-09-22", "party_presidency": "7e29145e-655a-4f4b-9c52-f3e21715a0b9", "party_id": "18", "role_resource_uri": "e7fc661b-cda7-4a7b-8c20-a516328215ca"},
{"party_code": "PMB", "party_resource_uri": "7b213f54-df61-11e7-9eec-c82a144c0a85", "party_name": "PARTIDO DA MULHER BRASILEIRA", "party_founding_date": "2015-09-29", "party_presidency": "71c0748c-4f26-442d-8246-c2fcda9a2c23", "party_id": "35", "role_resource_uri": "e7fc661b-cda7-4a7b-8c20-a516328215ca"}
]