cam:dataFalecimento;cam:dataNascimento;cam:email;cam:ideCadastro;cam:nomeCivil;cam:nomeParlamentarAtual;cam:nomeProfissao;cam:sexo;slp:old_resource_uri;slp:resource_uri
;1956-08-24;dep.franciscochapadinha@camara.gov.br;178907;FRANCISCO ALVES DE AGUIAR;FRANCISCO CHAPADINHA;Empresário;M;ae758b3ef193ee48b2d34397e1e76283;409061cc-d6a5-49f9-996e-3dc8d8e88cc5
;1989-02-26;dep.alielmachado@camara.gov.br;178927;ALIEL MACHADO BARK;ALIEL MACHADO;;M;292752eeb282a9776ee443cf44b26bb7;c7d2c86b-c687-424c-9bec-53575393b5e2
;1967-04-21;dep.danilocabral@camara.gov.br;160528;DANILO JORGE DE BARROS CABRAL;DANILO CABRAL;;M;338bb4101273f30f14f85cb44c503aa8;dc5f63b1-40b5-420e-896a-63ce668e4337
;1966-06-22;dep.robertogoes@camara.gov.br;178995;ANTONIO ROBERTO RODRIGUES GÓES DA SILVA;ROBERTO GÓES;Administrador;M;d756776bc56efce11d2fecee1f4855d0;bfdd3a56-b587-48a0-9bea-aba9ddb4ac7a
;1977-06-01;dep.faustopinato@camara.gov.br;66828;FAUSTO RUY PINATO;FAUSTO PINATO;Advogado(a);M;14c254655904402a20ef86994443472e;f86e86da-0ac5-4f9c-9635-bb3a9c0b9d63
;1940-12-15;dep.junjiabe@camara.gov.br;160544;JUNJI ABE;JUNJI ABE;;M;;1669d77e-6954-4ef3-b09f-9e417dcecec7
;1950-05-20;dep.vanderleimacris@camara.gov.br;141553;VANDERLEI MACRIS;VANDERLEI MACRIS;;M;0686f3aacaafeec85d46c3f48ceca6aa;8f4a3142-37f2-400c-b407-66b372ef4e5c
;1973-11-11;dep.joaomarcelosouza@camara.gov.br;112437;JOÃO MARCELO SANTOS SOUZA;JOÃO MARCELO SOUZA;Psicólogo;M;de549e980bd660b3b287d5893a2e41a8;73e5d12d-a26c-4f03-bc02-b1c0bf4034ac
;1966-08-07;dep.remidiomonai@camara.gov.br;178960;REMIDIO MONAI MONTESSI;REMÍDIO MONAI;;M;68daee9ed1c1ee57bdb29f180b416adc;6f3c8464-e864-405e-bb2e-dd6fd2cdeb56
;1978-05-16;dep.marcossoares@camara.gov.br;178943;MARCOS BEZERRA RIBEIRO SOARES;MARCOS SOARES;Advogado(a);M;1a2a8c12348380555e510d1e1b6e7de3;d508427f-b7c2-4c75-afde-5cee00b1456f
;1958-04-27;dep.sergiomoraes@camara.gov.br;141542;SÉRGIO IVAN MORAES;SÉRGIO MORAES;;M;ff2fc86967b81085c279d2195ebb806d;8e117b6b-3ef9-4070-a43e-5c9f82c5e1ea
;1971-10-28;dep.alessandromolon@camara.gov.br;160511;ALESSANDRO LUCCIOLA MOLON;ALESSANDRO MOLON;;M;069ec5b7ba726af033923cb2dd8a7340;ee8b2c76-8014-4f87-95d9-7e98c45c51fd
;1973-12-07;dep.felipemaia@camara.gov.br;141429;FELIPE CATALÃO MAIA;FELIPE MAIA;;M;949b23d23985a4ef93de4f43d0eff8fa;11be8f2e-e6ba-4dfa-b687-b99879c42b32
;1966-11-04;dep.irmaolazaro@camara.gov.br;178855;ANTONIO LAZARO SILVA;IRMÃO LAZARO;Cantor, Compositor, Músico;M;e2a1159ae4d466b8f25d41f1e76c337c;e73be9f3-d6f9-4a9a-a431-fb639e2a7945
;1952-10-12;dep.prof.gedeaoamorim@camara.gov.br;200153;GEDEAO TIMOTEO AMORIM;PROF. GEDEÃO AMORIM;;M;;e5b21574-c1cb-4c03-8936-acd8939a3441
;1969-08-18;dep.fabiotrad@camara.gov.br;160587;FÁBIO RICARDO TRAD;FÁBIO TRAD;;M;;2ae6d673-0475-4542-90cb-ba06a376c7cc
;1976-10-23;dep.alanrick@camara.gov.br;178836;ALAN RICK MIRANDA;ALAN RICK;Administrador de Empresas, Jornalista;M;3f8ce45065ead34564ffbb987a294be7;4678d5d9-7bf8-4f87-bd0a-411103d5b651
;1952-08-17;dep.carlossouza@camara.gov.br;73934;CARLOS ALBERTO CAVALCANTE DE SOUZA;CARLOS SOUZA;;M;;f539a898-99f6-4b18-9a19-a291d5bdc0f7
;1944-10-05;dep.elcionebarbalho@camara.gov.br;74075;ELCIONE THEREZINHA ZAHLUTH BARBALHO;ELCIONE BARBALHO;;F;01d43219370d9829d129f3137ca3ce9e;e4140551-9c6c-41a9-9b36-fdcc80514f28
;1959-09-07;dep.normaayub@camara.gov.br;66179;NORMA AYUB ALVES;NORMA AYUB;Servidor Público;F;ed3810b6254ad72ae8434b93d8408371;732db477-8304-45db-a496-ce098f183328
;1974-06-18;dep.dejorgepatricio@camara.gov.br;196357;DEJORGE PATRICIO DA SILVA;DEJORGE PATRÍCIO;;M;79978af6ceba742cef5b8d6f2c37efac;42c9c1c6-ac74-43d3-8fb3-02b7ed3a7e74
;1975-04-02;dep.vaidonoliveira@camara.gov.br;195866;FRANCISCO VAIDON OLIVEIRA;VAIDON OLIVEIRA;;M;c5c27cf8ec30938bd70521342f41e72b;34566890-e56b-439f-beb8-34045421d2dd
;1944-11-29;dep.lucianobivar@camara.gov.br;74478;Luciano Caldas Bivar;LUCIANO BIVAR;Administrador;M;4e611c127201f37507eb2e5e1461d3b4;7fb7fb6f-e153-49d4-b8da-0b4b81a3c306
;1944-07-26;dep.yedacrusius@camara.gov.br;73992;YEDA RORATO CRUSIUS;YEDA CRUSIUS;Economista, Professor(a);F;bfd9474dda2ab2d87cf1b2ac305eedc9;031c8014-3fd6-4361-8f27-be041f189f50
;1980-07-10;dep.marcelodelaroli@camara.gov.br;195826;MARCELO JANDRE DELAROLI;MARCELO DELAROLI;;M;f2853fa0fdbb8c2ee9ac74d5bc82001f;396ece96-e620-4dd4-9b43-3c5f1825154e
;1963-08-11;dep.moisesdiniz@camara.gov.br;195278;MOISES DINIZ LIMA;MOISÉS DINIZ;;M;f5c7de8b36b0eb1dea6e09760e7ae237;2e29c878-f9a8-4961-930e-3c133b3216dd
;1975-05-13;dep.pollyanagama@camara.gov.br;195997;POLLYANA FATIMA GAMA SANTOS;POLLYANA GAMA;;F;f0fe3d3d0d6ea4a8a1bb25f6825d45f2;a4aa8060-fa69-4fb7-967c-2ea1e1fe27d5
;1971-03-12;dep.renatoandrade@camara.gov.br;171620;RENATO BARBOSA DE ANDRADE;RENATO ANDRADE;;M;c181751762b857da07ffafd0112cfd5c;265a773e-d500-4ab0-b336-6d0e4983dc24
;1969-10-14;dep.luanacosta@camara.gov.br;81366;LUANA MARIA DA SILVA COSTA;LUANA COSTA;Dentista;F;3fdec23ebaea8109310c274518508230;f2f76354-d8f1-410f-8b32-f2b38830b588
;1971-11-20;dep.jonesmartins@camara.gov.br;194262;JONES ALEXANDRE MARTINS;JONES MARTINS;;M;5216a0e2af23929c109a75a2b55c1d75;8605c424-78ab-49f5-a413-9d29a83a7964
;1952-03-14;dep.severinoninho@camara.gov.br;167614;SEVERINO DE SOUZA SILVA;SEVERINO NINHO;;M;16e23b27dad8ce51a60b71dea5e5ff69;334a2151-8b3a-4418-9d19-043c78139f3f
;1973-04-22;dep.rosinhadaadefal@camara.gov.br;146949;ROSEANE CAVALCANTE DE FREITAS ESTRELA;ROSINHA DA ADEFAL;;F;b5c10ce1699a0f589aa641b8122e2569;ce7afc7e-6bdf-4522-afc9-ffe81829984b
;1967-08-31;dep.pastorlucianobraga@camara.gov.br;193982;LUCIANO FRED BRAGA PENHA;PASTOR LUCIANO BRAGA;;M;fc367fb868f1f7bfee5758e8ea1e5f93;dc51a00d-9b93-4ec0-972d-3ce7382037b0
;1990-07-26;dep.andreamaral@camara.gov.br;195143;ANDRÉ AUGUSTO CASTRO DO AMARAL FILHO;ANDRÉ AMARAL;;M;ecd7430dc9804803a538eca2100eb2ec;c07db241-1f54-4872-840c-7b394364aa2b
;1965-11-16;dep.cajarnardes@camara.gov.br;194261;CAJAR ONESIMO RIBEIRO NARDES;CAJAR NARDES;;M;24b59d74cbd2d06169557b5bbcdfcdf5;f1311e7a-50e7-455c-ad28-8eb73ec02ff2
;1936-07-10;dep.creuzapereira@camara.gov.br;194258;CLEUZA PEREIRA DO NASCIMENTO;CREUZA PEREIRA;;F;d93ad34777bc3949e0844693ba615815;c6b24569-14a7-4f0f-95da-450276e95432
;1939-08-13;dep.reinholdstephanes@camara.gov.br;73786;REINHOLD STEPHANES;REINHOLD STEPHANES;;M;a6cc6e480bd8dfe43088fca8feb7a50c;3653a229-f038-4ffb-b273-adfc27a6c8d0
;1929-05-17;dep.vicentearruda@camara.gov.br;74308;VICENTE FERREIRA DE ARRUDA COELHO;VICENTE ARRUDA;;M;14c8117777d1b6983bf47851bf893913;03499095-55c1-4dbd-a381-a7bb0635df10
;1956-05-06;dep.zeaugustonalin@camara.gov.br;191945;JOSÉ AUGUSTO NALIN;ZÉ AUGUSTO NALIN;;M;486c656a6fe9b8b111d02e598e6e890a;17ef5a82-ddfd-4adb-87e5-bdfa4f952217
;1948-09-17;dep.nelsonpadovani@camara.gov.br;160566;NELSON PADOVANI;NELSON PADOVANI;Empresário;M;5244b3585598ecab86e0e942680aa83c;f513b482-6fe7-4cc8-8b9d-fb645d19952b
;1956-04-11;dep.wadihdamous@camara.gov.br;189593;WADIH NEMER DAMOUS FILHO;WADIH DAMOUS;;M;f0ba24491d0136cf7483fc6707caa502;021542e7-4f0e-4477-9e6b-687bb2b19039
;1963-05-01;dep.lauracarneiro@camara.gov.br;74856;MARIA LAURA MONTEZA DE SOUZA CARNEIRO;LAURA CARNEIRO;Advogado(a), Servidor Público;F;4a5d909831712832db0471108e377a22;a19cf132-1271-495d-9927-959a7b89972d
;1971-01-30;dep.silasfreire@camara.gov.br;187008;SILAS FREIRE PEREIRA E SILVA;SILAS FREIRE;;M;b1872a0e562b02ed843a0f14d02d867b;eebfef3b-1dac-4311-9dbb-6553c252823b
;1938-10-11;dep.ariostoholanda@camara.gov.br;74103;FRANCISCO ARIOSTO HOLANDA;ARIOSTO HOLANDA;;M;cde5e48f3f3d3a03a927e58864666e8f;962f5ca2-7b82-408d-a038-27adaf82ca62
;1973-04-04;dep.franklin@camara.gov.br;186775;FRANKLIN ROBERTO DE LIMA SOUZA;FRANKLIN;Pastor Evangélico, Radialista;M;d15dcb63f710c0fb391a840dc4a0c1a5;c2e11239-4ae3-4363-8220-8badcff79eed
;1958-09-01;dep.mauropereira@camara.gov.br;124411;MAURO PEREIRA;MAURO PEREIRA;;M;0798510429fc58dcf4986a01d813fdbb;a78b82c8-f012-48ea-8b34-81643ac287f4
;1974-07-31;dep.maiafilho@camara.gov.br;151965;JOSÉ DE ANDRADE MAIA FILHO;MAIA FILHO;Empresário;M;4c3a0f00a7fbf84332ea44a2da52dd8e;67c80246-7ecf-4c86-beec-98d21f085cb2
;1987-02-10;dep.albertofilho@camara.gov.br;160582;JOSÉ ALBERTO OLIVEIRA VELOSO FILHO;ALBERTO FILHO;;M;4d5d3e6498d808f1a3e0916f33f525d5;7784c79f-1e7b-4a82-bfb8-a4d2238c977d
;1962-12-09;dep.deoclidesmacedo@camara.gov.br;185500;DEOCLIDES ANTONIO SANTOS NETO MACEDO;DEOCLIDES MACEDO;;M;45787fc5ca96276af2eec7a984640bac;7f785044-5fc5-4019-956a-1d2768bce4b0
;1942-04-20;dep.robertofreire@camara.gov.br;73805;ROBERTO JOÃO PEREIRA FREIRE;ROBERTO FREIRE;;M;f3f822f94289081103cbcfd081d60b9b;744c1ef5-b9d5-4e27-ae7e-8081b35b786c
;1957-01-19;dep.celsojacob@camara.gov.br;73568;CELSO ALENCAR RAMOS JACOB;CELSO JACOB;;M;95c7fa79179a1adbca4ae751afeb75ce;d04a7e24-969f-4384-a449-a4784a474485
;1947-01-13;dep.josefogaca@camara.gov.br;131966;José Alberto Fogaça de Medeiros;JOSÉ FOGAÇA;Advogado(a), Professor(a);M;bacb7f6ab067416d867919d023290b4f;d2cb677c-defb-41a1-a3ae-7a0687d25d24
;1962-10-22;dep.augustocoutinho@camara.gov.br;160665;AUGUSTO RODRIGUES COUTINHO DE MELO;AUGUSTO COUTINHO ;;M;1837207751500d52499c13f13e1fb5f0;c52df808-8b6b-40e9-b1a0-9b2f3ad87cb0
;1982-01-24;dep.elizeudionizio@camara.gov.br;181316;ELIZEU DIONIZIO SOUZA DA SILVA;ELIZEU DIONIZIO;Advogado(a);M;8327feb335be02b4fbcb9c5e34e760f2;ec872d19-befd-479d-8302-4b9b27b706c4
;1940-04-23;dep.carloseduardocadoca@camara.gov.br;74474;CARLOS EDUARDO CINTRA DA COSTA PEREIRA;CARLOS EDUARDO CADOCA;;M;162f64364f291a7c03421d68e4abc23d;f697f93a-4102-4351-a3f9-bda0df3e3e5c
;1969-03-20;dep.osmarbertoldi@camara.gov.br;180545;OSMAR STUART BERTOLDI;OSMAR BERTOLDI;;M;569da6fd21c945e201bffde90386c4ba;eb380ac0-78bd-4bc7-96e8-c6af8a7392bb
;1959-04-19;dep.walneyrocha@camara.gov.br;160631;WALNEY DA ROCHA CARVALHO;WALNEY ROCHA;;M;0f399862ae8304b88134541f3398a4e2;fd3bd4fe-fa0d-44b2-8a4f-e6ca398dc25a
;1960-11-07;dep.davidsonmagalhaes@camara.gov.br;101309;DAVIDSON DE MAGALHÃES SANTOS;DAVIDSON MAGALHÃES;;M;be691f02a69334caf6da6bd011c00512;3c29b07e-a2fd-4fc9-8cb9-721ff44085e6
;1976-09-17;dep.fernandomonteiro@camara.gov.br;92699;FERNANDO MONTEIRO DE ALBUQUERQUE;FERNANDO MONTEIRO;;M;600b0780579b00fbd012aa3d8e48d512;1eb061c6-8ef0-4d97-b48b-06571cc06fe9
;1968-12-28;dep.fernandotorres@camara.gov.br;160676;FERNANDO DANTAS TORRES;FERNANDO TORRES;Empresário;M;f7e0504294e53e01c6268e03c5b6d951;126c6129-9429-4581-bd01-9bc84c6f1755
;1959-04-28;dep.sandesjunior@camara.gov.br;74372;JOÃO SANDES JÚNIOR;SANDES JÚNIOR;;M;0e245534512917219cdd244c41da3d91;da206427-9bc6-4f27-93ac-01bab55f3c10
;1961-07-17;dep.walterihoshi@camara.gov.br;141560;WALTER SHINDI IIHOSHI;WALTER IHOSHI;Administrador de Empresas;M;9f1fd94a33f1b6365f0649e81090c182;82560824-5cf6-4e48-892b-d7e3cee3c093
;1946-06-13;dep.antoniocarlosmendesthame@camara.gov.br;73584;ANTONIO CARLOS DE MENDES THAME;ANTONIO CARLOS MENDES THAME;;M;61f3bb7a8e6bbe17e3988dad717d6f24;b99d5b6a-d883-48ef-a078-25f973b1a968
;1957-06-18;dep.lobbeneto@camara.gov.br;74277;ANTONIO ADOLPHO LOBBE NETO;LOBBE NETO;Biomédico;M;ff07c0bae83c39ebfe249147acf484b8;2211ebc1-2bc8-47d2-a43e-366c47461e29
;1962-04-21;dep.joseotaviogermano@camara.gov.br;74395;JOSÉ OTÁVIO GERMANO;JOSÉ OTÁVIO GERMANO;;M;48e8d2be8346c694e1e45aab39816214;9aba1323-48ee-42bf-8b3f-ab17251fc61b
;1973-09-16;dep.marceloaguiar@camara.gov.br;160660;MARCELO THEODORO DE AGUIAR;MARCELO AGUIAR;;M;799d94699c9d8a873e31aec41d5dec0f;25d26991-a16e-4b5e-b704-771ec946b10c
;1972-02-23;dep.andremoura@camara.gov.br;160543;ANDRÉ LUIS DANTAS FERREIRA;ANDRE MOURA;;M;73ca0003db34528d6b7d9ab7b98d17a9;a74475d5-8fce-4c42-8e6d-fab5ea6cabf7
;1964-09-21;dep.marcon@camara.gov.br;160535;DIONILSO MATEUS MARCON;MARCON;;M;eb86fee0ed47469617e3579a47b76730;fee83ae5-a56f-426b-bee5-2fa1a906f175
;1964-05-30;dep.ademircamilo@camara.gov.br;133374;ADEMIR CAMILO PRATES RODRIGUES;ADEMIR CAMILO;;M;0619a608d90f2633bc0b259580c3b13e;35744837-a9a6-4524-a37e-97235669f067
;1960-04-23;dep.toninhopinheiro@camara.gov.br;160611;ANTÔNIO PINHEIRO JÚNIOR;TONINHO PINHEIRO;;M;59732fedb7130006ba5a754ae6afef07;d220c2f7-1562-467e-a33f-26894567bc5b
;1937-03-11;dep.aroldedeoliveira@camara.gov.br;74833;AROLDE DE OLIVEIRA;AROLDE DE OLIVEIRA;;M;49105dab3cfa5c9307a46b38eedec417;16f92db2-7152-46ab-86d1-8ae15867ba43
;1958-01-08;dep.ciceroalmeida@camara.gov.br;178841;JOSÉ CÍCERO SOARES DE ALMEIDA;CÍCERO ALMEIDA;Cantor, Radialista, Repórter;M;40950be552b14179da5316a7ddc7576d;bfc11cda-cb05-46d6-aa05-34ac68e4c0c4
;1963-06-08;dep.bilacpinto@camara.gov.br;141513;OLAVO BILAC PINTO NETO;BILAC PINTO;;M;9d5c32a8d1f92749308762291ccc4c7d;26f4991e-62cd-4147-8cce-dea582441451
;1956-08-20;dep.celsorussomanno@camara.gov.br;73441;CELSO UBIRAJARA RUSSOMANNO;CELSO RUSSOMANNO;Apresentador de Televisão, Repórter;M;4f5fc3ebe8e362077f3b5e114baf071b;4588abe2-4d14-4e8c-aa8c-42755a8b1f1e
;1964-08-17;dep.arthuroliveiramaia@camara.gov.br;160600;ARTHUR DE OLIVEIRA MAIA DA SILVA;ARTHUR OLIVEIRA MAIA;;M;3f8ff039f2cb68fb2af9f0e0b67e39c0;fd89351b-3e1f-488e-99b1-d706e1387d3f
;1954-05-01;dep.laertebessa@camara.gov.br;141478;LAERTE RODRIGUES DE BESSA;LAERTE BESSA;Delegado de Polícia;M;93efa5159f0e5794c33cb048766ffd33;5e12f196-1b6f-4e81-870e-6d0efca582c3
;1948-08-18;dep.joserocha@camara.gov.br;74554;JOSÉ ALVES ROCHA;JOSÉ ROCHA;;M;5b7663f198b9861036cff99e06eda725;06f7ae92-004e-4a75-8c90-80e0888aac73
;1957-06-03;dep.leonidascristino@camara.gov.br;74299;JOSÉ LEÔNIDAS DE MENEZES CRISTINO;LEÔNIDAS CRISTINO;Engenheiro Civil;M;1171838345ed269733f05d07a6f49149;0f8cd08f-73eb-489b-ba2a-484f69a4d835
;1941-11-04;dep.carlosbezerra@camara.gov.br;141401;CARLOS GOMES BEZERRA;CARLOS BEZERRA;Advogado(a), Industrial, Professor(a);M;ca1095b82e63c9701d301b0fcad17496;0b491687-42e3-459d-bd2b-fa1352858b66
;1956-12-11;dep.missionariojoseolimpio@camara.gov.br;160561;JOSÉ OLIMPIO SILVEIRA MORAES;MISSIONÁRIO JOSÉ OLIMPIO;Comerciante;M;ac075a35de2f796a91fd1b249447a45c;a3d80e5a-8f4c-4447-9764-ebfc7f9a9913
;1967-02-28;dep.padrejoao@camara.gov.br;160556;JOÃO CARLOS SIQUEIRA;PADRE JOÃO;Sacerdote Católico;M;5795d3354a6b3266439b04b5fc786081;98e8e5a0-edef-4f54-98b9-bfeeba628fab
;1972-10-08;dep.joaocarlosbacelar@camara.gov.br;141458;JOÃO CARLOS PAOLILO BACELAR FILHO;JOÃO CARLOS BACELAR;;M;0917e4b2f68484bc096cf9c3c982fa1a;1ce06571-55f9-4131-9775-f2d12505943b
;1963-08-22;dep.anaperugini@camara.gov.br;178973;ANA LUCIA LIPPAUS PERUGINI;ANA PERUGINI;Advogado(a);F;fedca07d26773ad1725b941337c1674d;cf02a209-2c78-44d8-8fb9-9ed64ee26d8a
;1965-03-19;dep.romulogouveia@camara.gov.br;141536;RÔMULO JOSÉ DE GOUVEIA;RÔMULO GOUVEIA;Servidor Público;M;30d32aadb75667abeca1390079687537;83740e2d-7045-4665-833b-abde890f7276
;1985-05-01;dep.pedrovilela@camara.gov.br;178844;PEDRO TORRES BRANDÃO VILELA;PEDRO VILELA;;M;292d00739463e6f16f33c9a0952fe2d7;76ffed15-71be-46ad-b79e-44bbe14973aa
;1969-04-26;dep.flaviamorais@camara.gov.br;160598;FLÁVIA CARREIRO ALBUQUERQUE MORAIS;FLÁVIA MORAIS;;F;d70a34bd021e5a634e93d659d03414b9;411b4eba-06f0-467a-8681-cfb7f8b5f1a5
;1956-05-18;dep.sergiozveiter@camara.gov.br;160612;SERGIO ZVEITER;SERGIO ZVEITER;;M;c9a978684a12bf66b7b0684681297384;dc1da8fe-06e8-42e4-8f9c-e2740dd0ce18
;1986-08-15;dep.rafaelmotta@camara.gov.br;178951;RAFAEL HUETE DA MOTTA;RAFAEL MOTTA;Engenheiro;M;0c5740f1d9ed497f26110b7c1fc7d69a;03a6d320-c16d-4f08-a47b-dffc0be1735d
;1966-04-18;dep.robertodelucena@camara.gov.br;160653;ROBERTO ALVES DE LUCENA;ROBERTO DE LUCENA;;M;ade0322e3c90073d633b8aacaaff79bb;16f96a2c-6d7d-4966-a7c2-c196db76ad31
;1982-04-15;dep.renataabreu@camara.gov.br;178989;RENATA HELLMEISTER DE ABREU;RENATA ABREU;Advogado(a), Empresária;F;22347716fddeb5d6a78ce94b0f820b08;a4229db7-32b2-45ae-aff6-a6837a777012
;1952-05-05;dep.alfredonascimento@camara.gov.br;178846;ALFREDO PEREIRA DO NASCIMENTO;ALFREDO NASCIMENTO;;M;d055efff4340e81fefc8c37c690a89ea;d60a959e-09e3-4f2f-b168-3deb996aea9a
;1950-09-14;dep.luiscarlosheinze@camara.gov.br;73483;LUIS CARLOS HEINZE;LUIS CARLOS HEINZE;;M;77dadc15f14d848bcab3b17b6f6cbef3;1f81f705-938a-40c3-8c26-6c42cbdb42a1
;1949-06-15;dep.mariahelena@camara.gov.br;64960;MARIA HELENA VERONESE RODRIGUES;MARIA HELENA;Advogado(a), Professor(a);F;1a1e93bb7615021b7289497c85bb5800;9ed29cf0-68e5-4f18-8bf1-64c3aefb9e09
;1972-11-25;dep.sandroalex@camara.gov.br;160621;SANDRO ALEX CRUZ DE OLIVEIRA;SANDRO ALEX;;M;43fa649a92d563b6e2f6d4b4114b88f5;d1758cb1-4e43-4b14-8d71-2e7b280a0e48
;1971-02-16;dep.cabosabino@camara.gov.br;178865;FLAVIO ALVES SABINO;CABO SABINO;Corretor de Imóveis;M;e66e2b4c0a202b035b1ceb5db24bb1f7;cd79b353-67cf-43b1-bbfd-5951fc6d4c22
;1971-11-30;dep.benjaminmaranhao@camara.gov.br;74040;BENJAMIN GOMES MARANHÃO NETO;BENJAMIN MARANHÃO;;M;125b75b835bd3f45e3d9bc6535964b7d;a81da99c-3093-40c6-8014-36b05177e970
;1949-12-24;dep.arlindochinaglia@camara.gov.br;73433;ARLINDO CHIGNALIA JUNIOR;ARLINDO CHINAGLIA;;M;c236c68d1ab6e61ac05c549a06955732;fb980295-7d2d-4a89-aa2b-5bd029f56546
;1989-08-27;dep.andrefufuca@camara.gov.br;178882;ANDRE LUIZ CARVALHO RIBEIRO;ANDRÉ FUFUCA;Médico(a);M;93c057d2e204415b359c576696e26ea4;9ac4d003-134e-4e5c-9e49-b03f755dcc58
;1960-03-21;dep.tenentelucio@camara.gov.br;178898;SERGIO LUCIO DE ALMEIDA;TENENTE LÚCIO;;M;a8d3775a32a2919d59c89b4113c5826e;ce8986f7-b829-4b6c-8abb-f813d3157c75
;1944-12-21;dep.josecarlosaraujo@camara.gov.br;74140;JOSÉ CARLOS LEÃO DE ARAÚJO;JOSÉ CARLOS ARAÚJO;;M;ce7fcbd5f9ea3c755b39e597fed3f643;1ce87675-460b-41b6-9a2e-ca843b4d5b9c
;1962-03-29;dep.abelmesquitajr@camara.gov.br;178957;ABEL SALVADOR MESQUITA JUNIOR;ABEL MESQUITA JR.;Empresário;M;aed6224c8c381b6e184198948059bcca;7f08d495-76b5-4b90-bfbb-b96a718c2e68
;1976-03-30;dep.cabodaciolo@camara.gov.br;178938;BENEVENUTO DACIOLO FONSECA DOS SANTOS;CABO DACIOLO;Militar;M;d92143bd13ac5a61bdb8435581237303;ba55fc84-19a9-47a7-b7f4-513bde606ecd
;1930-05-14;dep.bonifaciodeandrada@camara.gov.br;74650;BONIFÁCIO JOSÉ TAMM DE ANDRADA;BONIFÁCIO DE ANDRADA;;M;26aac1bb221d06549bcba1e5118ab112;e9b76f02-ce18-40f3-8df1-a7a5c9c67691
;1974-07-22;dep.thiagopeixoto@camara.gov.br;160617;THIAGO MELLO PEIXOTO DA SILVEIRA;THIAGO PEIXOTO;;M;86d9d611f0a645fee56d2e0e0877e11c;e29b1d29-1c7e-496f-9092-4a81a04066c4
;1960-06-23;dep.giovanicherini@camara.gov.br;160673;GIOVANI CHERINI;GIOVANI CHERINI;;M;4df58729c582e3ed71c5ec12d1e355a9;2f0e5aab-ff33-46d3-8ace-bd8974c0b553
;1963-07-31;dep.niltotatto@camara.gov.br;178986;NILTO IGNACIO TATTO;NILTO TATTO;Coordenador de Projetos;M;2e07e35b882279afef34c75f28791234;6e449121-6c5a-44bb-a7ba-d4fefeea815e
;1968-05-26;dep.marcelomatos@camara.gov.br;76287;MARCELO VIVIANI GONÇALVES;MARCELO MATOS;;M;35e6d568220831e252347905fa973553;4b066b1c-5de1-4d3a-9fcb-b19426bcfbba
;1956-03-09;dep.ronaldobenedet@camara.gov.br;160515;RONALDO JOSÉ BENEDET;RONALDO BENEDET;;M;d1570b0766b275cf40068fab1026ac25;4f4dea98-09f4-4db6-988a-1776a2adb1aa
;1967-08-22;dep.joaodaniel@camara.gov.br;178970;JOAO SOMARIVA DANIEL;JOÃO DANIEL;Agricultor;M;bfc3a21b04486f1f0d7689a8515bc3d2;7418f5e3-a861-4b9c-b67a-85214a445a92
;1989-08-10;dep.wilsonfilho@camara.gov.br;160636;JOSÉ WILSON SANTIAGO FILHO;WILSON FILHO;;M;25b43c4c7c9fb2b47c9ebec7df79b7b5;80eefd6e-ed53-466c-b2ab-47900bba3a7b
;1976-01-13;dep.elicorreafilho@camara.gov.br;160532;ADRIANO ELI CORRÊA;ELI CORRÊA FILHO;;M;c52c0c7115c9dd9f9bc58115c61187cc;2fc70a5a-a5c0-4f34-9bbc-253907d80f09
;1975-11-29;dep.alexandreserfiotis@camara.gov.br;178833;ALEXANDRE AUGUSTUS SERFIOTIS;ALEXANDRE SERFIOTIS;Médico(a);M;0d9aaa629879fe27435d80a2da1469e7;86fe3e8e-aefa-4112-92ab-0b278a60106d
;1978-11-04;dep.danielcoelho@camara.gov.br;178916;DANIEL PIRES COELHO;DANIEL COELHO;Administrador;M;8dad2de3232de38fd6460e6fcbd73a5c;739cf70b-5f0a-45d7-8e4b-9d931f7b57f7
;1949-11-17;dep.flavianomelo@camara.gov.br;141434;FLAVIANO FLÁVIO BAPTISTA DE MELO;FLAVIANO MELO;Engenheiro Civil;M;3f04a87ddb6df6fb86a2b9fa00a7f842;53c5a23c-44b7-4634-8d3b-514d42d7f597
;1960-06-13;dep.marcuspestana@camara.gov.br;159238;MARCUS VINÍCIUS CAETANO PESTANA DA SILVA;MARCUS PESTANA;;M;74bfdec52533a202ad40d221cb3241e1;fb56977d-659e-4a33-bba0-7dd0b98752ae
;1948-08-29;dep.benitogama@camara.gov.br;74535;BENITO DA GAMA SANTOS;BENITO GAMA;Economista, Professor(a);M;8e90e0a14ef7e9403b236adc00ecfebd;112fd12d-3c3b-4716-bf1f-97822f05bc08
;1958-11-30;dep.arnaldojordy@camara.gov.br;160602;ARNALDO JORDY FIGUEIREDO;ARNALDO JORDY;;M;6c94125b2b5cd1cede8ad11fc72708e7;dbda9bcb-26c7-4d8e-ae17-76c461dadcaf
;1971-07-23;dep.luistibe@camara.gov.br;160510;LUIS HENRIQUE DE OLIVEIRA RESENDE;LUIS TIBÉ;;M;0da6ce9a50001dfdc6ac318c1d62cbb1;dc907e3d-b3f2-403d-afc0-59080cdd7109
;1962-05-31;dep.subtenentegonzaga@camara.gov.br;177282;LUIZ GONZAGA RIBEIRO;SUBTENENTE GONZAGA;;M;955c67745681dc7cff51f92335166159;1fb17f63-7c2b-4d39-a2ed-1140714f7e40
;1976-03-03;dep.stefanoaguiar@camara.gov.br;92776;STEFANO AGUIAR DOS SANTOS;STEFANO AGUIAR;;M;2b8eb6f08b64f3a0863ccd893c909b31;ba2c7c4f-3e88-4882-8416-76c0d06f7d09
;1937-03-23;dep.paeslandim@camara.gov.br;74319;JOSÉ FRANCISCO PAES LANDIM;PAES LANDIM;;M;b9bf2994bbbaf6fc25608e121f6250c5;f6c0860d-373e-4cee-a078-4a09a74f7f72
;1963-10-28;dep.ezequielfonseca@camara.gov.br;178904;EZEQUIEL ANGELO FONSECA;EZEQUIEL FONSECA;Professor de Matemática;M;a3ff12708d2dc83d0a087f3f11630f39;74df1642-c2d1-4010-b56e-4c3e387e90da
;1971-06-11;dep.georgehilton@camara.gov.br;141441;GEORGE HILTON DOS SANTOS CECÍLIO;GEORGE HILTON;;M;1b8d14d3eee5e3ebbb7dd0b3a46df733;5a14a406-58b7-4590-a8c0-c39ec177a70a
;1969-10-18;dep.lindomargarcon@camara.gov.br;141483;LINDOMAR BARBOSA ALVES;LINDOMAR GARÇON;Comerciante;M;ae5ddd51306363fef703226135bef02b;4ae4f89c-7f31-444b-b336-fe4a90200797
;1948-10-26;dep.magdamofatto@camara.gov.br;166402;MAGDA MOFATTO HON;MAGDA MOFATTO;;F;88d37f2042927958ccf5876896692a01;2ee8da0b-1696-4a86-bd65-3a1ae1feb818
;1954-07-06;dep.terezacristina@camara.gov.br;178901;TEREZA CRISTINA CORREA DA COSTA DIAS;TEREZA CRISTINA;Engenheiro Agrônomo;F;64821e340e16e48cc582ac0d6c933fbe;d05886da-6893-4a4f-8bc0-53cec4b6d958
;1956-09-28;dep.keikoota@camara.gov.br;160659;IOLANDA KEIKO MIASHIRO OTA;KEIKO OTA;;F;11f9b717dc005fcb712a52ee0417fa40;7ebc3475-019f-4ea7-8730-0c04d4a8c9af
;1987-04-08;dep.lucasvergilio@camara.gov.br;178879;LUCAS DE CASTRO SANTOS;LUCAS VERGILIO;Administrador de Empresas, Corretor de Seguros;M;db3a4ed05a88fd116a20568718cffaa2;c69a18b2-86b4-4073-8cdc-871585ff650c
;1980-08-02;dep.hissaabrahao@camara.gov.br;178849;HISSA NAGIB ABRAHAO FILHO;HISSA ABRAHÃO;Comerciante;M;d226d6f24870ca6ea150d419a06ce8db;f3de73a8-64fe-49c3-9d8a-6d601b3bc3d4
;1973-04-18;dep.danrleidedeushinterholz@camara.gov.br;160552;DANRLEI DE DEUS HINTERHOLZ;DANRLEI DE DEUS HINTERHOLZ;;M;5a26dd700b622c1965ace105b62401a8;6ccb4fc6-064b-4675-8712-e11381780049
;1974-03-10;dep.jeanwyllys@camara.gov.br;160672;JEAN WYLLYS DE MATOS SANTOS;JEAN WYLLYS;;M;a4510d8c98e826dbff8ddadeee92c86e;0cbb2984-f3eb-48d9-8920-8e3e90f02f24
;1946-08-09;dep.jomoraes@camara.gov.br;141503;MARIA DO SOCORRO JÔ MORAES;JÔ MORAES;;F;eedde288fef3250fd161023f0450d546;a88b5428-3310-4b21-aef4-903667d746e7
;1971-03-13;dep.sergiosouza@camara.gov.br;178933;SERGIO DE SOUZA;SERGIO SOUZA;Advogado(a);M;8a9650673b8a4ff82b4a8be4075d97ed;0dfb850c-d0be-4498-ade8-b7eeeac8c80a
;1966-04-25;dep.ronaldonogueira@camara.gov.br;163321;RONALDO NOGUEIRA DE OLIVEIRA;RONALDO NOGUEIRA;;M;5424af20bb6f5090aa90f5574cacae04;a72dfdb5-a0dc-40b3-95e8-3f0f062101ed
;1969-07-23;dep.luciomosquini@camara.gov.br;178954;LUCIO ANTONIO MOSQUINI;LUCIO MOSQUINI;Engenheiro Eletricista;M;ec1dd006836554159961a63a8c81e3a5;0a34fdc5-5eaf-4609-9e47-30a22eb4e766
;1955-03-21;dep.jairbolsonaro@camara.gov.br;74847;JAIR MESSIAS BOLSONARO;JAIR BOLSONARO;;M;a97cbda4c2e19495b395b1d7b8dd23ed;50f10675-453b-4883-a34c-88537c662b91
;1970-10-20;dep.indiodacosta@camara.gov.br;141389;ANTONIO PEDRO INDIO DA COSTA;INDIO DA COSTA;Advogado(a);M;50e64bca91f6d6cc5e785ec0fc75e78b;5ffbea00-a237-4073-83e5-fff2d7a0a1b5
;1969-06-14;dep.marcioalvino@camara.gov.br;178983;MARCIO LUIZ ALVINO DE SOUZA;MARCIO ALVINO;Administrador;M;110d04e6dcb06a0836b3a62bdb647522;d3f98a8b-1088-47e6-8d70-f2a4f6936e40
;1950-08-01;dep.heraclitofortes@camara.gov.br;97707;HERÁCLITO DE SOUSA FORTES;HERÁCLITO FORTES;Servidor Público;M;12dc2bacf63152929ecdad209a1715f5;7142abc9-d157-41e9-99e8-a70cf1d84e4f
;1947-03-11;dep.carlosmelles@camara.gov.br;74651;CARLOS DO CARMO ANDRADE MELLES;CARLOS MELLES;;M;71ff4225a84ccbb283c920cd6d4a9e2c;fec48dd0-0ee2-4a77-8e8d-65a8be4df391
;1957-08-15;dep.erikakokay@camara.gov.br;160575;ÉRIKA JUCÁ KOKAY;ERIKA KOKAY;;F;087dca1a0649c9b96ed4c4f0f6a19bd0;56b3089c-b47d-465e-bad2-1769d1cd239f
;1960-12-27;dep.nelsonpellegrino@camara.gov.br;74571;NELSON VICENTE PORTELA PELLEGRINO;NELSON PELLEGRINO;Advogado(a);M;08800a06fe7b8aa9729dd02ed4de4aab;7dd60b0a-74b6-4ffd-9eeb-4c6005e5d9d8
;1970-12-17;dep.giacobo@camara.gov.br;74383;FERNANDO LÚCIO GIACOBO;GIACOBO;;M;7b666f6f22b66fdbe709c4cdcc8a3816;3f97777a-6bc5-4f23-86ac-c78c80b9fb27
;1970-07-17;dep.venezianovitaldorego@camara.gov.br;178913;VENEZIANO VITAL DO RÊGO SEGUNDO NETO;VENEZIANO VITAL DO RÊGO;Advogado(a);M;d39b89ee6c26dc7ef6f0437c1f9b70fd;cc4701e3-ce3b-4628-b29f-f09302c01513
;1959-09-21;dep.franciscofloriano@camara.gov.br;160677;FRANCISCO FLORIANO DE SOUSA SILVA;FRANCISCO FLORIANO;;M;6deaada6117c2c5f1130e626f85eeab7;e9e4ac45-0ad0-4d2c-a0cb-895e9dde3e0e
;1985-04-11;dep.vicentinhojunior@camara.gov.br;137070;VICENTE ALVES DE OLIVEIRA JUNIOR;VICENTINHO JÚNIOR;Empresário;M;c2344d9eade583657290c38214ee0540;472586b9-6e28-43bf-847b-7be0e0313e8c
;1969-06-20;dep.betofaro@camara.gov.br;141335;JOSÉ ROBERTO OLIVEIRA FARO;BETO FARO;;M;f4fd53b027d5869276d82ee1df6f7983;9c586552-3c43-4f62-857b-9e149acf146f
;1958-10-29;dep.pepevargas@camara.gov.br;141445;GILBERTO JOSÉ SPIER VARGAS;PEPE VARGAS;;M;ce192ddd042a47f1eeb12ba2ce416e65;adca9233-539c-4d93-b91c-20af7da5da6c
;1963-03-31;dep.carlossampaio@camara.gov.br;74262;CARLOS HENRIQUE FOCESI SAMPAIO;CARLOS SAMPAIO;;M;1a29541fdb3a68356675befa93997fc0;cb1c87a2-0215-44b8-80cd-66833ad5254b
;1952-12-02;dep.daminapereira@camara.gov.br;178892;DAMINA DE CARVALHO PEREIRA;DÂMINA PEREIRA;Filósofo;F;a837183abda57bed6ffd5f2c4458d5e0;37773848-f1ab-4016-a692-9fdd816d54b4
;1946-06-01;dep.silviotorres@camara.gov.br;73560;SILVIO FRANÇA TORRES;SILVIO TORRES;Empresário, Jornalista;M;4fb8e11af6dc8554aeede20735c16f58;dd891aa0-8d2d-46ba-87e3-d1b9ef24e60d
;1948-03-12;dep.antonioimbassahy@camara.gov.br;160530;ANTONIO JOSÉ IMBASSAHY DA SILVA;ANTONIO IMBASSAHY;;M;734e8973b6fbcf0fc75fe93e28e52c9f;d4664761-985d-4494-9c49-708d180ca8d1
;1962-03-25;dep.heitorschuch@camara.gov.br;178964;HEITOR JOSE SCHUCH;HEITOR SCHUCH;Agricultor Familiar;M;5c3338b2ef7f33b30d4a13886acb9773;06bc1017-9529-40d4-8ce6-b8f5d0ea8aff
;1960-04-11;dep.juliamarinho@camara.gov.br;67312;JULIA MARIA GODINHO DA CRUZ MARINHO;JÚLIA MARINHO;Administrador Público;F;3c88805a8a2ff3c8786d33a23b6471cc;5320e743-8ccc-4b0e-abed-477d37303c2f
;1969-10-28;dep.givaldovieira@camara.gov.br;178872;GIVALDO VIEIRA DA SILVA;GIVALDO VIEIRA;Advogado(a);M;26760773a1c14c895666cb267ab4d7f9;b093a353-1b12-440c-9963-048a78ea7a79
;1958-07-05;dep.cesarmessias@camara.gov.br;178838;CARLOS CESAR CORREIA DE MESSIAS;CÉSAR MESSIAS;Pecuarista;M;bbbd4a9bca5677a640bbadb95b2a69c1;dfb76977-b650-4080-a0e0-17169dfad82b
;1953-01-27;dep.rogeriopeninhamendonca@camara.gov.br;160651;ROGÉRIO MENDONÇA;ROGÉRIO PENINHA MENDONÇA;;M;1798f18e801408696d9337c401f7d44e;deaada97-d828-4a7c-82d5-d3a08816cf2a
;1991-05-07;dep.marcoantoniocabral@camara.gov.br;178942;MARCO ANTONIO NEVES CABRAL;MARCO ANTÔNIO CABRAL;Advogado(a);M;98c8a66c718b2557ccb5b6016ae2bb8b;a5c35984-c02b-4ca8-be8b-5de4ea079e27
;1978-06-10;dep.luizlaurofilho@camara.gov.br;178982;LUIZ LAURO FERREIRA FILHO;LUIZ LAURO FILHO;Publicitário;M;0c143cc423f305a407035f99adeb9311;e441c023-8aff-4087-9ad2-8c54d6624454
;1955-02-14;dep.paulofreire@camara.gov.br;160558;PAULO ROBERTO FREIRE DA COSTA;PAULO FREIRE;;M;6b7fccac6e139e1fa9c076b39292aa05;0671bd16-6be5-4aac-bcc6-8bfd69fc8bb0
;1958-08-28;dep.pedrochaves@camara.gov.br;74812;PEDRO PINHEIRO CHAVES;PEDRO CHAVES;;M;f67ba81ced6747dc5aaf2ad8101a1a0c;a0d65a57-ebbf-4845-9c8e-527c96e8b2c9
;1948-08-25;dep.juliocesar@camara.gov.br;74317;JÚLIO CÉSAR DE CARVALHO LIMA;JÚLIO CESAR;;M;034f31617165f6372b5a661b47ace134;db139d10-36d1-4e97-99f5-27bc92445fd4
;1983-10-23;dep.danielvilela@camara.gov.br;144523;DANIEL ELIAS CARVALHO VILELA;DANIEL VILELA;;M;20b3176ae9f777ee3f98d2a049d65667;377ff085-7ffb-4aa7-91bf-3108d86d101e
;1954-06-04;dep.alceumoreira@camara.gov.br;160559;ALCEU MOREIRA DA SILVA;ALCEU MOREIRA;;M;de9152db4694ebada93c83ea47e7c643;febf437e-b088-4407-8e8e-51c7f871ca72
;1989-08-21;dep.brunny@camara.gov.br;178999;BRUNIELE FERREIRA GOMES;BRUNNY;;F;6fb66fb5c74bbae14b02e7a049aa2a71;10475617-c73e-4a64-8746-25efd809438c
;1958-07-06;dep.joaogualberto@camara.gov.br;178856;JOAO GUALBERTO VASCONCELOS;JOÃO GUALBERTO;;M;f4ee46cae841fddf4829ede7d13e9f1c;089592f7-4575-4acc-8195-ee77db260eb8
;1939-08-13;dep.chicolopes@camara.gov.br;141440;FRANCISCO LOPES DA SILVA;CHICO LOPES;;M;f10e266998c5867d5357b6e676078cfa;58171b03-2412-4a7d-8d48-15528f00fa2d
;1968-10-23;dep.rocha@camara.gov.br;178840;WHERLES FERNANDES DA ROCHA;ROCHA;Jornalista, Oficial da Polícia Militar;M;6fa5e0e3a1def8c1a9aa27ac5c181ebc;731d582a-f426-4c8e-b558-eac0e431e89b
;1982-02-01;dep.betorosado@camara.gov.br;178948;CARLOS ALBERTO DE SOUSA ROSADO SEGUNDO;BETO ROSADO;Agrônomo;M;ce6bd9c28bbfddce8f1bfecce219e0d5;182d56f2-13dc-4381-b560-5c672676b884
;1964-10-01;dep.professoradorinhaseabrarezende@camara.gov.br;160639;MARIA AUXILIADORA SEABRA REZENDE;PROFESSORA DORINHA SEABRA REZENDE;;F;1b3bc50dd4c412d9a82c652030d401cd;93d08e11-70ac-4617-b4fd-ac8c5d6cffe9
;1953-11-03;dep.lincolnportela@camara.gov.br;74585;LINCOLN DINIZ PORTELA;LINCOLN PORTELA;;M;073e5bc96cc31b2abd9d0cd54737475a;3c4853eb-f9a9-46ef-88fa-a1a6aaf4864c
;1959-11-27;dep.misaelvarella@camara.gov.br;178895;MISAEL ARTUR FERREIRA VARELLA;MISAEL VARELLA;Empresário;M;3cd3a1580bf702ba923912032425884e;8702f15a-29a6-41d8-b5da-5220c908bcfa
;1957-05-08;dep.sergiovidigal@camara.gov.br;178874;ANTONIO SERGIO ALVES VIDIGAL;SERGIO VIDIGAL;;M;10c5ff44592fc3cdf53212cae5545892;28c025f4-9371-436e-a1f9-779bf32d1bf1
;1977-04-15;dep.fabioreis@camara.gov.br;171623;FABIO DE ALMEIDA REIS;FABIO REIS;;M;5be032efc24d77c932baee98fb21887d;d1ff55f9-a6eb-4a04-ada7-fceb071a0b76
;1963-12-01;dep.claudiocajado@camara.gov.br;74537;CLÁUDIO CAJADO SAMPAIO;CLAUDIO CAJADO;;M;a274c94fa41c164b567cb977c3108ea2;b395f882-54ba-408a-b1cf-00bed7df149b
;1945-05-27;dep.miroteixeira@camara.gov.br;74862;MIRO TEIXEIRA;MIRO TEIXEIRA;Advogado(a), Jornalista;M;d8fdeba183719042bd5cddcd4607f014;456a8910-f58a-43a6-8d2e-fd58a2affc45
;1952-01-04;dep.ediolopes@camara.gov.br;141417;ÉDIO VIEIRA LOPES;EDIO LOPES;;M;de93b601de0365466b1e17709cabdfd7;f4330cec-767f-4a69-b9a2-32cfe45b1dde
;1969-02-25;dep.nilsonleitao@camara.gov.br;166401;NILSON APARECIDO LEITÃO;NILSON LEITÃO;;M;43cc9637bd7f314d17a6c8c1fb2b3884;5ab4ff05-a783-421a-b9ee-e377c1708127
;1975-12-20;dep.leandre@camara.gov.br;178832;LEANDRE DAL PONTE;LEANDRE;Engenheiro Civil;F;0bb7142d09ba0bac056e48f188b9709a;8986bf2c-9e46-451e-8f28-b220e107a1b0
;1971-05-20;dep.erosbiondini@camara.gov.br;160640;EROS FERREIRA BIONDINI;EROS BIONDINI;;M;7ff6598734c8cb7cc6acb03053a6f393;66cbadc5-23a2-4a79-88e1-c10cc9d86d4d
;1952-04-28;dep.damiaofeliciano@camara.gov.br;74467;DAMIÃO FELICIANO DA SILVA;DAMIÃO FELICIANO;;M;8df93f3cc8baf31d756761a101841df3;9def2724-1032-44ae-9dde-8edafe57f3d6
;1948-04-20;dep.takayama@camara.gov.br;74385;HIDEKAZU TAKAYAMA;TAKAYAMA;;M;40e78fab3a3c34514f9cbc78e9c4d496;5fbc9e08-48b9-418f-8098-dcc3f4c8d1fb
;1946-07-05;dep.ivanvalente@camara.gov.br;73531;IVAN VALENTE;IVAN VALENTE;;M;16e4d42603c81f503f2297065e5567b4;b947c1ab-cf58-4fce-a306-e34590b5964a
;1965-03-19;dep.paulopimenta@camara.gov.br;74400;PAULO ROBERTO SEVERO PIMENTA;PAULO PIMENTA;;M;08e7e45b4c884b21445180d6dfd10c80;bd8ebc19-f857-4b00-9ae8-f56c20e11654
;1970-07-06;dep.elmarnascimento@camara.gov.br;178854;ELMAR JOSE VIEIRA NASCIMENTO;ELMAR NASCIMENTO;Advogado(a);M;941768cf0fd7b958547ffcf51b1a545c;07d6ece0-2cdf-4133-8524-d0a003525741
;1978-06-06;dep.mosesrodrigues@camara.gov.br;178997;MOSES HAENDEL MELO RODRIGUES;MOSES RODRIGUES;Administrador, Professor de Geografia, Professor de História;M;6c1ea9d49ab4b1e9d83b165b04e19633;f0a08db6-f41f-4d85-be9e-461647c82cff
;1966-12-27;dep.rosangelagomes@camara.gov.br;178945;ROSANGELA DE SOUZA GOMES;ROSANGELA GOMES;Auxiliar de Administração, Auxiliar de Enfermagem, Bacharel em Direito, Político;F;d02a99e9f99c5692d613db26baf6f9c2;f8070bdb-ec92-4039-9c72-5ccb550703de
;1972-12-19;dep.joaopaulokleinubing@camara.gov.br;178967;JOAO PAULO KARAM KLEINUBING;JOÃO PAULO KLEINÜBING;Administrador, Historiador;M;c92ce0769ee05751505613ad5a6a9517;84313f37-5a96-478f-b498-40be1e97a261
;1956-07-15;dep.jorginhomello@camara.gov.br;160509;JORGINHO DOS SANTOS MELLO;JORGINHO MELLO;;M;c13e21677df3a179cf3e76b3348d5865;30476309-9dd1-401f-915f-df0cc034d676
;1984-10-10;dep.diegogarcia@camara.gov.br;178929;DIEGO ALEXSANDER GONCALO PAULA GARCIA;DIEGO GARCIA;Administrador;M;0b46925f1e5e56fa9c23614bccbdab9a;054b3cfb-1cfe-4bcf-a9bd-f3d492b50f42
;1942-04-26;dep.beneditadasilva@camara.gov.br;73701;BENEDITA SOUZA DA SILVA SAMPAIO;BENEDITA DA SILVA;Assistente Social, Auxiliar de Enfermagem, Professor(a), Servidor Público;F;7640b6ed7ac6123c9016ee426aa357e6;e77f24f7-068f-4eff-992f-0d98f31d64fa
;1950-06-09;dep.marcelocastro@camara.gov.br;74460;MARCELO COSTA E CASTRO;MARCELO CASTRO;;M;6b931693f956a323caef2c355cbb761b;26f2b793-8f8c-4062-8747-7dfc5d11f06d
;1962-02-05;dep.bohngass@camara.gov.br;160538;ELVINO JOSÉ BOHN GASS;BOHN GASS;;M;9c16da3d12257ebdbaa7b24fe51e5ec0;65ef00e8-977e-46d6-9bfd-b8e2a50a4a6c
;1983-04-28;dep.brunafurlan@camara.gov.br;160589;BRUNA DIAS FURLAN;BRUNA FURLAN;;F;5cc40832e037ae48672c6f8e3571cc3e;4ccb5265-fc74-4078-8d51-78cb02f2b8f5
;1988-04-29;dep.domingosneto@camara.gov.br;143632;DOMINGOS GOMES DE AGUIAR NETO;DOMINGOS NETO;;M;9d918fdd11e20460d55b5d0f12396af3;673809cd-d0ce-481a-872f-c0aafacf9755
;1970-11-10;dep.andreabdon@camara.gov.br;178831;ANDRE DOS SANTOS ABDON;ANDRÉ ABDON;Engenheiro Florestal;M;f0091e199c5f753b034d129cd22eb76d;d23da56b-cc1e-46aa-80b5-270cd78bbc89
;1960-11-23;dep.marinharaupp@camara.gov.br;74177;MARINHA CÉLIA ROCHA RAUPP DE MATOS;MARINHA RAUPP;;F;075c8c8d2b619d144b1737e94bd55560;27257832-645a-44bc-8a5e-09eb77774000
;1948-01-26;dep.dilceusperafico@camara.gov.br;73768;DILCEU JOÃO SPERAFICO;DILCEU SPERAFICO;;M;8b51d05479003d2e33dc297e54537e21;78377ca4-3948-4608-ad1b-dc0d4280d89a
;1980-09-11;dep.evandrogussi@camara.gov.br;178828;EVANDRO HERRERA BERTONE GUSSI;EVANDRO GUSSI;Advogado(a), Professor Universitário;M;7e7323fb5accd67cbad79fbc4cd9f321;89e7374a-d98d-4167-9ee7-f08f84ec1a17
;1957-06-19;dep.hirangoncalves@camara.gov.br;178959;HIRAN MANUEL GONCALVES DA SILVA;HIRAN GONÇALVES;Médico Legista, Médico(a);M;d63b1a46ce45c8cedf7b78860d393703;19d1de63-5e2f-487f-99ea-71feee673561
;1960-04-22;dep.hildorocha@camara.gov.br;178884;HILDO AUGUSTO DA ROCHA NETO;HILDO ROCHA;Administrador;M;780952df725a1253b78174a0b05f5513;9dc72351-3951-483d-b577-9ce15af288f6
;1971-11-24;dep.valtenirpereira@camara.gov.br;141552;VALTENIR LUIZ PEREIRA;VALTENIR PEREIRA;;M;719054fd4c37bf24f18e74664bfad1fa;de44237a-b962-4554-b2d7-efe6f719b6c5
;1949-10-19;dep.chicoalencar@camara.gov.br;74171;FRANCISCO RODRIGUES DE ALENCAR FILHO;CHICO ALENCAR;;M;f4f5f8748638fda9054570ecdca66e4d;dc70cbda-daed-4d9d-bf0c-68690bce2c76
;1955-11-07;dep.alfredokaefer@camara.gov.br;141454;JACOB ALFREDO STOFFELS KAEFER;ALFREDO KAEFER;;M;f920b94a5dba2041a84eba2b9b201cf0;301ae60c-f5a4-468b-9f99-26b39aa57b22
;1962-04-25;dep.afonsohamm@camara.gov.br;136811;JOSÉ ALFONSO EBERT HAMM;AFONSO HAMM;;M;5de584aa861a023b8022f2d89ade4bc9;d31870a0-e6bf-46c2-b0d8-19de06b5b28d
;1955-05-26;dep.zecarlos@camara.gov.br;178889;JOSÉ CARLOS NUNES JÚNIOR;ZÉ CARLOS;Engenheiro Civil;M;934122be59fb4bd14f5193e8387f86df;d3a51a76-7a4d-4f3a-95a6-44065a6e06e6
;1956-12-23;dep.silviocosta@camara.gov.br;4930;SÍLVIO SERAFIM COSTA;SILVIO COSTA;;M;0dd8773aa78eda35c4b0bd70ccdbc57e;e040fc96-49ba-4ac4-8028-9dab95501ea1
;1978-05-15;dep.vitorvalim@camara.gov.br;178869;VITOR PEREIRA VALIM;VITOR VALIM;;M;3e4894b19d8f06218e9ceed4554e7fff;44fa0e3f-3ecc-4916-af8d-30d29fa23c15
;1957-08-07;dep.carlosmanato@camara.gov.br;74163;CARLOS HUMBERTO MANNATO;CARLOS MANATO;;M;70150cbf333468fd2ed0bb5322d13f4d;2298653f-5143-4d07-967b-5a4bcd13a146
;1974-02-12;dep.betosalame@camara.gov.br;178906;ROBERTO SALAME FILHO;BETO SALAME;;M;ebad827ac9a4a4fb0ab0c06fdddc6f71;84dd63c7-0b98-4f83-870b-234b805b8339
;1982-08-02;dep.rodrigomartins@camara.gov.br;178926;RODRIGO RODRIGUES DE SOUZA MARTINS;RODRIGO MARTINS;Cirurgião-Dentista;M;1dd186dcd97d591dd15733e4be3bc488;bf7c0555-08a5-412a-9100-c3500e2dfb02
;1965-12-27;dep.marcomaia@camara.gov.br;133373;MARCO AURÉLIO SPALL MAIA;MARCO MAIA;;M;9cb847fc752a8d38de1771ccdfc1f93a;b5edc6bf-0784-466e-8dbd-daa791a5e47a
;1949-03-02;dep.pedrofernandes@camara.gov.br;74449;PEDRO FERNANDES RIBEIRO;PEDRO FERNANDES;;M;f6207ec8897459dbeecfdfac959b7b89;cf44d236-a612-469b-9b2b-e8d1e2528f98
;1964-11-30;dep.mandetta@camara.gov.br;160633;LUIZ HENRIQUE MANDETTA;MANDETTA;;M;ba22a03c5c5d9cac52fac5ccc65cf602;1a1bc30f-f157-4863-ab85-4d328538cdf1
;1944-05-27;dep.josuebengtson@camara.gov.br;74351;JOSUÉ BENGTSON;JOSUÉ BENGTSON;;M;e4330a2f737ec6e18104ab4dc98c6eb8;65698db0-f9e6-4dc8-99f1-314228be1cc8
;1966-01-07;dep.viniciuscarvalho@camara.gov.br;141555;VINICIUS RAPOZO DE CARVALHO;VINICIUS CARVALHO;Administrador de Empresas, Advogado(a), Jornalista, Radialista;M;9b358627ce5254ee430d89bdedccc3bc;18b8827a-3a5f-4cc1-b35c-9680be4046a0
;1978-02-06;dep.heulercruvinel@camara.gov.br;160596;HEULER ABREU CRUVINEL;HEULER CRUVINEL;;M;6ace5ec16595e56210cb85b5ef0e5bc3;11b05431-65d1-418a-a1f0-0e1fd5b831d0
;1961-05-06;dep.pauloteixeira@camara.gov.br;141488;LUIZ PAULO TEIXEIRA FERREIRA;PAULO TEIXEIRA;;M;8f96cb1fec49dfa1358c7ffd9006f47a;2653cbe2-d6c4-4771-b2f7-bc29e74f481e
;1962-10-06;dep.carmenzanotto@camara.gov.br;164360;CARMEN EMÍLIA BONFÁ ZANOTTO;CARMEN ZANOTTO;;F;df4015fb313f738caf4d49d60f70bf26;4fb46235-ec6d-4c34-a3d2-814fb3a3e191
;1956-02-05;dep.adiltonsachetti@camara.gov.br;178903;ADILTON DOMINGOS SACHETTI;ADILTON SACHETTI;Arquiteto;M;d2488aea4c792db37a71ef88be6c75f7;a7cba8de-a9c4-413f-a3b0-d0d93b41b986
;1958-07-12;dep.pompeodemattos@camara.gov.br;73486;DARCI POMPEO DE MATTOS;POMPEO DE MATTOS;Advogado(a), Bancário;M;6a8b265a2f7db33991a7e02e9cfff2ef;2db07162-9daf-4166-b38f-1ec021618d74
;1966-07-21;dep.zecacavalcanti@camara.gov.br;178923;JOSE CAVALCANTI ALVES JUNIOR;ZECA CAVALCANTI;;M;546804b5244064793ebba9f31e976bff;7b6a1f0b-7b72-44ec-b1d3-d6e28dc3a790
;1951-02-23;dep.dr.sinvalmalheiros@camara.gov.br;178830;SINVAL MALHEIROS PINTO JÚNIOR;DR. SINVAL MALHEIROS;;M;d082a74b05ba59ce81514ca44da3cae5;1193869d-5207-4771-a3c4-3dec45ca7e81
;1968-05-05;dep.antoniobulhoes@camara.gov.br;141383;ANTONIO CARLOS MARTINS DE BULHÕES;ANTONIO BULHÕES;;M;f385acd8b8d64666bf44d417fb53ccdb;78ca2c6a-d776-4730-b4d3-a4e8599dbdfc
;1951-05-09;dep.jorgecortereal@camara.gov.br;160572;JORGE WICKS CÔRTE REAL;JORGE CÔRTE REAL;;M;21cfe36551f480fe9a985d9e46593127;51d7c40a-069a-497d-b2a5-37165de461b8
;1955-02-25;dep.ezequielteixeira@camara.gov.br;178941;EZEQUIEL CORTAZ TEIXEIRA;EZEQUIEL TEIXEIRA;Advogado(a);M;238f3c270e605fd830968816ef771dcf;49c3c871-c454-4abe-ba5d-b3dd761c1ecc
;1966-01-01;dep.conceicaosampaio@camara.gov.br;178848;MARIA DA CONCEICAO SAMPAIO MOURA;CONCEIÇÃO SAMPAIO;Radialista;F;5200647462a344b4c72c75c35c4e6a70;d2de8438-84e1-4eaf-b91f-55971067ecee
;1950-01-08;dep.afonsomotta@camara.gov.br;178835;AFONSO ANTUNES DA MOTTA;AFONSO MOTTA;Advogado(a);M;0eca4711b6022ab099135f54dfe60590;b5746b19-29a6-4d09-aecd-50cc592c1bc3
;1963-03-10;dep.pedrouczai@camara.gov.br;160604;PEDRO FRANCISCO UCZAI;PEDRO UCZAI;;M;321802179689ac978235e286f191088c;70f3f513-2839-4d41-bb03-3a999293a0d6
;1963-06-21;dep.pauloabiackel@camara.gov.br;141516;PAULO ABI-ACKEL;PAULO ABI-ACKEL;Advogado(a);M;657abb02ed52ac2b3c88271820f8c39c;b510f473-6020-4d34-a4a5-e67ee5be6f6b
;1936-05-24;dep.maurolopes@camara.gov.br;74749;MAURO RIBEIRO LOPES;MAURO LOPES;;M;1c331b867a18e1ba7b5305e771052cb4;e28f10dd-7905-4811-8593-a423906b2579
;1971-03-28;dep.mauricioquintellalessa@camara.gov.br;74050;MAURÍCIO QUINTELLA MALTA LESSA;MAURÍCIO QUINTELLA LESSA;;M;cda73e39f5a065ad9afb20900a857226;561f50ff-fd51-40b6-ad14-05ec705b847d
;1986-11-26;dep.marianacarvalho@camara.gov.br;178956;MARIANA FONSECA RIBEIRO CARVALHO DE MORAES;MARIANA CARVALHO;Bacharel em Direito, Médico(a);F;d5719ef2d0e1961f697c066c704de96d;73a4976b-a86b-49e2-a43c-8446c98f555f
;1961-04-21;dep.carloshenriquegaguim@camara.gov.br;178993;CARLOS HENRIQUE AMORIM;CARLOS HENRIQUE GAGUIM;;M;7925fc63ca78219d75eda048cb3e9636;ffeb73ad-ca88-4783-842e-5310b096fe05
;1962-06-09;dep.bebeto@camara.gov.br;178834;ADALBERTO SOUZA GALVÃO;BEBETO;;M;e82f4f7b33df6acd462238263fa77842;cde34070-ac51-4914-bcdf-268bec006bda
;1976-05-22;dep.joaoarruda@camara.gov.br;160573;JOÃO JOSÉ DE ARRUDA JÚNIOR;JOÃO ARRUDA;;M;940042b910192a5427453493232e8b11;fc524339-02d7-48ec-b974-42749229b712
;1983-06-06;dep.gabrielguimaraes@camara.gov.br;129037;GABRIEL GUIMARÃES DE ANDRADE;GABRIEL GUIMARÃES;;M;0ef078f0b92d1c9e7d08ca8e35ce892f;4de6658a-b119-4dc2-8b11-754df5e658be
;1957-09-12;dep.luizfernandofaria@camara.gov.br;141487;LUIZ FERNANDO RAMOS FARIA;LUIZ FERNANDO FARIA;;M;0477ca3050c822e5b7326166839c6af3;faf4c2a3-158b-46f6-b88a-8e6c7081f7f5
;1984-11-06;dep.juscelinofilho@camara.gov.br;178886;JOSE JUSCELINO DOS SANTOS REZENDE FILHO;JUSCELINO FILHO;Empresário, Médico(a);M;d365b0d59e74749f7d0ce2082bd2303c;e3c0db6c-c020-40a4-b14a-582b399f4d29
;1957-05-26;dep.edmilsonrodrigues@camara.gov.br;134812;EDMILSON BRITO RODRIGUES;EDMILSON RODRIGUES;Professor(a);M;d9bf6fe442672e12269460b42f2cb90b;c33ccd7e-a334-4ebe-98b8-0c3f6e6d588e
;1966-11-10;dep.andrefigueiredo@camara.gov.br;133439;ANDRÉ PEIXOTO FIGUEIREDO LIMA;ANDRÉ FIGUEIREDO;;M;bc77111f8fa874d4ce30c88bbf87e5d6;efb90dc6-59a1-4759-a348-d8939078f65c
;1960-05-28;dep.macedo@camara.gov.br;178867;JOSE MARIA MACEDO JUNIOR;MACEDO;Empresário;M;2babd3af181a4ea8c24d50098ce11aa0;394169e8-19d8-446b-8a35-f8dfffbec9cf
;1969-01-17;dep.antoniobrito@camara.gov.br;160553;ANTONIO LUIZ PARANHOS RIBEIRO LEITE DE BRITO;ANTONIO BRITO;;M;d734ba0e976ad4ae7ea818e58b9a0d7b;7d852de8-0bea-4cf6-801b-dc558e018c71
;1940-06-23;dep.sergioreis@camara.gov.br;178991;SERGIO BAVINI;SÉRGIO REIS;Cantor;M;c719b326f3e6b8f651b87e8f115c7cab;ed357d3b-f79c-4051-afab-aba386c43df6
;1972-06-09;dep.baleiarossi@camara.gov.br;178975;LUIZ FELIPE BALEIA TENUTO ROSSI;BALEIA ROSSI;Empresário;M;d4d31f7fb4c5e096bd6724ce681a14c8;c9cad271-569e-4889-9dd6-c23d87906b19
;1951-04-03;dep.robertobritto@camara.gov.br;141529;ROBERTO PEREIRA DE BRITTO;ROBERTO BRITTO;;M;bbe5b72ef1b59ede478dbe63e7f76c19;0713c6aa-c406-4467-a72e-01849d00ca84
;1963-07-11;dep.adailcarneiro@camara.gov.br;178864;JOSE ADAIL CARNEIRO SILVA;ADAIL CARNEIRO;;M;b70e29bff2f58e1fd864048e4beb5ec1;9ac325f0-b71f-4874-8f7c-d8811198997c
;1987-06-12;dep.marceloaro@camara.gov.br;146788;MARCELO GUILHERME DE ARO FERREIRA;MARCELO ARO;Jornalista;M;3d8c9996fc2e529c6a2c50d5506a56c7;02ddc045-045e-4eb0-9d15-97c1fd20693a
;1959-02-13;dep.joseguimaraes@camara.gov.br;141470;JOSÉ NOBRE GUIMARÃES;JOSÉ GUIMARÃES;;M;a8c19a4ea2b5a75fb4987e9b33a02d92;7c37972e-ec45-4882-820f-d41cfecb6d9e
;1965-10-18;dep.ricardoteobaldo@camara.gov.br;178920;RICARDO TEOBALDO CAVALCANTI;RICARDO TEOBALDO;;M;571a46da68a2dd4cf64a8f5f761a033d;fb5f3951-ab57-4f92-a157-0e9330c64dc3
;1978-12-26;dep.felipebornier@camara.gov.br;141430;FELIPE LEONE BORNIER DE OLIVEIRA;FELIPE BORNIER;;M;3e16bcff990faf918120f2b61bcf105a;4b8c5bb3-2127-442b-a29f-5bdc40279cfb
;1967-09-14;dep.marcelosquassoni@camara.gov.br;118594;MARCELO SQUASSONI;MARCELO SQUASSONI;Bacharel em Direito;M;57c41ef21c00df4eafa73e73b5ecfe61;e35cd69b-c16f-4ab3-a1c6-0bc75f03a377
;1944-05-24;dep.robertobalestra@camara.gov.br;73674;ROBERTO EGÍDIO BALESTRA;ROBERTO BALESTRA;;M;109a32f34c2d6493352547d01e3ac1d4;e81067f8-3372-44d7-a1cf-0c50e66cc2d0
;1957-03-25;dep.domingossavio@camara.gov.br;160758;DOMINGOS SÁVIO CAMPOS RESENDE;DOMINGOS SÁVIO;;M;26027efd249f7e4d66a7538c07f5be6f;a725a4bc-a142-48a2-a50f-47593f440dfd
;1952-11-28;dep.paulomagalhaes@camara.gov.br;74574;PAULO SÉRGIO PARANHOS DE MAGALHÃES;PAULO MAGALHÃES;;M;c2dce304dd45feeba24c856a3d3ad621;06b0e63c-bfdd-4712-a055-428f8cd09bff
;1935-12-08;dep.simaosessim@camara.gov.br;73424;SIMÃO SESSIM;SIMÃO SESSIM;;M;e6950e7cf2a6f0ef63a594ad5e49a44f;1147c168-7891-477c-af0a-d4c536c514d2
;1979-08-22;dep.alexmanente@camara.gov.br;178972;ALEX SPINELLI MANENTE;ALEX MANENTE;Bacharel em Direito;M;95790d526cceac0ff7d0947aa429a486;1a29058a-0486-4a2c-96d7-84d792af9082
;1958-07-28;dep.joaopaulopapa@camara.gov.br;178988;JOAO PAULO TAVARES PAPA;JOÃO PAULO PAPA;Engenheiro, Professor(a);M;dbe3e9b5c862394c98aff5b8dfbbe705;7f256d49-1ad5-4e31-9783-a17600686c99
;1958-08-25;dep.eduardobarbosa@camara.gov.br;74655;EDUARDO LUIZ BARROS BARBOSA;EDUARDO BARBOSA;;M;ed53efc37e0fb95f83f753d9ab2e67f5;1301ab99-cd06-47fe-a357-70d3e8f644e4
;1962-05-26;dep.antoniojacome@camara.gov.br;178950;ANTONIO JACOME DE LIMA JUNIOR;ANTÔNIO JÁCOME;Advogado(a), Médico(a), Teólogo;M;894a58f2b700592ab6608ea9a3859ee5;c1185ecf-417c-4a3f-b0b3-30613aa1c388
;1955-01-03;dep.jorgetadeumudalen@camara.gov.br;73535;JORGE TADEU MUDALEN;JORGE TADEU MUDALEN;;M;ba72072cde69568561b124f07836c834;3f2a9e48-e9ab-4d2b-9474-207dba0fdad6
;1976-11-03;dep.rodrigopacheco@camara.gov.br;178897;RODRIGO OTAVIO SOARES PACHECO;RODRIGO PACHECO;Advogado(a);M;4e3a3fb1ca46b5f33c874ca4d073b663;7d391ca6-d933-4bf3-bdda-2298082ce395
;1979-08-22;dep.joaofernandocoutinho@camara.gov.br;178917;JOAO FERNANDO PONTUAL COUTINHO;JOÃO FERNANDO COUTINHO;;M;bcb329ffc9b79ced7f5075e11bd7bc59;9b036f3f-ab2c-4f59-a26f-bdf30e99bb45
;1949-04-25;dep.ronaldolessa@camara.gov.br;178845;RONALDO AUGUSTO LESSA SANTOS;RONALDO LESSA;Engenheiro Civil;M;4230389313cf51b6d0b65e1641e48bd3;4bad98be-4af1-48f7-bbf9-02430cf2ba8a
;1982-10-14;dep.guilhermemussi@camara.gov.br;160667;GUILHERME MUSSI FERREIRA;GUILHERME MUSSI;;M;a1a4e0cac6bbea6ed1032e68320e5007;eb9d3012-f6e4-4f50-af52-56a726744832
;1968-09-13;dep.altineucortes@camara.gov.br;178937;ALTINEU CÔRTES FREITAS COUTINHO;ALTINEU CÔRTES;Empresário;M;b9fea208134c8c4e1f82578803bcb948;5232fd75-b876-44e2-a53f-3fead9ae8e32
;1959-09-19;dep.celiosilveira@camara.gov.br;178876;CELIO ANTONIO DA SILVEIRA;CÉLIO SILVEIRA;Médico(a);M;1a0625c920a8b41b3f0086957bfee416;29f9e92b-2a29-4d1a-aaf9-2045043f6044
;1978-06-21;dep.zecadirceu@camara.gov.br;160592;JOSÉ CARLOS BECKER DE OLIVEIRA E SILVA;ZECA DIRCEU;;M;36dd559fe2da0ffc1f44d3a02f071e1d;551bbc59-f0ef-4107-9e50-d4a3b62c0bf3
;1947-12-09;dep.josecarlosaleluia@camara.gov.br;74553;JOSÉ CARLOS ALELUIA COSTA;JOSÉ CARLOS ALELUIA;Engenheiro Elétrico, Professor Universitário;M;100005d24c826be0e1f52976aec76a09;e80a95ab-1427-431c-ad22-7c5e74a1db0b
;1966-11-18;dep.juliodelgado@camara.gov.br;73586;JÚLIO CÉSAR DELGADO;JÚLIO DELGADO;;M;e197001045d48a1fcf3a107205c8d6ee;f11f8c72-d58f-47d9-9143-264aaf99e9a3
;1946-04-26;dep.gonzagapatriota@camara.gov.br;74419;LUIZ GONZAGA PATRIOTA;GONZAGA PATRIOTA;;M;fc92b34cc2f1b74953af3b184dcff2e4;5c6c8a7e-df76-48cf-9014-05086f542f27
;1948-05-23;dep.rubensbueno@camara.gov.br;73466;RUBENS BUENO;RUBENS BUENO;;M;c4485801ecca8295839fd6ad4c246882;02327665-a851-49d1-8b1a-bfa7f75f25a7
;1952-03-26;dep.saraivafelipe@camara.gov.br;74762;JOSÉ SARAIVA FELIPE;SARAIVA FELIPE;;M;a0fc3f0cf0f134e5dbfd1338623b893b;5a99350a-1dc8-4836-9618-6e401e15849a
;1977-02-24;dep.fabiomitidieri@camara.gov.br;178969;FABIO CRUZ MITIDIERI;FÁBIO MITIDIERI;;M;c7a46ad01549823f81660e1ec33a46d3;22f3d3e9-1379-4f91-b29b-98b4cb763c3c
;1950-12-18;dep.josenunes@camara.gov.br;160619;JOSÉ NUNES SOARES;JOSÉ NUNES;;M;93f13260ec8f61ebbad05c1e5e5a4dbe;85f14e53-156c-46a8-ab2d-343397fe2999
;1972-12-27;dep.luciovale@camara.gov.br;141484;LÚCIO DUTRA VALE;LÚCIO VALE;;M;eea74c5760f313e17b071430ef02051e;7ac0e577-0cbf-4e23-a7a7-7830aa204b21
;1964-03-06;dep.cabucuborges@camara.gov.br;105112;LUIZ GIONILSON PINHEIRO BORGES;CABUÇU BORGES;Comunicador de Rádio, Economista;M;d9fe6c0ed154f7ce3d3df6347364a2cd;390b8fda-d7d6-4c81-b340-8c7fc44bf743
;1961-11-11;dep.aluisiomendes@camara.gov.br;178881;ALUISIO GUIMARAES MENDES FILHO;ALUISIO MENDES;Funcionário Público Federal;M;b12648455fa547b956c227b72dee0be4;b3083a86-4a1b-4172-9136-6a87117c3a6d
;1975-01-16;dep.sostenescavalcante@camara.gov.br;178947;SOSTENES SILVA CAVALCANTE;SÓSTENES CAVALCANTE;Teólogo;M;421fe1881564798e609b6afc5b9189bd;519afc18-024f-4eb6-bb87-bfcc9230c410
;1954-04-28;dep.marcusvicente@camara.gov.br;74235;MARCUS ANTÔNIO VICENTE;MARCUS VICENTE;Advogado(a), Consultor de Empresas, Engraxate, Gestor Público, Gráfico, Jornaleiro, Representante Comercial, Secretário, Vendedor Autônomo;M;d73eb53527994b68120401ecdb74b55d;4205b039-fd08-4948-b20c-aa490c0ad9df
;1960-01-05;dep.ronaldocarletto@camara.gov.br;178861;RONALDO CARLETTO;RONALDO CARLETTO;Empresário de Transporte;M;75de7a06dc5a7e3edc009d407c1bd6a9;f44af8c3-b891-4ffe-8d4e-f89fef0877a2
;1959-08-28;dep.deley@camara.gov.br;74172;WANDERLEY ALVES DE OLIVEIRA;DELEY;;M;bfb64baa44327e99e1de8fa1b1ed66a0;379260a0-f514-4133-acb7-f1fe88e6d413
;1950-11-22;dep.atilalins@camara.gov.br;74090;ÁTILA SIDNEY LINS ALBUQUERQUE;ÁTILA LINS;;M;5c2d38915382aa0de66b437d97491556;831196b1-ef18-4af3-a6f8-78a4c4d93df1
;1963-04-11;dep.saguasmoraes@camara.gov.br;160630;SÁGUAS MORAES SOUSA;SÁGUAS MORAES;;M;90cc86650f3e53dc81de3df1cd32fa69;95375e24-a14b-4c4b-bbb3-7f2f58ea604e
;1969-02-13;dep.aguinaldoribeiro@camara.gov.br;160527;AGUINALDO VELLOSO BORGES RIBEIRO;AGUINALDO RIBEIRO;;M;763cbe309ac7581476388a53524c117d;e2732853-3d65-466b-a7e2-5d294fa60cd2
;1964-01-29;dep.miguellombardi@camara.gov.br;178985;MIGUEL LOMBARDI;MIGUEL LOMBARDI;Corretor de Imóveis;M;d8e02f3e991b05e1ec87cca8c1d735bb;4f558bd1-957c-4f61-b917-b7c1cf6d02c2
;1987-07-22;dep.jhc@camara.gov.br;178842;JOAO HENRIQUE HOLANDA CALDAS;JHC;;M;2d7daefb91fe8598d1cb3352157d40f5;e72b27be-d595-4515-8e90-4218cfef04b6
;1959-06-08;dep.carloszarattini@camara.gov.br;141398;CARLOS ALBERTO ROLIM ZARATTINI;CARLOS ZARATTINI;;M;c7fdb111874a5404f36f421943d468a1;9809bf07-cc3a-46eb-a27f-5e3e5606509a
;1980-08-31;dep.marionegromontejr@camara.gov.br;178858;MARIO SILVIO MENDES NEGROMONTE JUNIOR;MÁRIO NEGROMONTE JR.;Bacharel em Direito;M;aa8bddf5d0e2cae0e6700f5932354224;80a7ce99-80bf-4b26-83d6-983763dc9d5b
;1957-01-14;dep.giuseppevecci@camara.gov.br;178878;GIUSEPPE VECCI;GIUSEPPE VECCI;Economista;M;f7605c1716702d56c425194b9b49296a;901e1bee-ee09-4dd3-8b26-f0347a62ff7e
;1968-08-30;dep.rogeriorosso@camara.gov.br;160426;ROGÉRIO SCHUMANN ROSSO;ROGÉRIO ROSSO;Advogado(a), Músico;M;7dd2b4ffa19a2798ef9fb9dbb5fa926d;89a39f22-f7c9-4131-825c-d733649e328f
;1956-03-23;dep.paulofeijo@camara.gov.br;74017;PAULO FERNANDO FEIJO TORRES;PAULO FEIJÓ;Engenheiro Mecânico;M;cebd128b02a1771e02f5c4009d37e34a;e5ba8ab2-7691-48b8-9f49-ca51bab22b0c
;1961-07-29;dep.otavioleite@camara.gov.br;141515;OTAVIO SANTOS SILVA LEITE;OTAVIO LEITE;;M;010f1a0f5aa4c9648a4b6989644ceffb;13283437-f373-4b80-b8a2-4c35c7d145de
;1954-03-08;dep.waldenorpereira@camara.gov.br;160569;WALDENOR ALVES PEREIRA FILHO;WALDENOR PEREIRA;;M;d64d2545338ce180101c58d977a9035c;2f774bb2-a0df-427d-a467-abbb17e021f4
;1977-08-08;dep.diegoandrade@camara.gov.br;160588;DIEGO LEONARDO DE ANDRADE CARVALHO;DIEGO ANDRADE;;M;5deb40d7b008913665311d8e703070d0;87deafed-2a4a-46ce-9471-99082f6203e0
;1986-08-21;dep.caionarcio@camara.gov.br;178891;CAIO NARCIO RODRIGUES DA SILVEIRA;CAIO NARCIO;;M;5b49d0acc6bce9a0681020e8cd5a4d97;4c5bbcd7-c3b1-48e4-a1d5-488808ea865b
;1988-10-05;dep.expeditonetto@camara.gov.br;178953;EXPEDITO GONCALVES FERREIRA NETTO;EXPEDITO NETTO;;M;764ff7d7fcdcc28451919bc6e428af37;94e6d857-a510-488e-b59d-c27f31220d39
;1951-03-30;dep.raimundogomesdematos@camara.gov.br;74216;RAIMUNDO GOMES DE MATOS;RAIMUNDO GOMES DE MATOS;;M;d0834c558ec848be7ee9b55a6ea5ef0f;e69929f2-e7db-41a5-bef7-7885ab3d5474
;1942-07-23;dep.nelsonmeurer@camara.gov.br;73781;NELSON MEURER;NELSON MEURER;Agropecuarista;M;7f6c54b41a747618e71b5b31d6d3fc81;2f1133e5-4081-480e-83d0-71a9c43bf6f4
;1975-04-27;dep.betinhogomes@camara.gov.br;178915;HEBERTE LAMARCK GOMES DA SILVA;BETINHO GOMES;Engenheiro Agrônomo;M;491d0297d2b18912f376b88e106fea6f;be028243-4e4c-4dae-8b7d-ac93ee4bed52
;1978-08-14;dep.robertosales@camara.gov.br;178944;ROBERTO DA SILVA SALES;ROBERTO SALES;Administrador, Corretor de Imóveis;M;6a732b5f970f3c75cf38a679f019d8eb;cd49e638-21fa-4aa1-8eb9-c124905d7ce3
;1961-12-22;dep.fabioramalho@camara.gov.br;141427;FÁBIO AUGUSTO RAMALHO DOS SANTOS;FÁBIO RAMALHO;;M;8f115737fdad35f915df686093a780db;62c0193f-c2eb-4a19-a705-5e1351eb7290
;1955-02-19;dep.angelim@camara.gov.br;178837;RAIMUNDO ANGELIM VASCONCELOS;ANGELIM;Economista;M;7601bab2d81df06ad026445c9f4accde;fc751e8f-6da3-43ad-84fa-77d74b9f5ac7
;1964-01-08;dep.mauromariani@camara.gov.br;141507;MAURO MARIANI;MAURO MARIANI;;M;1bc33ea9e375b79aa993e22ed887705f;362fc387-4a8d-4ed7-8a7b-3c79b31e25c8
;1957-07-09;dep.bacelar@camara.gov.br;69871;JOAO CARLOS BACELAR BATISTA;BACELAR;Administrador;M;16702149ae74ef50384b529c68f8c2c0;d6b712bf-b760-4d92-8a46-943d980932c3
;1972-03-30;dep.geovaniadesa@camara.gov.br;178966;GEOVANIA DE SA RODRIGUES;GEOVANIA DE SÁ;Administrador de Empresas;F;244270d9328b8d970d4abe1f040bd12a;428d6ecf-ae31-4815-a66c-c9418b356c55
;1949-08-03;dep.marcosmontes@camara.gov.br;141500;MARCOS MONTES CORDEIRO;MARCOS MONTES;;M;f999faac64591c38b8b3d68781b686b4;fec3be34-8921-4d21-a91f-d85952e61bf1
;1960-02-23;dep.christianedesouzayared@camara.gov.br;178928;CHRISTIANE DE SOUZA YARED;CHRISTIANE DE SOUZA YARED;;F;858b03cf695e7284c70439a20f8c7e21;31fe45e9-7f62-4cab-9032-feecebbe5df0
;1965-12-29;dep.lucianasantos@camara.gov.br;160628;LUCIANA BARBOSA DE OLIVEIRA SANTOS;LUCIANA SANTOS;;F;311c7f1fc8e8a4b8b810de3462fa1b8b;39f52fe7-f36e-47ff-8a00-7df17c870fe8
;1988-08-15;dep.pedrocunhalima@camara.gov.br;178912;PEDRO OLIVEIRA CUNHA LIMA;PEDRO CUNHA LIMA;Advogado(a);M;739671de73474399cc69f42079074251;23477410-6e4e-42a8-9bf1-339486b704ce
;1947-04-07;dep.atilalira@camara.gov.br;74459;ÁTILA FREITAS LIRA;ÁTILA LIRA;;M;c0f1c291dec74d587b1f0d819617c764;50ae0ec5-17f9-42a7-a0c1-be7e2158ac33
;1972-04-02;dep.evairvieirademelo@camara.gov.br;178871;EVAIR VIEIRA DE MELO;EVAIR VIEIRA DE MELO;;M;f7cd8a126ce42e53d6f0d70927dcda39;ece9e56f-ef30-4ba0-8966-39cb942a32e4
;1963-09-19;dep.eduardocury@camara.gov.br;178977;EDUARDO PEDROSA CURY;EDUARDO CURY;Engenheiro Mecânico;M;c444e2c3cbc4526f85e07cdba9b96fb2;5c6d10d2-bc7b-4e45-9936-e7683e3eb211
;1962-05-10;dep.josinunes@camara.gov.br;114941;JOSINIANE BRAGA NUNES;JOSI NUNES;Professor Universitário, Psicólogo;F;83898add40286cf02279eae4ab470bc2;ad8c046e-2489-46ce-a795-9cbf8c059525
;1960-01-18;dep.henriquefontana@camara.gov.br;73482;HENRIQUE FONTANA JÚNIOR;HENRIQUE FONTANA;;M;49fddfccb24d1ed9b3a7e36d70ad545c;03d69f5d-375d-49e8-a0d5-11f6e8123e07
;1954-03-10;dep.cesarhalum@camara.gov.br;160576;CESAR HANNA HALUM;CÉSAR HALUM;;M;6c80b0ab7db1d138409279a525b0effb;73b6d39b-6146-4ebb-bc44-38a4892a482f
;1964-01-22;dep.vanderloubet@camara.gov.br;74376;VANDER LUIZ DOS SANTOS LOUBET;VANDER LOUBET;;M;fee017ba7c7a35670a19728bc51290ef;3a5dcfcc-502f-495d-9e1d-5a12aef91808
;1956-04-07;dep.izalcilucas@camara.gov.br;4931;IZALCI LUCAS FERREIRA;IZALCI LUCAS;;M;0520c9db58beae40163e62d169baaf09;fe4c3e3b-a550-40b9-bceb-291a11a7adb1
;1987-07-25;dep.covattifilho@camara.gov.br;178963;LUIS ANTONIO FRANCISCATTO COVATTI;COVATTI FILHO;;M;8648278b8bf7c90484397c28c275d6bb;13b44476-c27b-4ef3-9512-c67c2d5aae9e
;1958-04-09;dep.luizsergio@camara.gov.br;74688;LUIZ SÉRGIO NÓBREGA DE OLIVEIRA;LUIZ SÉRGIO;;M;3c64832030ebc2362a4085de84ee8d22;2b6e5af8-0ffc-4401-8000-7cc8090327b3
;1979-03-18;dep.efraimfilho@camara.gov.br;141422;EFRAIM DE ARAÚJO MORAIS FILHO;EFRAIM FILHO;;M;0f1b0d954ea735d5be92e1d4547d3e9f;f93711fb-e142-4437-99dc-25666c1e5323
;1951-06-08;dep.luizcarlosramos@camara.gov.br;178802;LUIZ CARLOS RAMOS;LUIZ CARLOS RAMOS ;;M;880451d9062b3861975e276c0e51e200;3ef628c8-49be-4741-80c3-eb0186cabd70
;1960-10-06;dep.marcosreategui@camara.gov.br;178852;MARCOS JOSE REATEGUI SOUZA;MARCOS REATEGUI;;M;1c045789376055d34a37e35425ea4da7;648f0839-4e6b-47a8-8520-2b9216215953
;1972-10-17;dep.eduardodafonte@camara.gov.br;141421;EDUARDO HENRIQUE DA FONTE DE ALBUQUERQUE SILVA;EDUARDO DA FONTE;;M;bc4d2efaf4b19995cb3cb37ca68903e7;c285c496-660d-4e66-be42-81014e667411
;1972-06-29;dep.pedropaulo@camara.gov.br;122158;PEDRO PAULO CARVALHO TEIXEIRA;PEDRO PAULO;;M;ac237d700b586f3d6b6c8dd78137ea46;d367d434-56e0-4bac-b7a6-368e8dbe3e7d
;1956-07-09;dep.gilbertonascimento@camara.gov.br;74270;GILBERTO NASCIMENTO SILVA;GILBERTO NASCIMENTO;Advogado(a), Delegado de Polícia;M;5698034c757a41fed114b31a1f516df2;b6008df0-c626-4c67-a0b6-9b5beae4edb1
;1973-03-03;dep.evandroroman@camara.gov.br;178930;EVANDRO ROGERIO ROMAN;EVANDRO ROMAN;Professor de Educação Física;M;d22e02389a9501d65fde0fccaff43960;3bb256aa-5d78-4ee0-997a-738b25a23171
;1961-12-21;dep.zegeraldo@camara.gov.br;73931;JOSÉ GERALDO TORRES DA SILVA;ZÉ GERALDO;;M;f9feeca054d7eafc619d3072700229fe;b8008d5e-d761-4d8c-825a-cde4fe20bf8a
;1961-06-11;dep.miltonmonti@camara.gov.br;74787;MILTON ANTONIO CASQUEL MONTI;MILTON MONTI;;M;2220e48ce42bc3e43edffe9b935ca9b4;ef335ce2-954d-497d-becf-ffa4a579f777
;1956-08-04;dep.herculanopassos@camara.gov.br;178981;HERCULANO CASTILHO PASSOS JUNIOR;HERCULANO PASSOS;Empresário;M;dd3d2da8e406804cd363fd2b8bf1d0e0;9cc694cb-f81c-480f-92c3-89e0a16e7072
;1959-09-26;dep.edmararruda@camara.gov.br;160578;EDMAR DE SOUZA ARRUDA;EDMAR ARRUDA;;M;cf5eaf501f514a35175cd51f7f5d5e12;ca497a06-efd9-4c7e-97da-f05a81402c23
;1979-04-13;dep.leodebrito@camara.gov.br;178825;LEONARDO CUNHA DE BRITO;LEO DE BRITO;Advogado(a), Professor de Direito;M;6d0d1ccd8ceab530cd2909822a0c0f68;0aba892d-6215-4b37-8cb8-f2f6844110fd
;1973-06-21;dep.professoramarcivania@camara.gov.br;160641;MARCIVANIA DO SOCORRO DA ROCHA FLEXA;PROFESSORA MARCIVANIA;;F;42f65a194015bd9f60eaadcd9737e989;6d71bae9-e0fe-4c54-96c3-ff4d27226354
;1961-12-02;dep.joaquimpassarinho@camara.gov.br;178910;JOAQUIM PASSARINHO PINTO DE SOUZA PORTO;JOAQUIM PASSARINHO;Arquiteto;M;06c829def4c2e33cd70cf3fbca598c9a;0f279465-e786-4138-af59-3b64605371b1
;1979-08-22;dep.victormendes@camara.gov.br;178888;CARLOS VICTOR GUTERRES MENDES;VICTOR MENDES;Advogado(a);M;ef4b364a41d424765751a8d70382c997;f6ad720d-a5fc-4163-9e8d-9078dd6e1eff
;1963-05-11;dep.zesilva@camara.gov.br;160632;JOSÉ SILVA SOARES;ZÉ SILVA;;M;2a98ac377317ee88f2f170f50a5cfba0;42a372d2-207c-4d67-a066-da2077650f4f
;1955-04-20;dep.geraldoresende@camara.gov.br;74374;GERALDO RESENDE PEREIRA;GERALDO RESENDE;;M;080c28b7ea211c22ab127f97849ac3d4;f98a30d9-7bdc-4b32-95bd-a3aad3ad91af
;1955-11-05;dep.jorgeboeira@camara.gov.br;74388;JORGE CATARINO LEONARDELI BOEIRA;JORGE BOEIRA;;M;0e86aee1dcde259e51a01aed947c92a6;d76a742a-a638-4562-84bf-ab99b225d8e6
;1957-02-21;dep.joseairtoncirilo@camara.gov.br;141464;JOSÉ AIRTON FÉLIX CIRILO DA SILVA;JOSÉ AIRTON CIRILO;;M;330de0cf46d187f0bf5208eee7104c8a;ba466790-ae96-4133-831c-751789932530
;1953-06-07;dep.anibalgomes@camara.gov.br;74212;ANÍBAL FERREIRA GOMES;ANÍBAL GOMES;;M;f5423abcf850afb27c1a7ccb42568e94;fe09accb-9d6e-48c5-9a57-e47803483697
;1960-12-14;dep.delegadoedermauro@camara.gov.br;178908;EDER MAURO CARDOSO BARRA;DELEGADO ÉDER MAURO;;M;e16d900de2320e6fa16b015b5da10bb5;319a5e60-f1c8-477a-9eb1-2fcab6858789
;1949-11-29;dep.leopoldomeyer@camara.gov.br;160663;LEOPOLDO COSTA MEYER;LEOPOLDO MEYER;;M;11026fc69749c83006e546e00a9be42f;54715b1e-a135-45e1-b86c-51b66cc2e52d
;1971-11-13;dep.flavinho@camara.gov.br;178978;FLAVIO AUGUSTO DA SILVA;FLAVINHO;Apresentador de Televisão, Cantor, Compositor, Empresário, Escritor, Locutor;M;a7ab84489812f405a044cbc12692f363;b16b8d53-2272-4ab9-95fd-bccbd2846d71
;1956-04-08;dep.vicentinho@camara.gov.br;74283;VICENTE PAULO DA SILVA;VICENTINHO;;M;2d0dccc054c561f9e32add86825157f5;6acd298e-3d94-4d75-866d-0b4c77fa3dde
;1963-12-02;dep.josepriante@camara.gov.br;74079;JOSÉ BENITO PRIANTE JÚNIOR;JOSÉ PRIANTE;;M;c51870081b36daaa092acf7f4b25d4b4;5242f183-ab15-4643-b300-2dc97fe462c1
;1984-04-11;dep.sheridan@camara.gov.br;178961;SHÉRIDAN ESTÉRFANY OLIVEIRA DE ANCHIETA;SHÉRIDAN;Psicólogo;F;5f6ac7f9d5e7c619873db82bf7476a53;5391db40-8821-4a4f-908e-963be38a01e9
;1957-11-08;dep.cesarsouza@camara.gov.br;73720;César Antonio de Souza;CESAR SOUZA;Apresentador de Televisão, Comunicador de Rádio, Empresário;M;2ad9058d9da1478741d1dfaf47fe7122;99e15b0e-6959-48b3-8657-642e666f8464
;1959-04-04;dep.ronaldofonseca@camara.gov.br;160637;RONALDO FONSECA DE SOUZA;RONALDO FONSECA;;M;c3f81b276b37d5a1394bc2296e0092bd;d7c90469-4087-485e-88fd-bef4bc48d632
;1954-09-23;dep.caetano@camara.gov.br;178853;LUIZ CARLOS CAETANO;CAETANO;Farmacêutico Bioquímico;M;f1ab2af912e8e66e5b9f589d3f8497d4;4440983f-47c6-430d-80fa-43f21ab16e49
;1973-04-02;dep.reginaldolopes@camara.gov.br;74161;REGINALDO LÁZARO DE OLIVEIRA LOPES;REGINALDO LOPES;;M;106a0619c1bfa7f4bb3c2db3d4a7ac8b;31ad8cb2-1d4a-4e95-954b-b353e509f8e5
;1978-07-31;dep.viniciusgurgel@camara.gov.br;160591;VINICIUS DE AZEVEDO GURGEL;VINICIUS GURGEL;;M;bd0c1c8bce2deb8e4ba77e50d954de12;8042de4e-a289-4f9a-bc39-c9b53636ca27
;1968-08-01;dep.ricardoizar@camara.gov.br;160655;RICARDO IZAR JUNIOR;RICARDO IZAR;;M;68eea86ef668e00a42268e42df984855;b31e10eb-47f2-4061-9850-b37a60e296ae
;1956-02-06;dep.rubensotoni@camara.gov.br;74371;RUBENS OTONI GOMIDE;RUBENS OTONI;;M;420f4ddb2581512ad3de8a62efb100b4;4dfc3acf-c477-4c31-92c7-78f983d5ed28
;1945-12-30;dep.arnaldofariadesa@camara.gov.br;73434;ARNALDO FARIA DE SÁ;ARNALDO FARIA DE SÁ;;M;99e2cd799069cdcd75e2d4958a82ee38;a5c1a1bc-c554-4bfb-9293-784668e5707e
;1963-12-24;dep.andressanchez@camara.gov.br;178974;ANDRES NAVARRO SANCHEZ;ANDRES SANCHEZ;Administrador;M;a3035b1ff9dfbf723ac7addf141e29e4;13fe5fb2-4242-4322-bec7-74e7f3dc26b8
;1976-01-20;dep.jeronimogoergen@camara.gov.br;160570;JERÔNIMO PIZZOLOTTO GOERGEN;JERÔNIMO GOERGEN;;M;b06a6a4ac784ae91f25fa8c7baf06c13;0357b049-147f-4c75-8c8a-68a798d3b2c3
;1974-05-10;dep.rodrigogarcia@camara.gov.br;88950;RODRIGO GARCIA;RODRIGO GARCIA;;M;c7c90f4aad2c48feb992ea286d172032;25a867e4-0f9b-4c13-bdf7-629b083b6139
;1962-07-16;dep.laudiviocarvalho@camara.gov.br;178894;LAUDIVIO ALVARENGA CARVALHO;LAUDIVIO CARVALHO;Jornalista;M;e08abbb462f90bacbdeebc171e7c6edd;be6bdbcd-b085-48bf-9baf-cf3e80d445bc
;1965-11-01;dep.marinaldorosendo@camara.gov.br;178919;MARINALDO ROSENDO DE ALBUQUERQUE;MARINALDO ROSENDO;Empresário;M;510ed63c5e9bc576f8afb11e7a698e21;6c21d8df-9731-4e16-96c5-9e8bf6a9a96d
;1963-10-10;dep.celsopansera@camara.gov.br;72912;CELSO PANSERA;CELSO PANSERA;;M;8c96ec7db2b3309cc9ab3b6bbb5b96d8;5eaa2696-f56d-4de1-9bc1-d8fba6fde098
;1956-06-02;dep.albertofraga@camara.gov.br;73579;JOÃO ALBERTO FRAGA SILVA;ALBERTO FRAGA;Coronel da Polícia Militar;M;85768e0331492457b015dfafeca64527;0adbaf75-51c5-453c-9cdd-5f18f675b225
;1948-09-30;dep.josementor@camara.gov.br;74275;JOSÉ MENTOR GUILHERME DE MELLO NETTO;JOSÉ MENTOR;;M;61290196575717e07095696d958f52d4;a27ab432-0185-46df-8cc1-f1791ad33247
;1978-07-07;dep.marcosrogerio@camara.gov.br;167722;MARCOS ROGÉRIO DA SILVA BRITO;MARCOS ROGÉRIO;;M;d6dbb732217ddbbbb9d03e6e01e03a02;a8a36706-8b29-4297-944b-589b185f9604
;1954-06-21;dep.lelocoimbra@camara.gov.br;141562;WELINGTON COIMBRA;LELO COIMBRA;;M;8e63406af4a1ddc5c7fd4ff5d4e7e087;673c3015-2370-4076-8ced-9f0c7a1ca255
;1964-01-16;dep.wladimircosta@camara.gov.br;73930;WLADIMIR AFONSO DA COSTA RABELO;WLADIMIR COSTA;;M;12012db83c5389ec2596c64e9bd0f472;75f4ded8-6921-4a9b-956b-489a7c5d3570
;1959-05-16;dep.aliceportugal@camara.gov.br;74057;ALICE MAZZUCO PORTUGAL;ALICE PORTUGAL;;F;ae911369ccfabeabe8ffbc665b182154;f6f7b746-752d-4374-9535-6f68775211f8
;1970-06-12;dep.rodrigomaia@camara.gov.br;74693;RODRIGO FELINTO IBARRA EPITÁCIO MAIA;RODRIGO MAIA;;M;00c0142ed0db09167efe6a3dd3522e02;8d3b9137-31f0-4051-bd08-947b88837a58
;1953-06-17;dep.jaimemartins@camara.gov.br;74665;JAIME MARTINS FILHO;JAIME MARTINS;;M;53402eba3b100e7931c95e73fad4a1c7;99d07b44-d56c-4830-afa7-d89308ce1c1b
;1979-02-17;dep.aureo@camara.gov.br;160512;AUREO LIDIO MOREIRA RIBEIRO;AUREO;;M;f9a952bca37424441f976f582eeba0dd;933cd236-fa1e-4a8d-8a04-e2cde64f1bba
;1975-04-01;dep.leonardoquintao@camara.gov.br;141482;LEONARDO LEMOS BARROS QUINTÃO;LEONARDO QUINTÃO;;M;060e404b5575573289795ffd4b6758ff;6d64c941-9d06-4ad0-b6ee-cbaa976b7840
;1963-11-26;dep.rogeriomarinho@camara.gov.br;141535;ROGÉRIO SIMONETTI MARINHO;ROGÉRIO MARINHO;;M;264dc4715ef9cad383026f602d0a419e;91dfb84e-5eb3-4543-86d1-086b7b8d314a
;1954-09-30;dep.marioheringer@camara.gov.br;74158;MÁRIO LÚCIO HERINGER;MÁRIO HERINGER;;M;64ef5702c6373204ada199f23dec9970;01a2b0ee-7e21-4fff-871c-78d2302e0876
;1961-07-22;dep.andredepaula@camara.gov.br;74471;ANDRÉ CARLOS ALVES DE PAULA FILHO;ANDRÉ DE PAULA;;M;9461abeaf44c02bd97b59126f4d05865;9aff7839-e5df-4233-90f5-71ce9f6d9d11
;1977-06-29;dep.fabiogarcia@camara.gov.br;178905;FABIO PAULINO GARCIA;FABIO GARCIA;Engenheiro Civil;M;32e48237b73d84a66d462e018ece3877;441833ef-f64e-4854-8fc0-874535ba1619
;1962-12-28;dep.joaocampos@camara.gov.br;74366;JOÃO CAMPOS DE ARAÚJO;JOÃO CAMPOS;;M;c33c51a0a46ba1d930c562ce330021f7;38ad724d-2272-4f28-b149-e5b7cb511437
;1970-12-12;dep.marciomarinho@camara.gov.br;150418;MÁRCIO CARLOS MARINHO;MÁRCIO MARINHO;;M;ef1c91a895fb0b013d800b4000fd8242;5bc1d72a-64f5-4c92-86c2-6eb1c639a278
;1956-04-30;dep.paulofoletto@camara.gov.br;160517;PAULO ROBERTO FOLETTO;PAULO FOLETTO;Médico(a);M;8a659559d8c3a014edded032a5884814;b575f88d-78dd-4f32-b6c8-c5f05caaf801
;1971-07-15;dep.rodrigodecastro@camara.gov.br;141531;RODRIGO BATISTA DE CASTRO;RODRIGO DE CASTRO;;M;7ff2addbca73f387320ee0177a64d198;9d4640f5-cfa6-43ff-9fc9-f554c46e8f4c
;1964-09-26;dep.carlosandrade@camara.gov.br;178958;CARLOS AUGUSTO ANDRADE SILVA;CARLOS ANDRADE;Administrador, Eletricitário;M;34e4631eea70a67761e4696a341636c6;54760c8e-ea8d-43ff-ba2d-44573cc660db
;1951-07-07;dep.betomansur@camara.gov.br;73437;PAULO ROBERTO GOMES MANSUR;BETO MANSUR;;M;f5da5917ec0aa3ea5dee93c2be68e476;1a50c88f-964d-45c0-8bfb-5fe9aac8a9b9
;1960-02-09;dep.niltoncapixaba@camara.gov.br;74359;NILTON BALBINO;NILTON CAPIXABA;Empresário;M;0c8dd49c92afceeec92df328c42b881b;ee242996-d9aa-4009-b28c-f1d9f56cb86e
;1980-04-11;dep.renzobraz@camara.gov.br;160654;RENZO DO AMARAL BRAZ;RENZO BRAZ;Administrador de Empresas;M;980a891d1e52bff1757ab5c34981b76f;183760a9-0331-4964-898d-9196c78f8c04
;1977-02-27;dep.elizianegama@camara.gov.br;178883;ELIZIANE PEREIRA GAMA MELO;ELIZIANE GAMA;Jornalista;F;f9879eb338130f378de3a6644b661f5d;29233a42-8bf9-4959-aa8f-11c888680e94
;1972-05-10;dep.cleberverde@camara.gov.br;141408;CLEBER VERDE CORDEIRO MENDES;CLEBER VERDE;;M;a38f8faaa42b37daabb2ed8f1e4ad8ea;03533c65-6bc9-4548-823c-bb4e07850930
;1960-10-01;dep.renatomolling@camara.gov.br;141527;RENATO DELMAR MOLLING;RENATO MOLLING;;M;30bdc0e62144df9389337ee77ccbfe94;1d3a6394-05d8-446b-b3ed-8ed681696f77
;1954-10-03;dep.onyxlorenzoni@camara.gov.br;74399;ONYX DORNELLES LORENZONI;ONYX LORENZONI;Empresário, Médico Veterinário;M;1544dee6b2f5f0a332fcd75161f2a5b9;405393e2-9a4b-4e9c-8d82-84d3a91d3d25
;1971-05-27;dep.orlandosilva@camara.gov.br;178987;ORLANDO SILVA DE JESUS JUNIOR;ORLANDO SILVA;;M;3f27842bde17df44fd5466ddb4293a6b;dc862ef2-c53b-456a-aac6-985c664d4be9
;1963-11-29;dep.felixmendoncajunior@camara.gov.br;160666;FELIX DE ALMEIDA MENDONÇA JÚNIOR;FÉLIX MENDONÇA JÚNIOR;;M;2d63e952da99ebabbaf7b07d2cab82e2;7bb81bcf-8686-480c-ae1e-80150148bb87
;1958-01-31;dep.marcotebaldi@camara.gov.br;160536;MARCO ANTONIO TEBALDI;MARCO TEBALDI;;M;26935d8759f5c2e9bc613d6d2ee5578c;6387ee59-f273-4072-9610-86c7c687c5c7
;1959-05-18;dep.vitorlippi@camara.gov.br;178992;VITOR LIPPI;VITOR LIPPI;Médico(a);M;b1d40871058570efea3e6241b50d2d91;e4d73d6c-412b-455e-a61e-fd1344985440
;1964-10-26;dep.jeffersoncampos@camara.gov.br;74273;JEFFERSON ALVES DE CAMPOS;JEFFERSON CAMPOS;;M;2cb2da5dbf1c5b992850d334ccad0a44;a0067fb3-bb94-4b8d-a0a4-412b2b9a2538
;1983-02-03;dep.irajaabreu@camara.gov.br;81232;IRAJÁ SILVESTRE FILHO;IRAJÁ ABREU;;M;f8367a58a21274b73ba55a33cbfea2d6;7f9a0f5f-5ec9-498e-bffc-f9d44ad73338
;1971-02-15;dep.marcosabrao@camara.gov.br;178880;MARCOS ABRAO RORIZ SOARES DE CARVALHO;MARCOS ABRÃO;Economista, Empresário na Área Pecuarista;M;e6f653b83460a5be82e20ec3f82e0d0e;1e6e40e1-1584-4857-98b8-4334b711d843
;1992-01-30;dep.ulduricojunior@camara.gov.br;178863;ULDURICO ALENCAR PINTO;ULDURICO JUNIOR;Estudante Universitário;M;3940242633026385882471beac41425f;274ebd60-e134-4e05-add5-afe07beb5c35
;1960-08-21;dep.luizclaudio@camara.gov.br;178955;LUIZ CLAUDIO PEREIRA ALVES;LUIZ CLÁUDIO;Professor(a), Técnico Agrícola;M;761a2f45c1264df4984d27b3746766a0;8a3af263-7608-45e2-97b1-8ac15074bffd
;1950-06-10;dep.margaridasalomao@camara.gov.br;171619;MARIA MARGARIDA MARTINS SALOMÃO;MARGARIDA SALOMÃO;;F;5064f885a4b963b6f642b487c6b5211d;a522668b-9d9e-46d2-afe5-607c24a3985c
;1953-07-27;dep.augustocarvalho@camara.gov.br;73655;AUGUSTO SILVEIRA DE CARVALHO;AUGUSTO CARVALHO;;M;27a203d6f11354816ecef815bca66d84;963170ea-e4d7-4d28-9406-2d3fc2770c9c
;1968-11-18;dep.luiziannelins@camara.gov.br;178866;LUIZIANNE DE OLIVEIRA LINS;LUIZIANNE LINS;Jornalista, Professor Universitário;F;2e516b9534ebdf8dfd4dd946d9d89c9d;26cb619e-d35c-4007-90e2-47e04576a6f6
;1962-11-19;dep.luciovieiralima@camara.gov.br;94931;LÚCIO QUADROS VIEIRA LIMA;LUCIO VIEIRA LIMA;;M;0cc358710869a4826e384deed8a1298f;8e52179f-73b1-4437-8290-ffea51f941d5
;1978-01-21;dep.ronaldomartins@camara.gov.br;122466;RONALDO MANCHADO MARTINS;RONALDO MARTINS;Músico, Radialista;M;d4b05a26311d58b4ba4168b01f9230f9;1767b53f-7ed8-4e1e-b924-07987ad0e45c
;1950-02-24;dep.zecadopt@camara.gov.br;178902;JOSE ORCIRIO MIRANDA DOS SANTOS;ZECA DO PT;Bancário;M;7548bf78c349f70b2301b412dbf84e5d;036eee28-1788-4b55-a7b4-2808124e7501
;1958-04-25;dep.hermesparcianello@camara.gov.br;73772;HERMES PARCIANELLO;HERMES PARCIANELLO;;M;8655814ad93c811de70a6278340fe563;fcb10a09-1f5c-498a-b28e-e35a25651f60
;1964-06-11;dep.alexcanziani@camara.gov.br;73458;ALEX CANZIANI SILVEIRA;ALEX CANZIANI;;M;fc78e716ebf790d1e53bc25f898caf74;9fcffe68-8426-4297-b17a-d4596400d277
;1952-03-25;dep.nilsonpinto@camara.gov.br;74352;NILSON PINTO DE OLIVEIRA;NILSON PINTO;Geólogo;M;9c52673053a66cf7505ddae463a38bab;5b7e9603-3250-404e-bf04-d07808378983
;1964-12-17;dep.valmirassuncao@camara.gov.br;160610;VALMIR CARLOS DA ASSUNÇÃO;VALMIR ASSUNÇÃO;;M;1ffe0258247a72aa43c30170b881c678;eef1a28b-46ec-426b-8651-ad91d2e70874
;1950-08-31;dep.toninhowandscheer@camara.gov.br;178934;ANTONIO WANDSCHEER;TONINHO WANDSCHEER;Engenheiro Civil;M;aec348b11fb457518639f35d192ae366;98a74249-4b09-4ad5-896a-bbe24498306e
;1973-04-07;dep.alexandrevalle@camara.gov.br;178936;ALEXANDRE VALLE CARDOSO;ALEXANDRE VALLE;;M;8f63e36aae1915085f4751957e5a41f0;3905a85e-1410-4f2f-8d5e-db20ee6378a8
;1955-10-14;dep.jutahyjunior@camara.gov.br;74570;JUTAHY MAGALHÃES JÚNIOR;JUTAHY JUNIOR;;M;41ef4193015a9f85c59f503cbed8d307;4fab45bf-b0f5-4764-9b11-5b182505d112
;1980-02-27;dep.walteralves@camara.gov.br;178952;WALTER PEREIRA ALVES;WALTER ALVES;Administrador;M;4132da1db6a2d2df426d7dcf022d7a3a;6e121cc5-e88b-4b82-865f-80914581d7d5
;1966-10-04;dep.capitaoaugusto@camara.gov.br;178829;JOSE AUGUSTO ROSA;CAPITÃO AUGUSTO;Policial Militar;M;7f5da35dd52920e6e35ecf785971fb61;45283460-736a-4258-8f34-502105d755ba
;1963-04-08;dep.tadeualencar@camara.gov.br;178922;FRANCISCO TADEU BARBOSA DE ALENCAR;TADEU ALENCAR;Procurador;M;9a7f95e662f838db19127c3395ebb101;e5683115-a493-49e5-8b64-ceca7e9b7634
;1970-03-02;dep.juniormarreca@camara.gov.br;178885;ANTONIO DA CRUZ FILGUEIRA JUNIOR;JUNIOR MARRECA;Advogado(a);M;7e9a64a82f8aa932220826ea4d56c0a8;8b9db88b-a641-490d-96e1-f42fbc4d4908
;1982-09-11;dep.fabiosousa@camara.gov.br;178877;FABIO FERNANDES DE SOUSA;FÁBIO SOUSA;Apresentador de Televisão, Gestor Público, Pastor, Radialista;M;e13b716d704905f1561a66c5c17dd0bb;8b8feec5-8bd3-4c5b-b904-1b7a217be542
;1981-06-02;dep.joaoderly@camara.gov.br;178965;JOAO DERLY DE OLIVEIRA NUNES JUNIOR;JOÃO DERLY;;M;6bee26e6d341296b86abd8ca87ee3615;813737a7-b439-4637-b73a-903616bc0acc
;1961-04-11;dep.jorgesolla@camara.gov.br;178857;JORGE JOSE SANTOS PEREIRA SOLLA;JORGE SOLLA;Médico(a);M;53cb63df3fce48951096b385c52d0790;65736c33-c41b-41f9-8e31-c78cb54e5556
;1959-04-06;dep.juliolopes@camara.gov.br;74253;JULIO LUIZ BAPTISTA LOPES;JULIO LOPES;;M;0813ea21188896b0fe638aae33028fdd;601c315c-88e9-44ef-8f0f-aab396126517
;1949-04-09;dep.luiznishimori@camara.gov.br;162332;LUIZ HILOSHI NISHIMORI;LUIZ NISHIMORI;;M;2cde5c79f3c4ccef8630df8026faac11;ebb17821-e707-4c29-b1c1-6b7f52e22896
;1953-08-30;dep.celsomaldaner@camara.gov.br;141405;CELSO MALDANER;CELSO MALDANER;;M;dbe830c8bffce8880994d263ab9acfda;0a3c19e5-edf2-446b-83a5-e48e96b2550f
;1979-10-08;dep.wevertonrocha@camara.gov.br;167493;WEVERTON ROCHA MARQUES DE SOUSA;WEVERTON ROCHA;;M;1f1c62ef9b4ef360b9885fdd225dcf25;33c75cc1-ecc0-49a8-b91c-ee01130a3d71
;1955-03-23;dep.lucianoducci@camara.gov.br;178931;LUCIANO DUCCI;LUCIANO DUCCI;Médico(a);M;baa38f0a7dd2d566734ca4c738dbde33;bb9c936e-2d53-419b-b4fe-d6e857d8ce67
;1980-10-01;dep.valadaresfilho@camara.gov.br;141384;ANTÔNIO CARLOS VALADARES FILHO;VALADARES FILHO;;M;4bfbda1c20ab069a5da485a8db056533;33757dd1-ec20-4cfb-8c7c-fdc89474016e
;1962-03-20;dep.majorolimpio@camara.gov.br;178826;SERGIO OLIMPIO GOMES;MAJOR OLIMPIO;;M;7359222244b5c2679a8818913b6e2431;597d962e-2023-4deb-97e5-dfba44d80516
;1980-11-28;dep.jessicasales@camara.gov.br;178839;JESSICA ROJAS SALES;JÉSSICA SALES;Médico Ginecologista e Obstetra;F;690887900e9febb3329a9305d0f4511d;9cf9862e-95ae-43e7-81c6-16daef220c07
;1974-02-16;dep.marceloalvaroantonio@camara.gov.br;179000;MARCELO HENRIQUE TEIXEIRA DIAS;MARCELO ÁLVARO ANTÔNIO;Empresário;M;f6bf81384ac9974440e6a33306016d54;15763687-5d3c-47b6-9bd0-56a2befbae4d
;1962-12-15;dep.silascamara@camara.gov.br;74356;SILAS CÂMARA;SILAS CÂMARA;;M;0c64aaff51340c13b8b506fa142c058a;84ba4e70-7525-419c-a1ca-f4df2d44fd82
;1955-07-21;dep.dagobertonogueira@camara.gov.br;141411;DAGOBERTO NOGUEIRA FILHO;DAGOBERTO NOGUEIRA;Administrador de Empresas, Advogado(a);M;18f39351fac4b6e3558d110edb4fa999;b50681ac-8543-452e-ae64-7430b41a204b
;1957-10-14;dep.givaldocarimbao@camara.gov.br;74558;GIVALDO DE SÁ GOUVEIA;GIVALDO CARIMBÃO;;M;cd899f2321f07182d7ada4fbfe26460d;7c3e106e-0d55-412b-83e6-62e664f99cf3
;1951-10-09;dep.leonardomonteiro@camara.gov.br;74156;JOSÉ LEONARDO COSTA MONTEIRO;LEONARDO MONTEIRO;;M;8f6a3fcf2127e4f546e10d2d26d77c79;3fbdacb8-6600-4b6b-8ba3-7961ba85cf5c
;1949-10-15;dep.valdircolatto@camara.gov.br;74010;VALDIR COLATTO;VALDIR COLATTO;;M;41bc325650f3af8d99cd9887fac69318;91873e08-0298-46f9-bc71-e91feda6c12c
;1967-09-28;dep.maragabrilli@camara.gov.br;160565;MARA CRISTINA GABRILLI;MARA GABRILLI;;F;0ae2cd939ac4624efb8e52ed61134295;e45c9d9d-2ef3-411d-b3e8-5b1c4049d523
;1982-06-26;dep.glauberbraga@camara.gov.br;152605;GLAUBER DE MEDEIROS BRAGA;GLAUBER BRAGA;;M;c0761224b107e62ec4dd671d35dfab8b;7e08aa95-246e-41ed-a610-00aa85f4bb28
;1977-09-30;dep.jonymarcos@camara.gov.br;178971;JONY MARCOS DE SOUZA ARAUJO;JONY MARCOS;Radialista;M;a8ec4004ffb11823e3484569ce25b2f2;8d5b01ee-c738-4b93-8c31-13b9a2bf8c04
;1959-05-19;dep.wellingtonroberto@camara.gov.br;74043;JOSÉ WELLINGTON ROBERTO;WELLINGTON ROBERTO;Empresário;M;783f078095f422a3baef3ba445a6780f;52fc1bcb-aefd-4432-a582-5b6bd32c3cba
;1967-04-06;dep.simonemorgado@camara.gov.br;178911;SIMONE MARIA MORGADO FERREIRA;SIMONE MORGADO;Auditor-fiscal, Economista;F;724decace47f64055198df04713731a8;3f619905-0603-4c36-bd8b-afff046c6acd
;1954-11-27;dep.zenaidemaia@camara.gov.br;178949;ZENAIDE MAIA CALADO PEREIRA DOS SANTOS;ZENAIDE MAIA;Médico(a);F;5c8a568464ac4a081a6534a6f5ddd6e6;883376db-e18b-4fd2-ab2b-ec5899b4ec93
;1958-09-01;dep.daniloforte@camara.gov.br;62881;FRANCISCO DANILO BASTOS FORTE;DANILO FORTE;;M;a611de286f6a342263c4c0b56216a888;5e664095-5ba0-40bb-bdc7-a1056705c6c2
;1966-04-23;dep.iracemaportella@camara.gov.br;67138;IRACEMA MARIA PORTELLA NUNES NOGUEIRA LIMA;IRACEMA PORTELLA;;F;58fa6c67945cdd48d47625e960698c58;7160961d-e17b-4b9b-9aeb-a8e75f913886
;1963-01-14;dep.pauloazi@camara.gov.br;178860;PAULO VELLOSO DANTAS AZI;PAULO AZI;Administrador de Empresas, Engenheiro Civil;M;4167beb2862be52eeda4d9d94ae013d0;ade2367e-0f72-4701-a09e-fc37827ecc4b
;1955-08-04;dep.waldirmaranhao@camara.gov.br;141558;WALDIR MARANHÃO CARDOSO;WALDIR MARANHÃO;;M;ff4eae2ce878069a130cd5ab99c1fc91;85906afc-08b3-48a4-99f8-7041a90ad330
;1961-10-17;dep.assisdocouto@camara.gov.br;74378;ASSIS MIGUEL DO COUTO;ASSIS DO COUTO;;M;6bfd4e4e97cc0366bdb2229655aa714e;bff3e224-9214-4037-a6e2-35e253060b57
;1961-04-30;dep.professorvictoriogalli@camara.gov.br;148134;VICTORIO GALLI FILHO;PROFESSOR VICTÓRIO GALLI;;M;76806d1fc0f06eb5839dab8a1347f582;af121daf-50ae-468e-9ff9-f29873000e5e
;1947-04-02;dep.darcisioperondi@camara.gov.br;73891;DARCÍSIO PAULO PERONDI;DARCÍSIO PERONDI;;M;1977657f91e423c1c902b97f9d2eb475;dca76fbf-ee43-45db-b24a-3d15cf7f768a
;1970-03-26;dep.delegadofrancischini@camara.gov.br;160646;FERNANDO DESTITO FRANCISCHINI;DELEGADO FRANCISCHINI;;M;df67099abb0f296af86adf7d4674d596;1bb52c6c-1f56-4b95-afc2-5db331ca63a9
;1989-04-18;dep.alexandreleite@camara.gov.br;160545;ALEXANDRE LEITE DA SILVA;ALEXANDRE LEITE;;M;5f916e54188bc05318af71a94b5f8702;cf57707b-dd58-4b3d-b78b-150055f7b7c2
;1953-12-23;dep.goulart@camara.gov.br;178980;ANTONIO GOULART DOS REIS;GOULART;Empresário;M;ee250c18adbab5eeea5f8e7370500401;bde7147c-9539-4e61-b77e-73187ace1fc4
;1963-03-13;dep.geneciasnoronha@camara.gov.br;160669;GENECIAS MATEUS NORONHA;GENECIAS NORONHA;;M;afac7447b99191d53a51822a4290398a;1b5d36e7-cce2-4dd6-922a-00f46d8e66fa
;1975-08-24;dep.welitonprado@camara.gov.br;160518;WELITON FERNANDES PRADO;WELITON PRADO;;M;b38d09788cd6118b4af2e0688f50ca15;8b04df49-41cb-40a6-8683-b25e3a801d2f
;1962-09-12;dep.pastoreurico@camara.gov.br;160642;FRANCISCO EURICO DA SILVA;PASTOR EURICO;Comunicador de Rádio, Pastor Evangélico;M;6f059c556ae39135ae9e016ec2b74458;7d9f340f-8ac2-4067-b6f5-315c44cd64c1
;1957-08-11;dep.josestedile@camara.gov.br;160607;JOSE LUIZ STÉDILE;JOSE STÉDILE;;M;ab8a8fc9b6bade57b3de922c6ca7b76c;d4c1045d-e9ce-4f6e-8aa4-fc1f789c0924
;1972-10-12;dep.pr.marcofeliciano@camara.gov.br;160601;MARCO ANTÔNIO FELICIANO;PR. MARCO FELICIANO;;M;898fe6600e18afd432299b80d37ff805;81f9e375-81e5-4cbc-b973-8f8ade3d4110
;1963-07-24;dep.raquelmuniz@camara.gov.br;178998;TANIA RAQUEL DE QUEIROZ MUNIZ;RAQUEL MUNIZ;Médico(a), Professor de Medicina;F;1e988ec5a4eb9a53b9c2ee3528ade31a;20ee48cd-a2e3-42d5-9fdb-b79808d25408
;1957-09-15;dep.paulao@camara.gov.br;171617;PAULO FERNANDO DOS SANTOS;PAULÃO;;M;4697711dec20e79750412e6804146c05;c4742ee8-ea01-49c3-aa10-576e8a0a1da9
;1954-09-24;dep.pauderneyavelino@camara.gov.br;74095;PAUDERNEY TOMAZ AVELINO;PAUDERNEY AVELINO;Engenheiro Civil, Professor(a);M;5055f193727d2166212763d456929b50;b755197c-4c9b-4fed-bebb-ed5d691992da
;1979-11-11;dep.newtoncardosojr@camara.gov.br;178896;NEWTON CARDOSO JUNIOR;NEWTON CARDOSO JR;;M;40237fd8ba4f54842d31f2f0ea506689;9790773c-005e-482b-83dc-5f66dd82ab07
;1964-09-22;dep.adelsonbarreto@camara.gov.br;178968;ADELSON BARRETO DOS SANTOS;ADELSON BARRETO;Jornalista, Radialista;M;fe89dffa250a3c5a416e387ffa9cfbde;c3c7713c-41cc-4e54-9dbc-d593426e1fd2
;1965-05-01;dep.tiririca@camara.gov.br;160976;FRANCISCO EVERARDO OLIVEIRA SILVA;TIRIRICA;;M;9f1afc4935178c6ad9e7db16a4908939;aeee4e11-c840-49cd-b109-6ebbf26da083
;1958-12-04;dep.sorayasantos@camara.gov.br;178946;SORAYA ALENCAR DOS SANTOS;SORAYA SANTOS;Advogado(a);F;9cce67ad09d30704bb5aec7d6690860f;0ffac02f-2ae1-4f25-89b8-d3df471cfa1d
;1957-05-17;dep.jandirafeghali@camara.gov.br;74848;JANDIRA FEGHALI;JANDIRA FEGHALI;;F;f910adae62ee97280ae7de4b40829176;fef32f48-b98f-4484-8c0b-044513117349
;1958-02-10;dep.adalbertocavalcanti@camara.gov.br;178914;ADALBERTO CAVALCANTI RODRIGUES;ADALBERTO CAVALCANTI;Administrador de Empresas;M;a1b4e1be75373eeee9e4bd632e38f885;5267d8a4-b98a-4beb-9599-22ac3ca187ca
;1952-04-10;dep.goretepereira@camara.gov.br;129618;MARIA GORETE PEREIRA;GORETE PEREIRA;;F;086c05a4246f07d21cea8354bc9b8284;ede393d2-1de4-43f1-8abf-c4bd40e77f26
;1959-04-16;dep.delegadoedsonmoreira@camara.gov.br;178893;EDSON MOREIRA DA SILVA;DELEGADO EDSON MOREIRA;Advogado(a), Delegado de Polícia Civil, Policial Militar, Professor de Direito;M;f46fe28cb618facfc576ca9e5435f1d5;ef7abbf1-6976-4696-af09-93c722b09ce2
;1957-10-15;dep.miguelhaddad@camara.gov.br;178984;MIGUEL MOUBADDA HADDAD;MIGUEL HADDAD;Advogado(a);M;4425601e0a568feefec112a136912b51;e0f5404d-e590-468d-91b1-8a4e84168006
;1956-02-24;dep.paulopereiradasilva@camara.gov.br;141518;PAULO PEREIRA DA SILVA;PAULO PEREIRA DA SILVA;;M;bd52443cc735ff8fa931d0c2260c1105;fc7ac14b-1771-4549-8eb2-6cb7b1d49d56
;1949-05-12;dep.janetecapiberibe@camara.gov.br;73926;JANETE MARIA GÓES CAPIBERIBE;JANETE CAPIBERIBE;;F;fd29d30c0da433c5339499590934185f;0e18c285-ca7e-4b6d-9943-322f3fd94137
;1959-04-15;dep.laerciooliveira@camara.gov.br;151208;LAERCIO JOSÉ DE OLIVEIRA;LAERCIO OLIVEIRA;;M;1e20dc2c0a392615dfd151b740138cd5;0a0ee0a2-df54-4702-9b6a-210197dc4a7c
;1952-01-26;dep.patrusananias@camara.gov.br;74160;PATRUS ANANIAS DE SOUSA;PATRUS ANANIAS;Advogado(a), Professor(a), Servidor Público;M;3894991ec381df75e50674602ed4b972;2db61df1-0066-45de-b3a2-9ec6ba7f1152
;1951-06-04;dep.jovairarantes@camara.gov.br;73666;JOVAIR DE OLIVEIRA ARANTES;JOVAIR ARANTES;;M;bd8333f6c13dbe58b8770a87f4f595c5;985f7c80-5588-4b4d-98aa-a13fe366936c
;1961-09-09;dep.assiscarvalho@camara.gov.br;159237;FRANCISCO DE ASSIS CARVALHO GONÇALVES;ASSIS CARVALHO;;M;d1a600d1a5a5a968880a0ba710122553;e3c985ec-2ad4-4e40-9b19-de489d9fef56
;1939-03-19;dep.josereinaldo@camara.gov.br;73714;José Reinaldo Carneiro Tavares;JOSÉ REINALDO;Administrador Público, Engenheiro;M;a19c98515867e337902a89098c1bb012;071ac2d4-a4b6-4bd9-a985-b1fe16e905fe
;1964-04-09;dep.valmirprascidelli@camara.gov.br;113247;VALMIR PRASCIDELLI;VALMIR PRASCIDELLI;;M;25dfc0be7c347bef94079c31ad957177;f0254296-61af-4204-9d68-68ed52edce68
;1964-03-08;dep.heldersalomao@camara.gov.br;178873;HELDER IGNACIO SALOMAO;HELDER SALOMÃO;Professor(a);M;646e16bdbf70f31f71fdf5431e9ee305;5823343a-efca-4c1b-b6eb-3fbb11f03c25
;1961-03-27;dep.enioverri@camara.gov.br;132504;ENIO JOSÉ VERRI;ENIO VERRI;;M;c2045c2a9076413255d89585e8a5b742;50938d05-cb3f-4dc0-b81b-49b934de913e
;1941-10-29;dep.nelsonmarquezelli@camara.gov.br;73553;NELSON MARQUEZELLI;NELSON MARQUEZELLI;;M;f6a39183d6ec6a2381117f8412fa7f67;5b73330c-7fab-4945-84e7-c7a119cebaa8
;1973-12-21;dep.cristianebrasil@camara.gov.br;93472;CRISTIANE BRASIL FRANCISCO;CRISTIANE BRASIL;Advogado(a);F;d42cc461b142661e92bafeab96beba82;5cb0bcbf-8dc3-42f7-b4b1-54fcfb267ba7
;1947-12-21;dep.esperidiaoamin@camara.gov.br;160649;ESPERIDIÃO AMIN HELOU FILHO;ESPERIDIÃO AMIN;Administrador, Advogado(a), Professor Universitário;M;87638b8893b286de5290dd98d0d4af8f;f1d263d6-09d4-4b48-839d-2e25918161d0
;1962-11-28;dep.delegadowaldir@camara.gov.br;164359;WALDIR SOARES DE OLIVEIRA;DELEGADO WALDIR;;M;2603e4b9ccd72401e9f1a81a0a9a2311;eae434b3-c976-477a-8c66-93a882b5755b
;1955-01-21;dep.danielalmeida@camara.gov.br;74060;DANIEL GOMES DE ALMEIDA;DANIEL ALMEIDA;;M;0451666d8448753cee9014aeff861ff5;e4a854a8-7ec7-4f04-91a0-c1c74021094e
;1977-09-01;dep.fabiofaria@camara.gov.br;141428;FÁBIO SALUSTINO MESQUITA DE FARIA;FÁBIO FARIA;;M;9940fbb9e429fe991f2ac0bf84d3a37c;c395e543-e51a-47bf-a40d-07626f090c29
;1959-11-17;dep.vicentecandido@camara.gov.br;160622;VICENTE CÂNDIDO DA SILVA;VICENTE CANDIDO;;M;860147c35cbaed9920f3de7aa28082de;54b19c4b-1239-4403-895d-a093731cfdcb
;1989-09-11;dep.hugomotta@camara.gov.br;160674;HUGO MOTTA WANDERLEY DA NÓBREGA;HUGO MOTTA;;M;36b2f7c46582100c98db274f30ce66d2;e050214d-c246-4e1e-935c-7590ccf8f6f9
;1942-08-23;dep.jarbasvasconcelos@camara.gov.br;131943;Jarbas de Andrade Vasconcelos;JARBAS VASCONCELOS;Advogado(a), Funcionário Público;M;27cb858867fc9c7dda1840755c51bf94;99aa39d0-de6f-40f4-ba06-d0f8b041b98e
;1983-09-03;dep.jhonatandejesus@camara.gov.br;160531;JOHNATHAN PEREIRA DE JESUS;JHONATAN DE JESUS;;M;fd74bb11ed8f111c3dd0afc198dc368e;1457f239-f9b1-4c72-8dae-6334ec27afe8
;1961-12-15;dep.aeltonfreitas@camara.gov.br;141372;AELTON JOSÉ DE FREITAS;AELTON FREITAS;Empresário, Engenheiro Agrônomo, Produtor Rural;M;98911d3cdfdea21f0727f24324716a4c;896e95c1-30a6-4544-bc5f-9d20348142cb
;1962-08-06;dep.hugoleal@camara.gov.br;141450;HUGO LEAL MELO DA SILVA;HUGO LEAL;;M;008cf653b53e3d22ea197459325382d2;ae50cf2b-d5a9-41ae-b366-7482125b989e
;1984-07-10;dep.eduardobolsonaro@camara.gov.br;92346;EDUARDO NANTES BOLSONARO;EDUARDO BOLSONARO;Policial Federal;M;477a254231e44ace6594c9967ba5f797;4d21b019-0e5b-40e6-a8af-61b9c54dc6b2
;1969-06-25;dep.arthurlira@camara.gov.br;160541;ARTHUR CÉSAR PEREIRA DE LIRA;ARTHUR LIRA;;M;40e0f7ef3222b01fb15dfe1d9227e652;f624f5a0-fd04-44bc-8b08-781a348623df
;1960-10-01;dep.deciolima@camara.gov.br;141413;DÉCIO NERY DE LIMA;DÉCIO LIMA;;M;ad8da3706a48a019d2e233c732aeaa99;3ed3ff77-b1b2-47a2-b1fd-70d53a163b13
;1945-02-13;dep.luizcouto@camara.gov.br;74041;LUIZ ALBUQUERQUE COUTO;LUIZ COUTO;;M;b20401fcf0665b7aa80bf7adbd9579a0;e897c865-038c-4b59-b933-602c60dc4d1d
;1960-10-15;dep.afonsoflorence@camara.gov.br;160508;AFONSO BANDEIRA FLORENCE;AFONSO FLORENCE;;M;be2b6bff6bdce7b743c2bc9a46e43282;ad4c1149-23f3-44dd-9368-8e0a742b6872
;1949-05-25;dep.adelmocarneiroleao@camara.gov.br;178890;ADELMO CARNEIRO LEAO;ADELMO CARNEIRO LEÃO;Professor(a);M;74357723030a17509289969d1421aa99;2af7dae9-de56-4c79-973c-8ab3d2b1f68d
;1963-12-15;dep.dulcemiranda@camara.gov.br;178994;DULCE FERREIRA PAGANI MIRANDA;DULCE MIRANDA;;F;032330384cefa018eccf2b62df939e7b;fb52b8d7-d5ec-4913-b0ba-34ec3a7c7f67
;1950-10-08;dep.luizcarloshauly@camara.gov.br;73778;LUIZ CARLOS JORGE HAULY;LUIZ CARLOS HAULY;;M;2892a01c9e7f86df392c287436ca36cc;dd8d41a5-01b3-42ac-8949-6ead9b21f055
;1952-06-03;dep.dr.jorgesilva@camara.gov.br;160643;JORGE SILVA;DR. JORGE SILVA;;M;bbf7c7fc4f9ebd28a6651245bec8e3db;440ef210-cba4-4d2b-b3c5-a937c9b9e563
;1963-02-08;dep.roneynemer@camara.gov.br;178870;RÔNEY TANIOS NEMER;RÔNEY NEMER;Servidor Público Estadual;M;46f55dae7d1a73ec6c494c3187d1128b;4fe175c5-610f-45cd-816b-4ab986947fc0
;1979-03-26;dep.joziaraujo@camara.gov.br;178851;JOZIANE ARAÚJO NASCIMENTO;JOZI ARAÚJO;Empresária;F;cc657edc2ed1f6e66c64595b7d2be870;ea42b601-53aa-4d65-8e41-1b174885f67b
;1972-12-12;dep.wolneyqueiroz@camara.gov.br;74439;WOLNEY QUEIROZ MACIEL;WOLNEY QUEIROZ;;M;96fed180292df8fbfca1e89b36c18541;1d1f10eb-3e25-4562-9baf-456a6bc325d9
;1952-04-17;dep.ricardotripoli@camara.gov.br;141472;JOSÉ RICARDO ALVARENGA TRIPOLI;RICARDO TRIPOLI;;M;18a8b20e198e0e5a8429c4b1ffb13cae;df1b197c-45f6-45b7-bb02-01da9c0e5c43
;1972-06-13;dep.carlosgomes@camara.gov.br;178962;ANTONIO CARLOS GOMES DA SILVA;CARLOS GOMES;;M;47b543dc3a294d53128adfe3add912bf;35046c14-9b95-45be-955d-f24db44ed913
;1967-03-23;dep.joaorodrigues@camara.gov.br;160571;JOÃO RODRIGUES;JOÃO RODRIGUES;;M;a4fabe6cea8833fa796281ea92fcfa44;b9306144-cd66-4479-84b6-a306a6aabc3b
;1984-03-16;dep.rubenspereirajunior@camara.gov.br;178887;RUBENS PEREIRA E SILVA JUNIOR;RUBENS PEREIRA JÚNIOR;Advogado(a);M;66e20d01b9b08c8f36eec26aca39e633;a9980328-04d6-4b4e-a705-3760dff93782
;1966-11-22;dep.mariadorosario@camara.gov.br;74398;MARIA DO ROSÁRIO NUNES;MARIA DO ROSÁRIO;;F;64528dfffa37938544c595f5ba9ce394;a325d836-3044-4aeb-b1fe-d08627edc171
;1961-08-11;dep.odoricomonteiro@camara.gov.br;178868;LUIZ ODORICO MONTEIRO DE ANDRADE;ODORICO MONTEIRO;Médico(a);M;bf25e20c0be5f8f96911c6f79ddb7003;f9ff12c5-ca5e-4420-9c40-769ddc95d92e
;1957-12-09;dep.helioleite@camara.gov.br;178909;HELIO LEITE DA SILVA;HÉLIO LEITE;Corretor de Imóveis;M;df9368b57a34f6519653aff6e355f098;4b2ec7e1-0e60-4f68-abed-83534476d6b0
;1973-05-23;dep.dimasfabiano@camara.gov.br;160599;DIMAS FABIANO TOLEDO JÚNIOR;DIMAS FABIANO;;M;e0d1e61e0036939b7af3edaf2bc5c978;bf017f80-ce6f-4ea1-9d3f-414f205d6dd3
;1953-02-11;dep.chicodangelo@camara.gov.br;141439;FRANCISCO JOSÉ D'ANGELO PINTO;CHICO D'ANGELO;;M;61f66fdcf3f702e39119ca146cfb9d1e;2371f59b-8e73-428a-b627-44905121e210
;1979-11-03;dep.cacaleao@camara.gov.br;93083;CARLOS FELIPE VAZQUEZ DE SOUZA LEÃO;CACÁ LEÃO;Administrador;M;6c937ac640034ba75878372bc5e24d99;e90df3fa-9a10-4b20-a0af-84d6e86ab63b
;1965-01-29;dep.eriveltonsantana@camara.gov.br;99654;ERIVELTON LIMA SANTANA;ERIVELTON SANTANA;;M;9eb592a766eea0d17e0dad3dd56a7ad9;b7553861-bf3d-4997-a0b2-c9a93f123249
;1948-05-23;dep.osmarserraglio@camara.gov.br;73463;OSMAR JOSÉ SERRAGLIO;OSMAR SERRAGLIO;Advogado(a), Professor Universitário;M;b683fed21bc97cfb97dee76415fe677c;4a1dacec-891f-4f6c-a10d-0341b8978d08
;1972-03-15;dep.brunoaraujo@camara.gov.br;141394;BRUNO CAVALCANTI DE ARAÚJO;BRUNO ARAÚJO;;M;c4fb876551ffbb0c910f738048ccf97c;8eab9b44-9624-477e-a306-07063fb202ba
;1934-11-30;dep.luizaerundina@camara.gov.br;74784;LUIZA ERUNDINA DE SOUSA;LUIZA ERUNDINA;;F;15b0c0db25954935f07116f5d3e83102;c0dd424a-17c5-4427-ac30-f566b386153b
;1961-06-08;dep.sergiobrito@camara.gov.br;73808;SÉRGIO LUÍS LACERDA BRITO;SÉRGIO BRITO;;M;c4b778dbfd4451855f345dcdee986ffd;5b314afe-413c-47d0-9d9a-6670635e68e8
;1960-05-27;dep.robertoalves@camara.gov.br;152610;BENEDITO ROBERTO ALVES FERREIRA;ROBERTO ALVES;Gestor Público;M;76cfe839d60b2d7ab9f1e8d7580818b1;525325a1-6017-4798-be79-ace27e804d98
;1947-02-11;dep.lazarobotelho@camara.gov.br;141480;LÁZARO BOTELHO MARTINS;LÁZARO BOTELHO;;M;6075e2656ace7921d96c066dc9949a14;265672b3-046a-4ffb-8604-f1874631df91
