org:role;sen:DataDesfiliacao;sen:DataFiliacao;sen:SiglaPartido;slp:resource_uri
ebf7f8f0-1b0a-4662-9ed8-c9bb19936ec0;;2015-02-01;PDT;0577ae6b-9fa4-4ff0-ac19-9dd5cd3598d1
ebf7f8f0-1b0a-4662-9ed8-c9bb19936ec0;;2004-02-14;PP;b2ec603a-26b8-4e59-8a59-624d2f0973ac
ebf7f8f0-1b0a-4662-9ed8-c9bb19936ec0;2004-02-13;1999-02-01;PFL;3cf1400f-9fe7-4552-99ac-d0a4a52a1510
ebf7f8f0-1b0a-4662-9ed8-c9bb19936ec0;;2011-02-03;PR;da9f5ea7-2636-4240-af94-94e0df597ae9
ebf7f8f0-1b0a-4662-9ed8-c9bb19936ec0;;2011-02-03;DEM;89a85f62-3dce-499c-a72a-0917f5bf5240
ebf7f8f0-1b0a-4662-9ed8-c9bb19936ec0;;2015-02-01;PDT;5d602564-ea0f-4b99-86fe-7ed822778f85
ebf7f8f0-1b0a-4662-9ed8-c9bb19936ec0;;1999-02-01;PSDB;70e5af79-d369-4e74-b4ad-4decab26ef97
ebf7f8f0-1b0a-4662-9ed8-c9bb19936ec0;;2015-02-01;PV;27187447-24a0-4e48-900d-5207e5ce37f5
ebf7f8f0-1b0a-4662-9ed8-c9bb19936ec0;;2015-02-01;PMDB;3bd6d232-08e8-4654-acdb-a46a77de65ba
ebf7f8f0-1b0a-4662-9ed8-c9bb19936ec0;;2011-01-27;PR;5401befb-466d-4949-890c-5969d74233e2
ebf7f8f0-1b0a-4662-9ed8-c9bb19936ec0;2011-01-26;1999-05-04;S/Partido;b6b29723-30d8-4829-950a-38ce80648eaa
ebf7f8f0-1b0a-4662-9ed8-c9bb19936ec0;;2015-02-01;PSC;1bde4f42-c239-45fe-a764-63a199d51464
ebf7f8f0-1b0a-4662-9ed8-c9bb19936ec0;;2015-02-01;PSD;1a7c58a5-044d-46ca-ad5f-6720401af1a6
ebf7f8f0-1b0a-4662-9ed8-c9bb19936ec0;;2003-06-02;PP;d33c0fe9-6fb3-4aed-b165-ad6322c9a9d6
ebf7f8f0-1b0a-4662-9ed8-c9bb19936ec0;2003-06-01;2003-04-08;PPB;a18eb2af-feb2-4efc-aadd-679632f1ef9d
ebf7f8f0-1b0a-4662-9ed8-c9bb19936ec0;2003-04-07;2003-02-01;PTB;6ad6adf3-8c57-4e8b-af56-94a4a7cd1456
ebf7f8f0-1b0a-4662-9ed8-c9bb19936ec0;;2015-02-01;PSD;1d14da80-1ea2-4935-9dc3-a3cdb75ab8ab
ebf7f8f0-1b0a-4662-9ed8-c9bb19936ec0;;1999-02-01;PSDB;1e0560dc-a43f-4c4c-8054-b4bc6abcba50
ebf7f8f0-1b0a-4662-9ed8-c9bb19936ec0;;2015-02-01;PRB;98cfd849-495a-491a-9edd-6737bc28f93d
ebf7f8f0-1b0a-4662-9ed8-c9bb19936ec0;;2011-02-03;PMDB;0bc391dd-d68d-4ac5-b63d-ac9d0befd523
ebf7f8f0-1b0a-4662-9ed8-c9bb19936ec0;;2011-02-03;PT;8da8e9e2-58ab-4e79-aa1e-8a6ddc4251f2
ebf7f8f0-1b0a-4662-9ed8-c9bb19936ec0;;2017-04-17;PDT;52ebd4e9-82aa-4721-8a46-aa0b030fec3a
ebf7f8f0-1b0a-4662-9ed8-c9bb19936ec0;2017-04-14;2007-03-15;PT;3893d4d8-373e-4c5f-8a0d-61f94430b751
ebf7f8f0-1b0a-4662-9ed8-c9bb19936ec0;2007-03-14;2007-02-01;PTC;e674f22c-16a8-4e47-b30d-5619c06f13a3
ebf7f8f0-1b0a-4662-9ed8-c9bb19936ec0;;2017-02-01;PMDB;0d8feadd-2d8a-47ed-bbad-5e734aae3787
ebf7f8f0-1b0a-4662-9ed8-c9bb19936ec0;2017-01-31;2016-04-05;PTB;e588354d-4cd9-4fa5-b94b-fc90c1308efa
ebf7f8f0-1b0a-4662-9ed8-c9bb19936ec0;2016-04-04;2016-03-28;S/Partido;1bb684ce-110d-4393-9f0c-33bb07d34436
ebf7f8f0-1b0a-4662-9ed8-c9bb19936ec0;2016-03-27;2011-07-11;PDT;9f4329c6-b2fd-4e77-a74b-d13f6219463e
ebf7f8f0-1b0a-4662-9ed8-c9bb19936ec0;2011-07-10;2007-08-02;S/Partido;8b43d06e-101a-4a45-b9b2-73e418ffe6b9
ebf7f8f0-1b0a-4662-9ed8-c9bb19936ec0;2007-08-01;1999-02-01;PFL;b07a7797-9fca-426e-9c61-c01a8b80ae8e
ebf7f8f0-1b0a-4662-9ed8-c9bb19936ec0;;2005-03-23;PMDB;e2cdd48b-ac4f-4d78-a3d8-a673e17483db
ebf7f8f0-1b0a-4662-9ed8-c9bb19936ec0;;2011-02-03;PDT;5cfff644-9746-4383-8b9d-986870a5e7a3
ebf7f8f0-1b0a-4662-9ed8-c9bb19936ec0;;2015-09-15;PP;4075b128-0352-441f-9b8f-73ec79d2a79e
ebf7f8f0-1b0a-4662-9ed8-c9bb19936ec0;2015-09-14;2011-02-03;DEM;8acad641-1a97-455e-b307-7d9fcefda87c
ebf7f8f0-1b0a-4662-9ed8-c9bb19936ec0;;2003-02-01;PMDB;559190b8-3cac-4aa5-a6bb-aeab56b588e7
ebf7f8f0-1b0a-4662-9ed8-c9bb19936ec0;;2011-02-01;PR;e62d5852-606a-4778-8766-0800839e1002
ebf7f8f0-1b0a-4662-9ed8-c9bb19936ec0;2011-01-31;2006-12-20;S/Partido;7c4d880a-d9cf-4ca9-b2b1-7a77fdcb6934
ebf7f8f0-1b0a-4662-9ed8-c9bb19936ec0;2006-12-19;1999-02-01;PL;3a8be23b-f9e1-424b-9ac0-0dd0999e525e
ebf7f8f0-1b0a-4662-9ed8-c9bb19936ec0;;2016-03-29;S/Partido;813bd7ed-a3e9-4159-bb39-382ddaabd3b1
ebf7f8f0-1b0a-4662-9ed8-c9bb19936ec0;2016-03-28;1999-02-01;PT;bb063ffa-7785-46c8-abc2-e1857015c43f
ebf7f8f0-1b0a-4662-9ed8-c9bb19936ec0;;2011-02-03;PT;6689182c-8797-43fb-bdf6-5a62da7e8787
ebf7f8f0-1b0a-4662-9ed8-c9bb19936ec0;;2011-01-31;PT;9c951888-b36f-4a29-8de3-c33793b46ad0
ebf7f8f0-1b0a-4662-9ed8-c9bb19936ec0;;2015-02-01;PSB;3fda8291-21dd-49f6-8af8-8627b883dcd1
ebf7f8f0-1b0a-4662-9ed8-c9bb19936ec0;2015-01-31;1999-02-01;PDT;5d2907d7-d019-4e98-a974-830bd1e199b7
ebf7f8f0-1b0a-4662-9ed8-c9bb19936ec0;;2007-02-01;PMDB;3fcd0cee-d7e6-4896-bd66-3bdb5a5a542e
ebf7f8f0-1b0a-4662-9ed8-c9bb19936ec0;;2014-12-30;PR;cde6452d-519e-418e-8979-1183dd5518f7
ebf7f8f0-1b0a-4662-9ed8-c9bb19936ec0;2014-12-29;2013-10-01;SD;457b0598-ba53-462e-adb3-a234cff8b6d8
ebf7f8f0-1b0a-4662-9ed8-c9bb19936ec0;2013-09-30;2011-01-27;PR;dc1a25ef-2437-4857-a733-1b3b8c36579a
ebf7f8f0-1b0a-4662-9ed8-c9bb19936ec0;2011-01-26;2011-01-26;S/Partido;81a64b0a-dcde-49fc-b8cc-23a53a739d08
ebf7f8f0-1b0a-4662-9ed8-c9bb19936ec0;2011-01-25;2007-02-01;PSDB;c9b198b3-a5fa-4476-9fe5-0fac33790d33
ebf7f8f0-1b0a-4662-9ed8-c9bb19936ec0;;1999-02-01;PMDB;643d14f3-a02e-4ef1-bff6-da9acdac824d
ebf7f8f0-1b0a-4662-9ed8-c9bb19936ec0;;2008-03-26;PSC;e55960a1-dc57-4126-943e-a2108f330a63
ebf7f8f0-1b0a-4662-9ed8-c9bb19936ec0;;1999-02-01;PCdoB;292a8cb2-a3bc-4f20-9c09-9cad15405170
ebf7f8f0-1b0a-4662-9ed8-c9bb19936ec0;;2003-02-01;PMDB;6d336c0e-fef5-40b5-8e3a-c31a9ef33dee
ebf7f8f0-1b0a-4662-9ed8-c9bb19936ec0;;2011-02-03;PSDB;c9c1823a-d7be-4ed8-a332-5a30ead770d1
ebf7f8f0-1b0a-4662-9ed8-c9bb19936ec0;;2011-02-03;PT;c52c1398-7be8-4539-b1d3-99ec579729d0
ebf7f8f0-1b0a-4662-9ed8-c9bb19936ec0;;1999-02-01;PT;66cff76c-c1d3-476f-81d2-e2f053d6c126
ebf7f8f0-1b0a-4662-9ed8-c9bb19936ec0;;2011-02-03;PMDB;cabd05dd-f636-431b-9e5a-b8298719f97b
ebf7f8f0-1b0a-4662-9ed8-c9bb19936ec0;;2011-02-03;PRB;32065184-640d-463b-91f6-79a610cb63fe
ebf7f8f0-1b0a-4662-9ed8-c9bb19936ec0;;2011-02-03;PSB;24dc7828-f3ea-4768-a4c1-5aced6b15b18
ebf7f8f0-1b0a-4662-9ed8-c9bb19936ec0;2011-02-02;1999-02-01;PT;fce24360-0eb7-4d01-8af7-6bfe0b12a39e
ebf7f8f0-1b0a-4662-9ed8-c9bb19936ec0;;2003-02-01;PSDB;f7b43013-e0e2-4c6a-b17c-f85a9ac2c31b
ebf7f8f0-1b0a-4662-9ed8-c9bb19936ec0;;2017-02-01;PTB;a672aec2-137d-44ef-96b2-06b04d216b04
ebf7f8f0-1b0a-4662-9ed8-c9bb19936ec0;2017-01-26;2015-02-01;PDT;5d477185-19a7-4075-83f3-8d8701dc15db
ebf7f8f0-1b0a-4662-9ed8-c9bb19936ec0;;2017-01-31;PTB;63d1c32d-b42a-47c9-8eb1-e1a07a1b0c14
ebf7f8f0-1b0a-4662-9ed8-c9bb19936ec0;2017-01-26;2015-02-01;PDT;1008496a-4777-49a0-82f0-293f08c584df
ebf7f8f0-1b0a-4662-9ed8-c9bb19936ec0;;2015-02-01;PT;d7c5f934-78dc-4ee5-8e00-253b0ecf1f41
ebf7f8f0-1b0a-4662-9ed8-c9bb19936ec0;;2011-11-01;PSD;c6b91d7f-e312-4ad8-ab35-6788516e6bbc
ebf7f8f0-1b0a-4662-9ed8-c9bb19936ec0;2011-10-31;2007-02-01;PMN;8f24a5b1-8b49-4892-b5d6-ab60556628f9
ebf7f8f0-1b0a-4662-9ed8-c9bb19936ec0;;1999-02-01;PSB;a55badd6-10c4-4967-82c9-64fe6594866f
ebf7f8f0-1b0a-4662-9ed8-c9bb19936ec0;;2011-02-03;PDT;dbdb010e-c59f-4807-a515-9f433b5f203b
ebf7f8f0-1b0a-4662-9ed8-c9bb19936ec0;;2015-02-01;PMDB;9007ca15-4384-4d7c-b6be-533a3634ba48
ebf7f8f0-1b0a-4662-9ed8-c9bb19936ec0;;2015-02-01;PTB;d8cb5f71-a462-4c2f-b88b-bdd8d5c80bc6
ebf7f8f0-1b0a-4662-9ed8-c9bb19936ec0;;2015-02-01;PSB;5907a127-7060-4ddc-bd3f-15997f8e5c27
ebf7f8f0-1b0a-4662-9ed8-c9bb19936ec0;;2015-02-01;PSDB;bc452a79-e5e2-491e-90af-ad6c70f87289
ebf7f8f0-1b0a-4662-9ed8-c9bb19936ec0;;2011-02-03;PMDB;96b6990f-1254-4921-9a2a-20bc99aa4845
ebf7f8f0-1b0a-4662-9ed8-c9bb19936ec0;;2011-02-03;PRB;b1403c5c-4597-4254-a2ce-4901bf436836
ebf7f8f0-1b0a-4662-9ed8-c9bb19936ec0;;2011-02-03;PMDB;1ba45a6a-e12c-4a21-ad04-0408351fd790
ebf7f8f0-1b0a-4662-9ed8-c9bb19936ec0;;2011-02-03;PMDB;df2d7929-85f5-4131-9d7a-010c9a1657a4
ebf7f8f0-1b0a-4662-9ed8-c9bb19936ec0;;2011-02-03;PMDB;5504bef6-f8f9-43dc-94a5-42ca3b3bd357
ebf7f8f0-1b0a-4662-9ed8-c9bb19936ec0;;2003-10-14;PMDB;069f4103-268a-48b3-9c09-18461290e8a6
ebf7f8f0-1b0a-4662-9ed8-c9bb19936ec0;2003-10-13;2001-03-08;PSDB;52988fea-a1aa-4bbc-bd38-b5583cae5a9e
ebf7f8f0-1b0a-4662-9ed8-c9bb19936ec0;;2017-07-04;PODE;05c3ada8-4ca5-4189-a512-c96226e78274
ebf7f8f0-1b0a-4662-9ed8-c9bb19936ec0;2017-07-03;2013-10-02;PSB;80da0b49-8745-46fe-a978-2761966b6828
ebf7f8f0-1b0a-4662-9ed8-c9bb19936ec0;2013-10-01;2013-08-20;S/Partido;65fab20b-3275-4193-86f1-0dc820b32c58
ebf7f8f0-1b0a-4662-9ed8-c9bb19936ec0;2013-08-19;2011-02-01;PSB;ea7c0072-5a77-4641-ba5e-3d4b576d19f9
ebf7f8f0-1b0a-4662-9ed8-c9bb19936ec0;;2011-02-03;PMDB;af750312-29a3-44db-9945-245ae7cfe7fa
ebf7f8f0-1b0a-4662-9ed8-c9bb19936ec0;;2015-02-01;PMDB;510d4010-185e-4a3c-a658-5f7ee844389e
ebf7f8f0-1b0a-4662-9ed8-c9bb19936ec0;;2015-02-01;PV;6cc37fe7-e8cf-4c91-8936-7b6516f1a713
ebf7f8f0-1b0a-4662-9ed8-c9bb19936ec0;;2003-05-14;PMDB;c142c08c-6b42-4b87-81b2-efd2eba7c3b8
ebf7f8f0-1b0a-4662-9ed8-c9bb19936ec0;2003-05-13;1999-01-28;PSDB;3f2639db-2f3b-46b7-99f4-91ac9628b64f
ebf7f8f0-1b0a-4662-9ed8-c9bb19936ec0;1999-01-27;1995-02-16;PFL;a98d8d54-457b-4160-b3f4-8682f4c95a44
ebf7f8f0-1b0a-4662-9ed8-c9bb19936ec0;1995-02-15;1995-02-01;PPR;4ebae300-626c-48f8-9ff2-4748ca426ce0
ebf7f8f0-1b0a-4662-9ed8-c9bb19936ec0;;2007-04-24;DEM;f4cd08e1-4f7a-4a8c-89aa-07bc0e05fcdb
ebf7f8f0-1b0a-4662-9ed8-c9bb19936ec0;2007-04-23;1999-02-01;PFL;9074b941-d262-480b-a229-6708ac4176fd
ebf7f8f0-1b0a-4662-9ed8-c9bb19936ec0;;2017-10-04;PSDB;9a4bc8a0-979b-4dd6-ad8c-7a8a1212abae
ebf7f8f0-1b0a-4662-9ed8-c9bb19936ec0;2017-10-03;2017-09-29;S/Partido;c6c2c1ee-e7f7-4f53-b481-fa59e8498eaa
ebf7f8f0-1b0a-4662-9ed8-c9bb19936ec0;2017-09-28;2015-02-01;PSB;b63365cb-ca4c-457a-a6ea-1046aa4d9504
ebf7f8f0-1b0a-4662-9ed8-c9bb19936ec0;2011-01-31;1999-02-01;PSDB;579b52f5-dfe1-4cbc-a227-aa0aecc22522
ebf7f8f0-1b0a-4662-9ed8-c9bb19936ec0;;2011-02-03;PRB;c7c9eff4-a8f4-45fb-91f4-6ea1cbe7112c
ebf7f8f0-1b0a-4662-9ed8-c9bb19936ec0;;2007-02-01;PSB;2f3ad533-feed-4803-82a1-3f6d06fdced9
ebf7f8f0-1b0a-4662-9ed8-c9bb19936ec0;;2011-02-03;PP;484c708d-9b8c-4c80-b706-c76d0e8dd9cf
ebf7f8f0-1b0a-4662-9ed8-c9bb19936ec0;;1995-02-01;PMDB;46adb9a9-638b-4c2d-881a-85eafbc08882
ebf7f8f0-1b0a-4662-9ed8-c9bb19936ec0;;2015-11-11;DEM;443f4a6d-8e7f-4ec6-8e20-99ec6fb4cb20
ebf7f8f0-1b0a-4662-9ed8-c9bb19936ec0;2015-11-10;2015-02-01;PTB;fe64a4a4-7ead-411b-a99f-18900ac0ca16
ebf7f8f0-1b0a-4662-9ed8-c9bb19936ec0;;2016-03-01;PSDB;b6dd9a03-f920-48d0-8b0e-237dc560f080
ebf7f8f0-1b0a-4662-9ed8-c9bb19936ec0;2016-02-29;2016-02-04;S/Partido;3b9ce635-6e60-4489-9c0f-cf153edba5dc
ebf7f8f0-1b0a-4662-9ed8-c9bb19936ec0;2016-02-03;2011-01-27;PMDB;4890702b-309b-495d-ab00-2b540af1ef41
ebf7f8f0-1b0a-4662-9ed8-c9bb19936ec0;2011-01-26;2001-06-22;PPS;706309f7-f792-4570-a158-271963771204
ebf7f8f0-1b0a-4662-9ed8-c9bb19936ec0;2001-06-21;1999-02-01;PSDB;0d0413d8-3105-4e4b-9c92-504ca67d4b83
ebf7f8f0-1b0a-4662-9ed8-c9bb19936ec0;;1995-02-01;PMDB;69d8e2a5-af5a-473c-a3bc-6c06a6b41994
ebf7f8f0-1b0a-4662-9ed8-c9bb19936ec0;;2016-02-18;S/Partido;3f498a1c-a82b-4a76-8d91-1ef65bc1a807
ebf7f8f0-1b0a-4662-9ed8-c9bb19936ec0;2016-02-17;2011-02-01;PDT;eb41d40a-abe0-41e0-9c9b-0cdf06c52956
ebf7f8f0-1b0a-4662-9ed8-c9bb19936ec0;;2011-02-03;PP;313b216b-e12d-42c5-bf26-7e8238cd3d97
ebf7f8f0-1b0a-4662-9ed8-c9bb19936ec0;;2011-02-03;PMDB;15582b67-3e45-4f40-98d6-14c106c32020
ebf7f8f0-1b0a-4662-9ed8-c9bb19936ec0;2011-02-02;1991-02-01;S/Partido;6525ac92-9f25-4443-859b-61f30262d29e
ebf7f8f0-1b0a-4662-9ed8-c9bb19936ec0;1991-01-31;1990-03-28;PRN;84d2e88e-e183-4526-a0aa-25c0183a2afb
ebf7f8f0-1b0a-4662-9ed8-c9bb19936ec0;1990-03-27;1987-02-01;PMDB;bb4a6850-19a5-4784-b985-efc41146bc54
ebf7f8f0-1b0a-4662-9ed8-c9bb19936ec0;;2011-02-03;PT;b4382f2d-e979-4161-81d3-6673b8d460bd
ebf7f8f0-1b0a-4662-9ed8-c9bb19936ec0;;2015-09-29;REDE;f21f4e6c-0f79-4b8f-81f9-358455fd57df
ebf7f8f0-1b0a-4662-9ed8-c9bb19936ec0;2015-09-28;2011-01-28;PSOL;e187556f-18db-426b-900e-22a760d01533
ebf7f8f0-1b0a-4662-9ed8-c9bb19936ec0;;2007-02-01;PSDB;eb570a65-4dca-4191-ab42-25e31e67da3c
ebf7f8f0-1b0a-4662-9ed8-c9bb19936ec0;;2011-01-27;PDT;889270ea-3757-4086-9f3b-cf21a17dfe71
ebf7f8f0-1b0a-4662-9ed8-c9bb19936ec0;;2011-02-03;PT;d8f5e234-e255-4386-87a6-31d24802939d
ebf7f8f0-1b0a-4662-9ed8-c9bb19936ec0;;2011-02-03;PV;a2bcdcf0-773b-4c11-a4a4-d51e05fa1290
ebf7f8f0-1b0a-4662-9ed8-c9bb19936ec0;;2015-02-01;PPS;6abbea39-0dd3-4342-ba73-81a7fb89ce9f
ebf7f8f0-1b0a-4662-9ed8-c9bb19936ec0;;2018-02-26;PRB;ab8edd67-3e4e-4574-ba3b-1387683e6629
ebf7f8f0-1b0a-4662-9ed8-c9bb19936ec0;2018-02-25;2011-02-03;PSC;8fde1d17-0e36-4226-b83d-cdb7ff20a945
ebf7f8f0-1b0a-4662-9ed8-c9bb19936ec0;;1999-02-01;PT;b93effd9-3afe-4d95-a300-d511c05c937e
ebf7f8f0-1b0a-4662-9ed8-c9bb19936ec0;;2011-02-03;PT;a30d8c9c-6c83-4d63-9987-2e67c9b5bb9d
ebf7f8f0-1b0a-4662-9ed8-c9bb19936ec0;2006-12-19;1999-10-07;PL;be43eb81-7288-4897-83b8-42bd50633813
ebf7f8f0-1b0a-4662-9ed8-c9bb19936ec0;1999-10-06;1999-02-01;PTB;aee07899-2ff9-401c-bb4a-a53d2b5800aa
ebf7f8f0-1b0a-4662-9ed8-c9bb19936ec0;;1999-02-01;PT;8abad7f0-4901-4435-96c4-7589c792b155
ebf7f8f0-1b0a-4662-9ed8-c9bb19936ec0;;2011-02-03;PV;43bfd109-6dad-427c-9ae1-0cfd52a1ac12
ebf7f8f0-1b0a-4662-9ed8-c9bb19936ec0;;2015-02-01;PDT;456d1151-a787-43ce-9f14-78e3e9738a06
ebf7f8f0-1b0a-4662-9ed8-c9bb19936ec0;;2011-02-03;PSC;26272763-90f9-43ee-a74a-34c6c9138aa7
ebf7f8f0-1b0a-4662-9ed8-c9bb19936ec0;2011-02-02;2007-02-01;S/Partido;820cc0f8-a42b-4f87-9750-6856ed8b578e
ebf7f8f0-1b0a-4662-9ed8-c9bb19936ec0;2007-01-31;2005-02-03;PMDB;d9f79d38-0084-423f-a897-eed16babfaf7
ebf7f8f0-1b0a-4662-9ed8-c9bb19936ec0;2005-02-02;2003-09-16;PSC;4fdfea32-40bd-4b40-bd2b-a81b06c0f193
ebf7f8f0-1b0a-4662-9ed8-c9bb19936ec0;2003-09-15;2003-04-03;S/Partido;32cffca4-2708-4c7b-ada8-f9fd18d6635d
ebf7f8f0-1b0a-4662-9ed8-c9bb19936ec0;2003-04-02;1999-02-01;PPB;1b60ef17-f046-45c9-b98c-cd9d28a3d2ed
ebf7f8f0-1b0a-4662-9ed8-c9bb19936ec0;;2007-03-14;PSDB;65b4abd3-d833-4e4b-8a9e-baf996222a1e
ebf7f8f0-1b0a-4662-9ed8-c9bb19936ec0;2007-03-13;2007-02-01;S/Partido;f505864d-b030-4069-a18c-cb984c94a9ee
ebf7f8f0-1b0a-4662-9ed8-c9bb19936ec0;2007-01-31;2005-06-22;PSDB;336b58eb-2bb7-433a-b492-b5a4afbc5fb1
ebf7f8f0-1b0a-4662-9ed8-c9bb19936ec0;2005-06-21;2005-06-16;S/Partido;fec9b986-8bc8-4c63-bdd9-5f2c139a3b60
ebf7f8f0-1b0a-4662-9ed8-c9bb19936ec0;2005-06-15;2003-02-01;PFL;b009eb39-247a-4c26-b3d0-62b87c19901d
ebf7f8f0-1b0a-4662-9ed8-c9bb19936ec0;;2011-02-03;PT;44f97dc6-05c4-405d-b3c2-d23576a67da1
ebf7f8f0-1b0a-4662-9ed8-c9bb19936ec0;;2015-02-01;PDT;1f26891f-0cce-46de-ae43-637b095bdbf3
ebf7f8f0-1b0a-4662-9ed8-c9bb19936ec0;;2017-12-18;PRTB;689b7135-57a3-41ec-adff-4895b6420e16
ebf7f8f0-1b0a-4662-9ed8-c9bb19936ec0;2017-12-17;2010-02-03;PMDB;50fe5fb0-0eb4-4cf8-b209-973efd07005b
ebf7f8f0-1b0a-4662-9ed8-c9bb19936ec0;;2011-02-03;PR;9441c811-6fa9-4b5a-8f02-7512650574c3
ebf7f8f0-1b0a-4662-9ed8-c9bb19936ec0;;2015-02-01;PSD;0a2cd90b-da02-4e40-aae0-4c2ca87ab808
ebf7f8f0-1b0a-4662-9ed8-c9bb19936ec0;;1998-11-13;PT;436946f3-c8f7-48a5-9c9c-e0cfa82e81d1
ebf7f8f0-1b0a-4662-9ed8-c9bb19936ec0;;2014-07-16;PP;0e481d66-7033-4d3a-8bc2-7be33be28e99
ebf7f8f0-1b0a-4662-9ed8-c9bb19936ec0;1999-01-31;1997-08-20;PTB;c4493850-a7d0-4802-a987-f6cb8deb83a9
ebf7f8f0-1b0a-4662-9ed8-c9bb19936ec0;1997-08-19;1991-02-01;PFL;930f7bbb-5366-4cab-b5d4-196d537e9d6f
ebf7f8f0-1b0a-4662-9ed8-c9bb19936ec0;;2015-02-01;PSD;09a1023b-dc74-45a5-a121-f3925121537e
ebf7f8f0-1b0a-4662-9ed8-c9bb19936ec0;;2011-02-01;PMDB;2d830190-94cd-4a4f-b1dc-43e75166a7d9
ebf7f8f0-1b0a-4662-9ed8-c9bb19936ec0;;2011-02-03;PDT;741d77f0-7403-45d0-b1df-510ce51f6b24
ebf7f8f0-1b0a-4662-9ed8-c9bb19936ec0;;1999-02-01;PSDB;535d6755-8339-4e97-8fa4-cf41ea3a2014
ebf7f8f0-1b0a-4662-9ed8-c9bb19936ec0;;2011-02-03;PDT;40c8dcba-7be4-4909-bef1-02e73957c88b
ebf7f8f0-1b0a-4662-9ed8-c9bb19936ec0;;2011-02-03;PP;0e63b0e7-7ef9-4045-8616-5385fbaa4270
ebf7f8f0-1b0a-4662-9ed8-c9bb19936ec0;;2015-02-01;PT;5f188633-a135-4025-ae43-10cab88de899
ebf7f8f0-1b0a-4662-9ed8-c9bb19936ec0;;2015-09-25;PMDB;1b182c9d-dec4-422f-9a4a-f164f3c8654e
ebf7f8f0-1b0a-4662-9ed8-c9bb19936ec0;2015-09-24;2015-05-06;S/Partido;a2ac7d1a-8ec5-401b-bc1a-58b9c3b5f66f
ebf7f8f0-1b0a-4662-9ed8-c9bb19936ec0;2015-05-05;2011-01-27;PT;e6b36913-6408-4c36-905f-05e851927c4e
ebf7f8f0-1b0a-4662-9ed8-c9bb19936ec0;;2015-02-01;DEM;a249632d-feab-4812-890d-d02a4298744c
ebf7f8f0-1b0a-4662-9ed8-c9bb19936ec0;;2015-02-01;PSB;cd12d1b5-f893-482d-8841-11a588e45dc8
ebf7f8f0-1b0a-4662-9ed8-c9bb19936ec0;;2011-02-03;DEM;46020120-06cb-44eb-b656-50b3700c8110
ebf7f8f0-1b0a-4662-9ed8-c9bb19936ec0;;2011-02-03;PRB;797b108d-8a8a-484b-af36-8fc11c374322
ebf7f8f0-1b0a-4662-9ed8-c9bb19936ec0;;2004-12-16;PMDB;1d57b675-2944-4f5c-a39e-8c11fc0d638c
ebf7f8f0-1b0a-4662-9ed8-c9bb19936ec0;2004-12-15;1999-02-01;PFL;32d9ecf9-345e-40bc-9e9d-1944f09bac7a
ebf7f8f0-1b0a-4662-9ed8-c9bb19936ec0;;2011-01-31;PSOL;58f97ad2-8511-49b5-8326-904e85b752ac
ebf7f8f0-1b0a-4662-9ed8-c9bb19936ec0;;2011-02-03;PT;e5553afc-b1ca-491e-a5ff-be6e6a6b02d0
ebf7f8f0-1b0a-4662-9ed8-c9bb19936ec0;;2015-02-01;PCB;75c9af62-d43d-47b9-b390-b51412c83c18
ebf7f8f0-1b0a-4662-9ed8-c9bb19936ec0;;2006-04-04;PRB;dbd78501-2550-4664-86b0-75d78dad5e22
ebf7f8f0-1b0a-4662-9ed8-c9bb19936ec0;2006-04-03;2005-10-04;PMR;817ceca5-4bb8-4a35-ae3c-2066d7101b8b
ebf7f8f0-1b0a-4662-9ed8-c9bb19936ec0;2005-10-03;2005-09-29;S/Partido;10b3c46d-7255-44e3-abf6-3b5df477d007
ebf7f8f0-1b0a-4662-9ed8-c9bb19936ec0;2005-09-28;2003-02-01;PL;f4b80a1f-5ee1-4647-b04a-03768db679dd
ebf7f8f0-1b0a-4662-9ed8-c9bb19936ec0;;2015-12-01;PSC;d56ad022-1eae-48e0-b23e-4adfa83f52ca
ebf7f8f0-1b0a-4662-9ed8-c9bb19936ec0;2011-01-31;2009-10-15;PSC;72cc00a0-cbb3-4b54-ac41-2c3db19c4dbb
ebf7f8f0-1b0a-4662-9ed8-c9bb19936ec0;2009-10-14;2007-02-01;PSB;e977cbe8-2210-433d-9e72-788c584d5326
ebf7f8f0-1b0a-4662-9ed8-c9bb19936ec0;2007-01-31;2003-07-25;PTB;d29b6b72-1387-4209-b9ab-c130d6f3ccae
ebf7f8f0-1b0a-4662-9ed8-c9bb19936ec0;2003-07-24;2003-02-26;PFL;084c6b73-f4c4-464a-b1c7-d76902d8a9c5
ebf7f8f0-1b0a-4662-9ed8-c9bb19936ec0;2003-02-25;2003-02-01;S/Partido;ba0bf874-d15d-4502-94c9-ff183e830da4
ebf7f8f0-1b0a-4662-9ed8-c9bb19936ec0;2003-01-31;1999-02-01;PFL;6aa69164-4d53-4568-b699-f2e8f146b627
ebf7f8f0-1b0a-4662-9ed8-c9bb19936ec0;;2011-02-03;PTB;675a9878-7353-4288-a798-6b5e9e89913f
ebf7f8f0-1b0a-4662-9ed8-c9bb19936ec0;;2011-02-03;PMDB;06ef3661-f5e1-4fa2-8d3a-02354a2e28d1
ebf7f8f0-1b0a-4662-9ed8-c9bb19936ec0;;2007-08-02;DEM;572f659e-c895-4b5c-b30e-57e1672c1741
ebf7f8f0-1b0a-4662-9ed8-c9bb19936ec0;2007-08-01;1999-02-01;PFL;b3c280aa-f08e-4a0c-893d-7dbbf29588ee
ebf7f8f0-1b0a-4662-9ed8-c9bb19936ec0;;2011-02-03;PR;259810f1-e97e-4c8d-afe9-d9d0f72373a4
ebf7f8f0-1b0a-4662-9ed8-c9bb19936ec0;;2011-02-03;PMDB;0bc4d5c6-c33a-4114-8748-4f8f0b4ece12
ebf7f8f0-1b0a-4662-9ed8-c9bb19936ec0;;2007-02-01;PR;fbe6052a-6910-4567-adda-fd4d95af2b55
ebf7f8f0-1b0a-4662-9ed8-c9bb19936ec0;2007-01-31;2006-12-20;S/Partido;b1358708-d136-435d-99dc-081f4e55883b
ebf7f8f0-1b0a-4662-9ed8-c9bb19936ec0;2006-12-19;2003-02-01;PL;127b3b1f-0fbc-4ac2-b38b-706ce432c22b
ebf7f8f0-1b0a-4662-9ed8-c9bb19936ec0;2003-01-31;2001-03-22;S/Partido;5ce9f79c-99ec-4384-b818-1bee2bef3f69
ebf7f8f0-1b0a-4662-9ed8-c9bb19936ec0;2001-03-21;1999-02-01;PTB;1cc08c27-cfdf-4769-9798-43b0d3b12a74
ebf7f8f0-1b0a-4662-9ed8-c9bb19936ec0;;2015-09-03;PSB;8d1e7b35-6bbf-4fa5-ae87-2f1dcf2080ac
ebf7f8f0-1b0a-4662-9ed8-c9bb19936ec0;2015-09-02;2015-06-10;S/Partido;303a9a06-7544-476a-be63-0364a7b6d641
ebf7f8f0-1b0a-4662-9ed8-c9bb19936ec0;2015-06-09;1999-02-01;PSDB;1bad197a-7f3f-46de-9c6c-e0dd3acd8264
ebf7f8f0-1b0a-4662-9ed8-c9bb19936ec0;;2007-02-01;PSB;fe4bc06b-0e64-4d0a-bf1c-c500fd56bd5d
ebf7f8f0-1b0a-4662-9ed8-c9bb19936ec0;;2002-10-29;PMDB;0421404b-bb48-4241-aad8-b09bc40946e0
ebf7f8f0-1b0a-4662-9ed8-c9bb19936ec0;;2015-02-01;PSDB;7fea2ea9-5fff-4d3d-a1de-106abf4b50d1
ebf7f8f0-1b0a-4662-9ed8-c9bb19936ec0;;2011-02-03;PMDB;1dd900bd-182f-4125-bf21-1728158f7dbe
ebf7f8f0-1b0a-4662-9ed8-c9bb19936ec0;;2011-01-27;PMDB;74aeacf7-cab8-4783-94bf-c5581a9971b1
ebf7f8f0-1b0a-4662-9ed8-c9bb19936ec0;;2011-02-03;PMDB;147cdffb-fd75-445d-a108-2616933122a6
ebf7f8f0-1b0a-4662-9ed8-c9bb19936ec0;;2011-02-03;PCdoB;ff1dcf91-0b29-40d7-9559-2ebc4f9cd83d
ebf7f8f0-1b0a-4662-9ed8-c9bb19936ec0;;2011-02-03;PR;0590d139-73ca-43d7-8f19-518485f3425f
ebf7f8f0-1b0a-4662-9ed8-c9bb19936ec0;;2015-02-01;PSD;fc0c0abd-2375-4ae8-b1a7-08565a2fc5ac
ebf7f8f0-1b0a-4662-9ed8-c9bb19936ec0;;2015-02-01;PMDB;c40c1d16-1a50-4978-90b3-6d37dacfacd4
ebf7f8f0-1b0a-4662-9ed8-c9bb19936ec0;;2011-02-03;PCdoB;cb365114-ffb6-48f7-801d-58c9c727f1dd
ebf7f8f0-1b0a-4662-9ed8-c9bb19936ec0;;2003-02-01;PT;229d4976-68b0-4a63-873a-fca9e8f3fb49
ebf7f8f0-1b0a-4662-9ed8-c9bb19936ec0;;2008-05-06;PMDB;8668445c-e4a0-40fb-be10-5eaaad5ef831
ebf7f8f0-1b0a-4662-9ed8-c9bb19936ec0;2008-05-05;2008-03-13;S/Partido;db7ced7e-0d2f-4378-a251-eb2f4ba3614a
ebf7f8f0-1b0a-4662-9ed8-c9bb19936ec0;2008-03-12;2008-01-30;DEM;5d8cd44d-8796-4bb0-936f-b224181108cc
ebf7f8f0-1b0a-4662-9ed8-c9bb19936ec0;;2017-01-31;PSD;5a8014ab-ba62-4ad9-83b3-f1fd90baf329
ebf7f8f0-1b0a-4662-9ed8-c9bb19936ec0;2017-01-30;2015-02-01;PDT;080b6374-d78e-4feb-8216-97c7831e9d3c
ebf7f8f0-1b0a-4662-9ed8-c9bb19936ec0;;2011-02-03;PT;67670268-8634-4e80-ace2-e5324270a171
ebf7f8f0-1b0a-4662-9ed8-c9bb19936ec0;;2017-12-08;S/Partido;4e881552-6b88-4862-9106-85a356225be3
ebf7f8f0-1b0a-4662-9ed8-c9bb19936ec0;2017-12-05;2013-10-08;PMDB;c5d099f1-810b-4017-bfc8-e02cd51d3c38
ebf7f8f0-1b0a-4662-9ed8-c9bb19936ec0;2013-10-07;2011-10-19;PSD;37e664f8-aa55-46b9-aa78-55788f2779c0
ebf7f8f0-1b0a-4662-9ed8-c9bb19936ec0;2011-10-18;2007-08-02;DEM;b1d77d2e-90ad-4695-899a-90e2509cf9da
ebf7f8f0-1b0a-4662-9ed8-c9bb19936ec0;2007-08-01;2000-04-04;PFL;d7e6b278-563f-4e04-a50b-d6cb8dfde00e
ebf7f8f0-1b0a-4662-9ed8-c9bb19936ec0;;2007-04-24;DEM;7e6e31ee-d83f-491e-8db4-c128b29b6273
ebf7f8f0-1b0a-4662-9ed8-c9bb19936ec0;2007-04-23;1999-02-01;PFL;758b8962-d2c9-4fb8-b997-86c5022e0cd8
ebf7f8f0-1b0a-4662-9ed8-c9bb19936ec0;;2014-07-24;PDT;4ca183fe-1d16-4582-bccc-a98cf72a592f
ebf7f8f0-1b0a-4662-9ed8-c9bb19936ec0;;2007-02-01;PR;598a5743-f6ab-4ffc-a80d-23501350c014
ebf7f8f0-1b0a-4662-9ed8-c9bb19936ec0;2007-01-31;2006-12-20;S/Partido;664a0b7b-d0be-495b-b64d-911cfb16a11f
ebf7f8f0-1b0a-4662-9ed8-c9bb19936ec0;2006-12-19;2005-03-31;PL;9903cc9b-78c8-498c-b0af-f3b60bba5368
ebf7f8f0-1b0a-4662-9ed8-c9bb19936ec0;2005-03-30;2005-03-29;S/Partido;48b25c18-c8c7-4bd7-8b6c-94e617f244af
ebf7f8f0-1b0a-4662-9ed8-c9bb19936ec0;2005-03-28;1999-02-01;PFL;595a8c8a-7965-4b19-9d37-a45283d04886
ebf7f8f0-1b0a-4662-9ed8-c9bb19936ec0;;2012-10-17;PPL;6e3ba7df-e445-4273-83e8-52092b509a90
ebf7f8f0-1b0a-4662-9ed8-c9bb19936ec0;2012-10-16;2011-02-03;PSDB;ecad2234-4a29-4db9-af96-b8af67bb4791
ebf7f8f0-1b0a-4662-9ed8-c9bb19936ec0;;2010-07-15;PSDB;7f8757a8-0c4b-409e-bf76-2c5e29708758
ebf7f8f0-1b0a-4662-9ed8-c9bb19936ec0;;2015-02-01;PCB;91d6fdf3-d83e-4847-b4df-c489a88063db
ebf7f8f0-1b0a-4662-9ed8-c9bb19936ec0;;2003-02-01;PSB;29866739-bdfe-4e96-8cec-1fe9825fdcbb
ebf7f8f0-1b0a-4662-9ed8-c9bb19936ec0;;2011-02-03;PRTB;c0de21c8-00dd-4c08-9d57-d3588a7dee00
ebf7f8f0-1b0a-4662-9ed8-c9bb19936ec0;;2011-02-03;PMDB;52b75d96-11c0-45dd-b351-f87db2da9ccc
ebf7f8f0-1b0a-4662-9ed8-c9bb19936ec0;;1999-02-01;PMDB;f1b48d5c-fe23-4975-af2c-f27bd29424f9
ebf7f8f0-1b0a-4662-9ed8-c9bb19936ec0;;2011-02-03;PMDB;95c2c418-1024-49fe-91a5-21a8916496bb
ebf7f8f0-1b0a-4662-9ed8-c9bb19936ec0;;1995-02-01;PSDB;71a1ed79-743a-4f7b-93e8-0b1d5d47f987
ebf7f8f0-1b0a-4662-9ed8-c9bb19936ec0;;2011-02-03;PSB;0440ff9b-327d-44eb-9e48-dd5d4573131f
ebf7f8f0-1b0a-4662-9ed8-c9bb19936ec0;;1999-02-01;PT;40a98b50-11a6-469d-b3d5-2f176997caf4
ebf7f8f0-1b0a-4662-9ed8-c9bb19936ec0;;2017-08-22;PODE;9ca4a4c7-1b16-4864-921d-049d7ccf47ba
ebf7f8f0-1b0a-4662-9ed8-c9bb19936ec0;2017-08-21;2016-03-28;PSD;05bbc0d8-b7d8-4bd4-909e-7c50185e75cb
ebf7f8f0-1b0a-4662-9ed8-c9bb19936ec0;2016-03-27;2016-03-16;S/Partido;4ed62eac-6159-4203-915f-d583b6829994
ebf7f8f0-1b0a-4662-9ed8-c9bb19936ec0;2016-03-15;2011-02-03;PPS;80f4f596-b63d-4cf0-812f-bf98be87480b
ebf7f8f0-1b0a-4662-9ed8-c9bb19936ec0;;2003-02-01;PMDB;865b8af0-7d4d-45d8-a034-52bf3f54ece5
ebf7f8f0-1b0a-4662-9ed8-c9bb19936ec0;;2011-02-03;PSDB;6cf1c5d1-a8e5-466b-b270-bdbbd1f0b5d9
ebf7f8f0-1b0a-4662-9ed8-c9bb19936ec0;;1995-02-01;PT;ecd5c10b-1718-4d5c-bf30-01326277dda0
ebf7f8f0-1b0a-4662-9ed8-c9bb19936ec0;;2015-02-01;PDT;a5f48ab8-dd23-45ec-b673-a0677e902c63
ebf7f8f0-1b0a-4662-9ed8-c9bb19936ec0;;1999-02-01;PSDB;e7de04a0-1a8f-4fc8-89ef-62661a2707d0
ebf7f8f0-1b0a-4662-9ed8-c9bb19936ec0;;2011-02-03;PSB;55dee922-46ac-40d6-95e5-54e0fb2842b3
ebf7f8f0-1b0a-4662-9ed8-c9bb19936ec0;;2015-02-01;PROS;3db0d0d5-137c-40e5-aa7f-a76069370762
ebf7f8f0-1b0a-4662-9ed8-c9bb19936ec0;2015-01-31;2011-02-03;PRTB;f02bf0f5-7340-4dfc-a54b-023306705eb3
ebf7f8f0-1b0a-4662-9ed8-c9bb19936ec0;;2015-02-01;DEM;5f715dce-3b3d-4528-af09-65ab28b6d95c
ebf7f8f0-1b0a-4662-9ed8-c9bb19936ec0;;2011-02-03;PSDB;7ff53c66-c8ee-4a54-9f53-2fc7d86710f9
ebf7f8f0-1b0a-4662-9ed8-c9bb19936ec0;;2007-08-02;DEM;63c6f12e-4f18-457b-b9a0-fd83157a9735
ebf7f8f0-1b0a-4662-9ed8-c9bb19936ec0;2007-08-01;1995-02-01;PFL;7f4644cb-31c3-4de9-a5ab-49c1e4579d81
ebf7f8f0-1b0a-4662-9ed8-c9bb19936ec0;;2010-05-05;DEM;5baef0e7-6930-45a6-8fab-116e3ecfa7c2
ebf7f8f0-1b0a-4662-9ed8-c9bb19936ec0;;2011-02-03;PT;cc9c65e7-13a4-4efa-a06d-4d0a8b5b2269
ebf7f8f0-1b0a-4662-9ed8-c9bb19936ec0;;2011-01-31;PT;25706996-15e0-46f7-8489-98903a8a4265
ebf7f8f0-1b0a-4662-9ed8-c9bb19936ec0;;2011-02-03;PSB;ee4fcf70-e277-4538-83c0-42c8cd9d16a9
ebf7f8f0-1b0a-4662-9ed8-c9bb19936ec0;2011-02-02;2007-02-01;S/Partido;d67ee04a-9d8a-4b05-8d2b-419a08ca9908
ebf7f8f0-1b0a-4662-9ed8-c9bb19936ec0;2007-01-31;2003-05-15;PTB;0220d3ce-6225-4290-adf6-5dbe20b712c9
ebf7f8f0-1b0a-4662-9ed8-c9bb19936ec0;2003-05-14;1999-02-01;PFL;10588135-529e-44a4-b6c2-15e77fdc8cd5
ebf7f8f0-1b0a-4662-9ed8-c9bb19936ec0;;2015-02-01;PSD;2ff9ff5a-bc21-47ec-947f-f0220d83368c
ebf7f8f0-1b0a-4662-9ed8-c9bb19936ec0;;2011-02-03;PR;c8f0e254-eb64-4181-8def-0d015914b6da
ebf7f8f0-1b0a-4662-9ed8-c9bb19936ec0;2011-07-02;2011-01-27;PPS;98361962-451c-4ad1-a052-bb3f2de2b446
ebf7f8f0-1b0a-4662-9ed8-c9bb19936ec0;;2011-01-28;PP;02159593-0e6c-4436-b644-55e298d501a5
ebf7f8f0-1b0a-4662-9ed8-c9bb19936ec0;;2015-02-01;PT;22c5853e-cf8e-479b-a29d-01b42260935d
ebf7f8f0-1b0a-4662-9ed8-c9bb19936ec0;;1995-02-01;PMDB;d3eaa904-3388-4a9f-9f19-65b93ae8f71a
ebf7f8f0-1b0a-4662-9ed8-c9bb19936ec0;;2017-10-10;PROS;8626bf95-ef62-4bf6-9e18-83ee1f7b843c
ebf7f8f0-1b0a-4662-9ed8-c9bb19936ec0;2017-10-09;2016-03-15;PMDB;395497a6-e04f-4a77-a6ba-09cd6bd0f084
ebf7f8f0-1b0a-4662-9ed8-c9bb19936ec0;2016-03-14;2015-12-10;PMB;b52f521a-9a05-4dc0-b9e6-f889d3dc1b70
ebf7f8f0-1b0a-4662-9ed8-c9bb19936ec0;2015-12-08;2015-01-01;PSD;4800a063-49e9-4e06-ac65-d32fb411bcd1
ebf7f8f0-1b0a-4662-9ed8-c9bb19936ec0;2014-12-31;2011-02-03;PT;9b4e89f9-f785-4367-8b34-62e72fede6b2
ebf7f8f0-1b0a-4662-9ed8-c9bb19936ec0;;2011-02-03;PTB;2d0cd6ef-364f-496c-9512-df1e78bdc114
ebf7f8f0-1b0a-4662-9ed8-c9bb19936ec0;;2011-01-27;PT;6edbda2f-27e5-4f1f-bd51-db922e4760ec
ebf7f8f0-1b0a-4662-9ed8-c9bb19936ec0;;2011-01-27;PT;d785d699-815f-4435-905c-3e738788cc2b
ebf7f8f0-1b0a-4662-9ed8-c9bb19936ec0;;2015-02-01;PDT;790122b7-4e62-49ef-bafa-3ef9a8a74752
ebf7f8f0-1b0a-4662-9ed8-c9bb19936ec0;;2007-02-01;PP;2381cc78-ca5b-4044-bf97-06213afe5ea6
ebf7f8f0-1b0a-4662-9ed8-c9bb19936ec0;;2011-02-03;DEM;508d5e0b-a7ad-4847-a438-066c569fa44e
ebf7f8f0-1b0a-4662-9ed8-c9bb19936ec0;;1995-02-01;PMDB;c49e6539-91fb-4fcb-ba3d-00191cdff43a
ebf7f8f0-1b0a-4662-9ed8-c9bb19936ec0;;2011-02-03;PT;66b24924-a67c-4500-8a46-77880412583b
ebf7f8f0-1b0a-4662-9ed8-c9bb19936ec0;;2003-02-01;PMDB;b3968263-3545-4dc2-a56a-32878ec500b9
ebf7f8f0-1b0a-4662-9ed8-c9bb19936ec0;2003-01-31;1994-12-20;S/Partido;9f62e800-9cea-4825-bedd-3c970bfb603f
ebf7f8f0-1b0a-4662-9ed8-c9bb19936ec0;1994-12-19;1991-02-01;PMDB;df70a1ad-e32a-4152-b7fa-db2d72ebaa33
ebf7f8f0-1b0a-4662-9ed8-c9bb19936ec0;;2006-08-01;PMDB;cbcae1ec-1859-412d-af9e-c603812e6c3a
ebf7f8f0-1b0a-4662-9ed8-c9bb19936ec0;;2011-02-03;PSB;5ab4154c-2319-4a2c-8c48-d8c4a02c4525
ebf7f8f0-1b0a-4662-9ed8-c9bb19936ec0;;2003-02-01;PT;cc1c7efd-0f70-447c-acb9-687be9366cc8
ebf7f8f0-1b0a-4662-9ed8-c9bb19936ec0;;2011-02-03;PSOL;26aed7ea-e6d4-4dc6-9326-7cf43b4beaf6
ebf7f8f0-1b0a-4662-9ed8-c9bb19936ec0;;2011-02-03;PMDB;93598e26-0b60-4425-8f48-76e80ac2e392
ebf7f8f0-1b0a-4662-9ed8-c9bb19936ec0;2007-01-31;2003-06-06;PP;5d3c66c9-d614-4c67-b663-5d1c51df2b6e
ebf7f8f0-1b0a-4662-9ed8-c9bb19936ec0;2003-06-05;2003-02-01;PFL;2c49a8d1-0e6f-4a18-a25e-be6e522467b8
ebf7f8f0-1b0a-4662-9ed8-c9bb19936ec0;2003-01-31;2003-01-31;S/Partido;96474954-c77b-47ef-b17c-707258f8fbed
ebf7f8f0-1b0a-4662-9ed8-c9bb19936ec0;2003-01-30;1999-02-01;PFL;043c15bf-71b2-44fd-91f6-222bf33afba6
ebf7f8f0-1b0a-4662-9ed8-c9bb19936ec0;;2011-02-03;DEM;2a38dfb2-b200-4f28-b752-b5ff7c36040b
ebf7f8f0-1b0a-4662-9ed8-c9bb19936ec0;;2011-02-03;PMDB;f56c99fb-f685-4c33-8445-66ffe9673594
ebf7f8f0-1b0a-4662-9ed8-c9bb19936ec0;;2005-01-11;PSDB;7542be7c-03f5-4d8e-893f-bb5e3bfa0af4
ebf7f8f0-1b0a-4662-9ed8-c9bb19936ec0;;2015-02-01;PSDB;4655ae76-577e-450c-8f96-1abb1556ab83
ebf7f8f0-1b0a-4662-9ed8-c9bb19936ec0;;2001-10-25;PMDB;731488a7-6864-46c4-a7ba-c433aa3d12e1
ebf7f8f0-1b0a-4662-9ed8-c9bb19936ec0;;2011-02-03;DEM;cd86cb30-2310-40cc-9def-bbd59ac2f7e7
ebf7f8f0-1b0a-4662-9ed8-c9bb19936ec0;;2016-03-28;PTC;71fc4459-e4a3-4259-b5ee-74d3ee7bf197
ebf7f8f0-1b0a-4662-9ed8-c9bb19936ec0;2016-03-27;2007-02-06;PTB;685e9d40-8131-4557-858f-1245461514b2
ebf7f8f0-1b0a-4662-9ed8-c9bb19936ec0;2007-02-05;2007-02-01;PRTB;5e2c6ab3-67aa-48a4-bee4-f2425d2c5fa2
ebf7f8f0-1b0a-4662-9ed8-c9bb19936ec0;;2017-09-13;PMDB;c2d5dbca-a472-4f0e-9532-2a30f3a0f133
ebf7f8f0-1b0a-4662-9ed8-c9bb19936ec0;2017-09-12;2017-09-05;S/Partido;9ce9905e-f728-4f7d-919e-3e3b47b4ccb7
ebf7f8f0-1b0a-4662-9ed8-c9bb19936ec0;2017-09-04;2015-02-01;PSB;215d2de5-ea98-448e-9bc8-61cea10c64e3
ebf7f8f0-1b0a-4662-9ed8-c9bb19936ec0;;2015-02-01;SD;a642bd4b-0cfb-44b5-843e-4bb325f82fc0
ebf7f8f0-1b0a-4662-9ed8-c9bb19936ec0;;2011-02-03;PDT;b4f8c6f8-ad04-48c0-9ba4-cdd4e6434053
ebf7f8f0-1b0a-4662-9ed8-c9bb19936ec0;;2011-02-03;DEM;21246c48-2372-4b20-9219-a8e82ae57a4b
ebf7f8f0-1b0a-4662-9ed8-c9bb19936ec0;;2015-02-01;PSB;d992e503-ea42-49d3-a8c8-29f5ec1a3fea
ebf7f8f0-1b0a-4662-9ed8-c9bb19936ec0;;1999-02-01;PMDB;2b129392-fc28-4e26-8c59-d7bea6ef9b3d
ebf7f8f0-1b0a-4662-9ed8-c9bb19936ec0;;2017-01-31;PMDB;2ba338d9-54f7-420f-b1fe-b3bbe084c12b
ebf7f8f0-1b0a-4662-9ed8-c9bb19936ec0;2017-01-30;2015-02-01;PTB;b46ab9f6-640e-4fa5-9b40-28428498b352
ebf7f8f0-1b0a-4662-9ed8-c9bb19936ec0;;2011-02-03;PT;10534260-87e1-4dae-840d-6e043a5e0513
ebf7f8f0-1b0a-4662-9ed8-c9bb19936ec0;;2015-02-01;PMDB;448f888f-a28d-4940-9f0b-86f4169eba20
ebf7f8f0-1b0a-4662-9ed8-c9bb19936ec0;;2011-02-03;PTB;d93dbb8f-25a6-4066-a265-883c7c83e292
ebf7f8f0-1b0a-4662-9ed8-c9bb19936ec0;;2011-02-03;PSB;597488ed-c359-4ef9-8960-8551c2ec640f
ebf7f8f0-1b0a-4662-9ed8-c9bb19936ec0;;2011-02-03;PSOL;ab9e3ef8-7e1a-446d-88c8-9c27caec92ad
ebf7f8f0-1b0a-4662-9ed8-c9bb19936ec0;;2009-10-09;PRB;1cfa08ae-4c8d-4031-8eb1-9234b4d6dae5
ebf7f8f0-1b0a-4662-9ed8-c9bb19936ec0;2009-10-08;2007-02-07;PSB;bde24f35-7878-461e-a23d-a8d8b5c8fb3d
ebf7f8f0-1b0a-4662-9ed8-c9bb19936ec0;;2017-02-01;PSDB;2e48e1ca-eb0d-40e6-aa7c-e3f989fc8ba7
ebf7f8f0-1b0a-4662-9ed8-c9bb19936ec0;2017-01-31;2007-02-01;PSC;aff673e2-9d62-434c-b2f8-0b8467cee626
ebf7f8f0-1b0a-4662-9ed8-c9bb19936ec0;;2011-01-28;PMDB;5334cfef-2b6b-494f-a405-742cf2ec5e47
ebf7f8f0-1b0a-4662-9ed8-c9bb19936ec0;;2007-10-10;PMDB;a167ce66-5e39-4bb4-ad9b-721058a8a2b9
ebf7f8f0-1b0a-4662-9ed8-c9bb19936ec0;2007-10-09;2007-08-02;DEM;6ff05887-9e1b-4510-acf9-9364386a8955
ebf7f8f0-1b0a-4662-9ed8-c9bb19936ec0;2007-08-01;1995-02-01;PFL;4153f202-a964-4c26-af2a-0ce5dfde6517
ebf7f8f0-1b0a-4662-9ed8-c9bb19936ec0;;2015-02-01;PTB;ce17089e-9859-42ef-8245-c9cc8a2bfade
ebf7f8f0-1b0a-4662-9ed8-c9bb19936ec0;;2015-02-01;PMDB;220a1da8-f15a-41ce-bdd4-701c3a43c35e
ebf7f8f0-1b0a-4662-9ed8-c9bb19936ec0;;2015-02-01;PR;3230801c-0106-4e5b-a646-11867f345ccc
ebf7f8f0-1b0a-4662-9ed8-c9bb19936ec0;;2012-04-27;S/Partido;13adf6b7-bec2-4cca-af94-6d7626cce656
ebf7f8f0-1b0a-4662-9ed8-c9bb19936ec0;2012-04-26;2007-08-02;DEM;f7655fc3-0dad-425d-b596-27277297d1d8
ebf7f8f0-1b0a-4662-9ed8-c9bb19936ec0;2007-08-01;2003-02-01;PFL;0545ca9c-066d-4bba-9906-8acfaef87a0a
ebf7f8f0-1b0a-4662-9ed8-c9bb19936ec0;;2016-03-29;S/Partido;80ef8229-694f-4b72-aaf4-82241dbc5417
ebf7f8f0-1b0a-4662-9ed8-c9bb19936ec0;2016-03-28;2003-02-01;PT;ae7e75cb-23cd-48c0-b40d-87b6360b83d0
ebf7f8f0-1b0a-4662-9ed8-c9bb19936ec0;;2016-09-08;PSDB;61cc013f-f7aa-413a-a0b0-3a9ecb08a170
ebf7f8f0-1b0a-4662-9ed8-c9bb19936ec0;;2015-02-01;PT;d21ec9b4-8cd3-4ffb-a675-7de6b20bc274
ebf7f8f0-1b0a-4662-9ed8-c9bb19936ec0;;2011-02-03;PTB;5a5786fa-7f9c-444c-8799-68c34dbe1c9e
ebf7f8f0-1b0a-4662-9ed8-c9bb19936ec0;;2007-04-24;DEM;354887ed-4c1c-4e57-96be-8127acc30d18
ebf7f8f0-1b0a-4662-9ed8-c9bb19936ec0;2007-04-23;2005-02-15;PFL;dd088a39-d6e6-45c3-badb-cc776549dccc
ebf7f8f0-1b0a-4662-9ed8-c9bb19936ec0;2005-02-14;2003-02-01;PDT;5cfc624e-80aa-41fd-8f7d-3594009eaffe
ebf7f8f0-1b0a-4662-9ed8-c9bb19936ec0;;2011-02-03;PSDB;e04ee7be-30a2-4159-b2be-474fc93a92d7
ebf7f8f0-1b0a-4662-9ed8-c9bb19936ec0;;2011-11-08;PSDB;75a0b620-2bde-4150-b6ab-5590f99ae2a2
ebf7f8f0-1b0a-4662-9ed8-c9bb19936ec0;;2007-04-24;DEM;c1b62a40-dd81-48a8-baf0-c6f1cfaca1ac
ebf7f8f0-1b0a-4662-9ed8-c9bb19936ec0;2007-04-23;2003-02-01;PFL;6cebb951-3296-4935-b781-f68e4557adbd
ebf7f8f0-1b0a-4662-9ed8-c9bb19936ec0;;2014-12-13;PSDB;a4a596bd-2f56-4025-867a-3145b680973a
ebf7f8f0-1b0a-4662-9ed8-c9bb19936ec0;2014-12-12;2013-12-23;PROS;7e3abfc3-492f-4272-8665-cea0503ec858
ebf7f8f0-1b0a-4662-9ed8-c9bb19936ec0;2013-12-22;2011-02-03;PSDB;d1af200e-d726-46f3-a68f-0612538a9d92
ebf7f8f0-1b0a-4662-9ed8-c9bb19936ec0;;2016-02-22;PPS;5a49e285-3379-4031-8314-54f9e4af6690
ebf7f8f0-1b0a-4662-9ed8-c9bb19936ec0;2016-02-21;2005-10-05;PDT;beaecd62-7a50-466c-b3d7-2b7363d36bc3
ebf7f8f0-1b0a-4662-9ed8-c9bb19936ec0;2005-10-04;2005-09-13;S/Partido;e232f315-33ad-409b-93ba-2f62c27560ab
ebf7f8f0-1b0a-4662-9ed8-c9bb19936ec0;2005-09-12;2003-02-01;PT;830b1977-7e71-4c5d-baf7-a48f11f5b20a
ebf7f8f0-1b0a-4662-9ed8-c9bb19936ec0;;2011-02-03;PSOL;077608e5-f7f3-4532-8a02-4f01c1a8a48d
ebf7f8f0-1b0a-4662-9ed8-c9bb19936ec0;;;PMDB;ed1ae85c-18df-4da5-9484-ebcbdc39e899
ebf7f8f0-1b0a-4662-9ed8-c9bb19936ec0;;;PMDB;d6f0a6e1-a0b8-4b3c-add6-f5811a1b0a39
ebf7f8f0-1b0a-4662-9ed8-c9bb19936ec0;;;MDB;4fde8b22-afa5-4026-9a03-73c113d0a587
ebf7f8f0-1b0a-4662-9ed8-c9bb19936ec0;;2011-02-03;PSC;2d0d5d36-88af-4b3e-8059-42aad79c2aad
ebf7f8f0-1b0a-4662-9ed8-c9bb19936ec0;;2003-05-15;PTB;685f2d06-e593-43b5-9cde-a4809ee1b8a3
ebf7f8f0-1b0a-4662-9ed8-c9bb19936ec0;2003-05-14;1999-02-01;PMDB;5c0b92fa-d2b3-41bb-8475-3b7b0b156c09
ebf7f8f0-1b0a-4662-9ed8-c9bb19936ec0;;2011-02-03;PTB;ff5d5f2d-0c62-44a0-9711-94a494dd6afb
ebf7f8f0-1b0a-4662-9ed8-c9bb19936ec0;;2011-02-03;DEM;2d23f967-a4ac-4d5f-8958-caad3b5de99c
ebf7f8f0-1b0a-4662-9ed8-c9bb19936ec0;;2011-02-03;PR;effb2a49-e97d-4e06-9bcd-5d3f8a259bc7
ebf7f8f0-1b0a-4662-9ed8-c9bb19936ec0;;1995-10-25;PSB;b408902a-a48a-4588-8800-e2ea69e094da
ebf7f8f0-1b0a-4662-9ed8-c9bb19936ec0;1995-10-24;1995-02-01;PP;be0dac11-c07a-4e23-98a6-028723af48c1
ebf7f8f0-1b0a-4662-9ed8-c9bb19936ec0;;2011-02-03;PP;abe072c0-10e5-433b-869b-7e49d615ee4d
ebf7f8f0-1b0a-4662-9ed8-c9bb19936ec0;;2011-01-27;PP;80f489c6-16bc-453d-a33c-48fe59ae7dad
ebf7f8f0-1b0a-4662-9ed8-c9bb19936ec0;;2011-02-03;PSOL;f0362ce0-7108-4559-8cd6-73ebfc82e8be
ebf7f8f0-1b0a-4662-9ed8-c9bb19936ec0;;2015-02-01;PSDB;18bd83bd-1f86-4edc-80c7-1c42f483ee54
ebf7f8f0-1b0a-4662-9ed8-c9bb19936ec0;;2011-02-03;PCdoB;57b15d79-2533-4288-a4e9-550146546888
ebf7f8f0-1b0a-4662-9ed8-c9bb19936ec0;;2015-02-01;PTB;6cfe1fc6-be4a-4974-8e50-1d1017c9dce4
ebf7f8f0-1b0a-4662-9ed8-c9bb19936ec0;;2017-07-01;PODE;461f0823-5bf5-4406-840d-7ae415ff51d6
ebf7f8f0-1b0a-4662-9ed8-c9bb19936ec0;2017-06-30;2016-01-11;PV;58e1c67e-5ab1-46a4-b874-0b831005895e
ebf7f8f0-1b0a-4662-9ed8-c9bb19936ec0;2016-01-07;2003-08-14;PSDB;a9ad966a-5dfe-4336-bea1-a7ab4c96bb79
ebf7f8f0-1b0a-4662-9ed8-c9bb19936ec0;2003-08-13;2001-09-26;PDT;53677a54-e27a-4d6f-9513-87599516e753
ebf7f8f0-1b0a-4662-9ed8-c9bb19936ec0;2001-09-25;1999-02-01;PSDB;2a99babb-a1c7-4ac4-b725-85b900fe99a3
ebf7f8f0-1b0a-4662-9ed8-c9bb19936ec0;;2011-10-26;PSD;774c3811-80c5-4095-9876-4f6ce3373bc4
ebf7f8f0-1b0a-4662-9ed8-c9bb19936ec0;2011-10-25;2007-02-01;PPS;7d05ffe1-1afd-4143-b41d-b824a0110889
ebf7f8f0-1b0a-4662-9ed8-c9bb19936ec0;;1999-02-01;PSDB;20861842-94be-482e-9739-705705f87f04
ebf7f8f0-1b0a-4662-9ed8-c9bb19936ec0;;2011-02-03;PMDB;548cc982-21c5-4a37-abcd-c34da6e4e41f
ebf7f8f0-1b0a-4662-9ed8-c9bb19936ec0;;2015-02-01;PEN;8b272261-217c-4726-95b8-4d2d5bfe7faa
ebf7f8f0-1b0a-4662-9ed8-c9bb19936ec0;;2011-02-03;PSDB;599382ef-883b-4c9d-a92f-b539e4626130
ebf7f8f0-1b0a-4662-9ed8-c9bb19936ec0;;2009-11-05;PDT;c46606d3-6e05-475e-b1ad-e8f1debc9abb
ebf7f8f0-1b0a-4662-9ed8-c9bb19936ec0;;2011-02-03;PPS;a4e60f2b-e95e-4d30-a230-7840b7e7d822
