finishDate;org:member;org:role;resource_uri;role;startDate
;c072c80f-3595-43c0-86a2-f9de4ab08a94;6a688541-b16a-45ca-8aa9-fa700373279f;a4084c1a-a2f7-438d-b4fc-1085af4b0256;6a688541-b16a-45ca-8aa9-fa700373279f;2015-02-01
;88776b6d-78a4-4409-b4ed-d6d7da02d5ab;6a688541-b16a-45ca-8aa9-fa700373279f;f1375dee-a50d-48bc-86d4-6d72d268dbe5;6a688541-b16a-45ca-8aa9-fa700373279f;2011-01-27
;664ca3b7-95cf-4647-b0d9-7c5d69dd5caf;6a688541-b16a-45ca-8aa9-fa700373279f;c3b4c7d2-f81d-4e26-b924-ea1a28124502;6a688541-b16a-45ca-8aa9-fa700373279f;2011-02-03
;12ccdcb9-3b04-4be8-aadd-287b05819002;6a688541-b16a-45ca-8aa9-fa700373279f;10cddeff-52aa-41a5-a219-118dfa276883;6a688541-b16a-45ca-8aa9-fa700373279f;1999-02-01
;ac4e1241-47d9-4b28-a926-45ecb143d59f;6a688541-b16a-45ca-8aa9-fa700373279f;670dbcd1-5c18-4f56-81e0-e84e334059e2;6a688541-b16a-45ca-8aa9-fa700373279f;2015-02-01
;3d8250ad-d2c7-4932-92c8-2b93a11aeed4;6a688541-b16a-45ca-8aa9-fa700373279f;60952631-58e2-44fa-bca9-8f6044638a3c;6a688541-b16a-45ca-8aa9-fa700373279f;2015-02-01
;8117a2a2-3d7f-4f31-a816-7eb3290fd1c6;6a688541-b16a-45ca-8aa9-fa700373279f;18189899-204a-4a05-885f-ac64d6b4a4dd;6a688541-b16a-45ca-8aa9-fa700373279f;2011-02-03
;386d86c5-0783-4cb3-aae0-0201ac1a26e0;6a688541-b16a-45ca-8aa9-fa700373279f;7b390928-fb87-464b-8064-8d89ee24f228;6a688541-b16a-45ca-8aa9-fa700373279f;2003-05-15
2003-05-14;386d86c5-0783-4cb3-aae0-0201ac1a26e0;6a688541-b16a-45ca-8aa9-fa700373279f;2076649b-d440-4888-982d-a555ca616d06;6a688541-b16a-45ca-8aa9-fa700373279f;1999-02-01
;b36d3e89-1dfd-4517-8055-1cfad349d2ed;6a688541-b16a-45ca-8aa9-fa700373279f;027fab11-7376-4858-8765-7f2916cd2c2e;6a688541-b16a-45ca-8aa9-fa700373279f;2014-12-13
2014-12-12;b36d3e89-1dfd-4517-8055-1cfad349d2ed;6a688541-b16a-45ca-8aa9-fa700373279f;4f71b7bf-3cf6-4b34-98f9-dcc1f73fc778;6a688541-b16a-45ca-8aa9-fa700373279f;2013-12-23
2013-12-22;b36d3e89-1dfd-4517-8055-1cfad349d2ed;6a688541-b16a-45ca-8aa9-fa700373279f;d274776d-fb48-43a2-8508-aa5a8852b630;6a688541-b16a-45ca-8aa9-fa700373279f;2011-02-03
;a2533de3-bbef-412a-ae10-5100ea4d2f3f;6a688541-b16a-45ca-8aa9-fa700373279f;86420ad5-a34b-4511-93f2-165d8f06fbd9;6a688541-b16a-45ca-8aa9-fa700373279f;2015-02-01
;91ec91fc-a655-46e9-b24f-ff1b97babe58;6a688541-b16a-45ca-8aa9-fa700373279f;306efaa6-b1a6-4781-a159-e6504592226e;6a688541-b16a-45ca-8aa9-fa700373279f;2003-06-02
2003-06-01;91ec91fc-a655-46e9-b24f-ff1b97babe58;6a688541-b16a-45ca-8aa9-fa700373279f;0a5a15d6-7e4e-4bec-8868-eff24162e5aa;6a688541-b16a-45ca-8aa9-fa700373279f;2003-04-08
2003-04-07;91ec91fc-a655-46e9-b24f-ff1b97babe58;6a688541-b16a-45ca-8aa9-fa700373279f;a5878054-d29b-4677-9523-42b72d67c57b;6a688541-b16a-45ca-8aa9-fa700373279f;2003-02-01
;388fef04-b712-4c82-826a-86ac37210469;6a688541-b16a-45ca-8aa9-fa700373279f;079b3696-09ca-4cf4-af21-a046b7a6feb2;6a688541-b16a-45ca-8aa9-fa700373279f;2015-02-01
;e157442c-73f5-479b-bdd5-36bbed082774;6a688541-b16a-45ca-8aa9-fa700373279f;0043116e-08b6-4a28-a5e2-4317d2bd3143;6a688541-b16a-45ca-8aa9-fa700373279f;2015-02-01
;b1d75ea0-0971-4bef-b93e-4e84bc03f371;6a688541-b16a-45ca-8aa9-fa700373279f;d7fa199a-5b7f-4634-8a48-8d607f719357;6a688541-b16a-45ca-8aa9-fa700373279f;2015-02-01
;ea98af64-ce61-45a4-8f4b-8ded50d585f2;6a688541-b16a-45ca-8aa9-fa700373279f;af28d316-f082-4244-ac16-8ead7ea5ebe6;6a688541-b16a-45ca-8aa9-fa700373279f;2011-02-03
;1ffcfd67-f316-4ea1-969c-96e99239481a;6a688541-b16a-45ca-8aa9-fa700373279f;ed263e9c-2ebd-4d04-8a93-d4a5af9871ef;6a688541-b16a-45ca-8aa9-fa700373279f;2011-02-03
;1052a27f-0307-407c-8bdd-24b6e9e964db;6a688541-b16a-45ca-8aa9-fa700373279f;495713b4-f14a-4560-a7f4-bb9e6575d160;6a688541-b16a-45ca-8aa9-fa700373279f;2017-02-01
2017-01-31;1052a27f-0307-407c-8bdd-24b6e9e964db;6a688541-b16a-45ca-8aa9-fa700373279f;cf43ba33-2455-4225-ada5-410c95b5d7cd;6a688541-b16a-45ca-8aa9-fa700373279f;2016-04-05
2016-03-27;1052a27f-0307-407c-8bdd-24b6e9e964db;6a688541-b16a-45ca-8aa9-fa700373279f;61bd0976-cf55-4d56-b58a-8cc88e6ef91a;6a688541-b16a-45ca-8aa9-fa700373279f;2011-07-11
2007-08-01;1052a27f-0307-407c-8bdd-24b6e9e964db;6a688541-b16a-45ca-8aa9-fa700373279f;9de11b87-b644-45f7-b735-a14ae79f3581;6a688541-b16a-45ca-8aa9-fa700373279f;1999-02-01
;79bbb177-8bbd-4680-910d-6db3c691baec;6a688541-b16a-45ca-8aa9-fa700373279f;c59eae1c-8de2-48c1-a38f-e6f54aaa0711;6a688541-b16a-45ca-8aa9-fa700373279f;2017-04-17
2017-04-14;79bbb177-8bbd-4680-910d-6db3c691baec;6a688541-b16a-45ca-8aa9-fa700373279f;ab4fa404-e7f8-4bf9-af9f-dfa3cc629ecd;6a688541-b16a-45ca-8aa9-fa700373279f;2007-03-15
2007-03-14;79bbb177-8bbd-4680-910d-6db3c691baec;6a688541-b16a-45ca-8aa9-fa700373279f;bd9c06ad-6aee-45f4-824f-c554c781a330;6a688541-b16a-45ca-8aa9-fa700373279f;2007-02-01
;865e1ac6-bf2d-4f9b-93a1-86f932a9f150;6a688541-b16a-45ca-8aa9-fa700373279f;4777f803-196b-443b-87c2-3a4bd57c2008;6a688541-b16a-45ca-8aa9-fa700373279f;2011-02-03
;abe615a3-a87f-4b46-bd82-75a25e0f8eb4;6a688541-b16a-45ca-8aa9-fa700373279f;8c0fffcd-c143-469a-b34c-c5c226814b68;6a688541-b16a-45ca-8aa9-fa700373279f;2003-02-01
;14d43b00-ed42-42c8-ba27-66f7b8950a5a;6a688541-b16a-45ca-8aa9-fa700373279f;fa14e6c6-93c9-4748-95a8-5401fb785f13;6a688541-b16a-45ca-8aa9-fa700373279f;2018-04-05
2018-04-04;14d43b00-ed42-42c8-ba27-66f7b8950a5a;6a688541-b16a-45ca-8aa9-fa700373279f;e8583a0a-dcbb-40e9-9dc9-704a11f14869;6a688541-b16a-45ca-8aa9-fa700373279f;2015-09-15
2015-09-14;14d43b00-ed42-42c8-ba27-66f7b8950a5a;6a688541-b16a-45ca-8aa9-fa700373279f;81380e1b-e9db-48d6-a896-1285c213d68e;6a688541-b16a-45ca-8aa9-fa700373279f;2011-02-03
;f1f35be1-09d3-47ba-9deb-54cb8b301e3d;6a688541-b16a-45ca-8aa9-fa700373279f;fc84194a-53ae-475e-8dc2-4f725d8bd4aa;6a688541-b16a-45ca-8aa9-fa700373279f;2005-03-23
;f61cacd1-0e20-4a74-92dc-526ca62eee18;6a688541-b16a-45ca-8aa9-fa700373279f;adc336ca-d028-47a2-aa25-89c63cedbf59;6a688541-b16a-45ca-8aa9-fa700373279f;2011-02-03
;21e61d7f-4885-46ba-af27-0996be05fea1;6a688541-b16a-45ca-8aa9-fa700373279f;16458967-cec0-43d5-a115-7d0add2ec386;6a688541-b16a-45ca-8aa9-fa700373279f;2011-02-01
2006-12-19;21e61d7f-4885-46ba-af27-0996be05fea1;6a688541-b16a-45ca-8aa9-fa700373279f;9b96e530-e628-437b-91c2-1abbb8d69fc6;6a688541-b16a-45ca-8aa9-fa700373279f;1999-02-01
;a52a3599-99d2-4c05-9b70-e098a40fce7b;6a688541-b16a-45ca-8aa9-fa700373279f;3ad744d3-cd68-404e-a1b3-f2966cdc7844;6a688541-b16a-45ca-8aa9-fa700373279f;1999-02-01
;0b24b902-066d-4501-aa7a-31ed795c4b13;6a688541-b16a-45ca-8aa9-fa700373279f;4e690567-fdaf-45e8-9201-11dbb38b51b8;6a688541-b16a-45ca-8aa9-fa700373279f;2011-01-31
2016-03-28;21d77c6d-c0d1-47c4-a429-9674c0d3e791;6a688541-b16a-45ca-8aa9-fa700373279f;e359fc2d-5690-46bd-bd3c-d3479339b014;6a688541-b16a-45ca-8aa9-fa700373279f;1999-02-01
;4e72f813-d719-4603-b0a3-c4ec1c130b0a;6a688541-b16a-45ca-8aa9-fa700373279f;aa3f37e4-61f2-4d89-a975-de49b3e16c98;6a688541-b16a-45ca-8aa9-fa700373279f;2008-03-26
;1c52ef0c-d1d6-4748-890d-53a5f46e529f;6a688541-b16a-45ca-8aa9-fa700373279f;a65a5375-51ac-4a75-8d17-d84309dedc3a;6a688541-b16a-45ca-8aa9-fa700373279f;2007-02-01
;6b9bc6cf-6b15-4ac8-8812-aea846cff333;6a688541-b16a-45ca-8aa9-fa700373279f;4ae40a02-075a-428c-a129-a08457cb964d;6a688541-b16a-45ca-8aa9-fa700373279f;2011-02-03
;05b55429-5eb2-4d03-a69c-3a26cae8c4ad;6a688541-b16a-45ca-8aa9-fa700373279f;6dd3409a-d11b-4046-86b6-9a5a81eb0cef;6a688541-b16a-45ca-8aa9-fa700373279f;2015-02-01
2015-01-31;05b55429-5eb2-4d03-a69c-3a26cae8c4ad;6a688541-b16a-45ca-8aa9-fa700373279f;6d713f6d-1600-4488-b19e-970c1a9656fe;6a688541-b16a-45ca-8aa9-fa700373279f;1999-02-01
;1d5649e5-f68f-40c0-b7f7-f86975a36d92;6a688541-b16a-45ca-8aa9-fa700373279f;731eb6f9-42c0-4011-80e3-11d835c34e3b;6a688541-b16a-45ca-8aa9-fa700373279f;2014-12-30
2014-12-29;1d5649e5-f68f-40c0-b7f7-f86975a36d92;6a688541-b16a-45ca-8aa9-fa700373279f;4f2c54d4-83e5-406e-a61d-5945d956ecc5;6a688541-b16a-45ca-8aa9-fa700373279f;2013-10-01
2013-09-30;1d5649e5-f68f-40c0-b7f7-f86975a36d92;6a688541-b16a-45ca-8aa9-fa700373279f;ba485c2c-17bb-40c6-bb77-4f2a17800d6f;6a688541-b16a-45ca-8aa9-fa700373279f;2011-01-27
2011-01-25;1d5649e5-f68f-40c0-b7f7-f86975a36d92;6a688541-b16a-45ca-8aa9-fa700373279f;d517be60-ca39-45fe-88b5-a90ae89e8fea;6a688541-b16a-45ca-8aa9-fa700373279f;2007-02-01
;bb9287ce-6978-47ac-8891-d1f0261523bc;6a688541-b16a-45ca-8aa9-fa700373279f;63a7781a-e7d2-4be2-9821-213cc502f14b;6a688541-b16a-45ca-8aa9-fa700373279f;1999-02-01
;40d14615-e15e-43e4-97cd-a79a4248826e;6a688541-b16a-45ca-8aa9-fa700373279f;9a89b353-c792-4528-95eb-1fcd1aa44672;6a688541-b16a-45ca-8aa9-fa700373279f;2011-02-03
;0e0dadca-92b8-4152-83dc-8ab070da0c0e;6a688541-b16a-45ca-8aa9-fa700373279f;4402baa0-9da2-4358-ad49-a894ce2f02a6;6a688541-b16a-45ca-8aa9-fa700373279f;2011-02-03
;5d12c296-e621-46d1-86af-53c1af438965;6a688541-b16a-45ca-8aa9-fa700373279f;4572cc08-5104-4920-a5cf-cd5541b5f099;6a688541-b16a-45ca-8aa9-fa700373279f;1999-02-01
;69a391c0-c114-4835-8d64-eb6acf28c59e;6a688541-b16a-45ca-8aa9-fa700373279f;bacabf81-3109-45c7-b6fd-e769bd07e9ea;6a688541-b16a-45ca-8aa9-fa700373279f;2011-02-03
;8e8c23b8-316d-4b42-b1f6-ea62b2c73ce0;6a688541-b16a-45ca-8aa9-fa700373279f;9b55ab34-6482-4d37-9777-b8037aa191f2;6a688541-b16a-45ca-8aa9-fa700373279f;2011-02-03
2011-02-02;8e8c23b8-316d-4b42-b1f6-ea62b2c73ce0;6a688541-b16a-45ca-8aa9-fa700373279f;074c3bb4-c854-4b16-a1a8-7ccbb9364fc4;6a688541-b16a-45ca-8aa9-fa700373279f;1999-02-01
;9dac7a9c-1da3-4986-a712-81addce44c43;6a688541-b16a-45ca-8aa9-fa700373279f;245edff6-2a6c-4778-a524-a43ea3ed78ac;6a688541-b16a-45ca-8aa9-fa700373279f;2011-02-03
;8f5f9a1f-713f-40bd-8c3a-b3b86c12c347;6a688541-b16a-45ca-8aa9-fa700373279f;8e4fe172-e749-4a85-ad9b-ba574354538a;6a688541-b16a-45ca-8aa9-fa700373279f;2017-01-31
2017-01-26;8f5f9a1f-713f-40bd-8c3a-b3b86c12c347;6a688541-b16a-45ca-8aa9-fa700373279f;e029cba3-6152-4444-94f0-65c1da1e9efc;6a688541-b16a-45ca-8aa9-fa700373279f;2015-02-01
;085b8da7-75da-4a74-9f62-690b407533ae;6a688541-b16a-45ca-8aa9-fa700373279f;e1ebae12-dedc-410a-a213-43ccfda52105;6a688541-b16a-45ca-8aa9-fa700373279f;2003-02-01
;6284584e-83e8-41d2-ae03-a65e87488d81;6a688541-b16a-45ca-8aa9-fa700373279f;d6ff74de-09b7-4c1a-b4c4-c18e2ad05d18;6a688541-b16a-45ca-8aa9-fa700373279f;2015-02-01
;d731e172-e6d2-41da-91f2-b50738580bfe;6a688541-b16a-45ca-8aa9-fa700373279f;11f72212-c967-44c9-8fc5-c3458e7c47f9;6a688541-b16a-45ca-8aa9-fa700373279f;2017-02-01
2017-01-26;d731e172-e6d2-41da-91f2-b50738580bfe;6a688541-b16a-45ca-8aa9-fa700373279f;f9fa64f1-caab-455c-a5d9-60c1afec45d6;6a688541-b16a-45ca-8aa9-fa700373279f;2015-02-01
;4d08b889-3dc6-409f-93c4-749c8f2a77b8;6a688541-b16a-45ca-8aa9-fa700373279f;406b938d-e533-4c52-ab9e-598aa5bcfdf4;6a688541-b16a-45ca-8aa9-fa700373279f;2003-02-01
;0a3c6e80-4436-4468-a816-b12471b3739c;6a688541-b16a-45ca-8aa9-fa700373279f;7a20408f-e654-40c6-81d8-9772b4d95af8;6a688541-b16a-45ca-8aa9-fa700373279f;2011-02-03
;ded5a5e0-802d-4076-883e-94befc266229;6a688541-b16a-45ca-8aa9-fa700373279f;2c4127df-d42f-463b-97a5-910f0e816385;6a688541-b16a-45ca-8aa9-fa700373279f;2015-02-01
;4c1a0a0a-4e60-4980-84cc-bf878785445b;6a688541-b16a-45ca-8aa9-fa700373279f;6ceae60c-7d32-4494-8c51-3f29422fe947;6a688541-b16a-45ca-8aa9-fa700373279f;2011-02-03
;c47a2a83-2f7d-4b23-96c8-c8389d230ca3;6a688541-b16a-45ca-8aa9-fa700373279f;fdcc251a-4337-484d-8ead-cd5dc4901354;6a688541-b16a-45ca-8aa9-fa700373279f;2011-11-01
2011-10-31;c47a2a83-2f7d-4b23-96c8-c8389d230ca3;6a688541-b16a-45ca-8aa9-fa700373279f;a5fed3df-2015-4d78-b878-d3d08d5121e7;6a688541-b16a-45ca-8aa9-fa700373279f;2007-02-01
;34073aad-7438-4174-a047-62f7a7ec2461;6a688541-b16a-45ca-8aa9-fa700373279f;a6b99881-72fb-4ee9-b5d5-08627a109806;6a688541-b16a-45ca-8aa9-fa700373279f;2015-02-01
;9c3156c5-a14b-4d99-9484-b3e55704b988;6a688541-b16a-45ca-8aa9-fa700373279f;833a3a61-5753-46cf-b71c-74b8afb65ffd;6a688541-b16a-45ca-8aa9-fa700373279f;1999-02-01
;296f627e-a475-4057-b4d1-72a73682b546;6a688541-b16a-45ca-8aa9-fa700373279f;e27365f5-2b89-4e20-a82f-a73204357fad;6a688541-b16a-45ca-8aa9-fa700373279f;2011-02-03
;d90dd54c-a838-4351-ba10-0a16ec667fb7;6a688541-b16a-45ca-8aa9-fa700373279f;b92bdc29-e0ec-4c49-b050-2345ca3c2b98;6a688541-b16a-45ca-8aa9-fa700373279f;2015-02-01
;98a53332-5fd9-4493-b9a6-db9d80f5448c;6a688541-b16a-45ca-8aa9-fa700373279f;20024fde-5b9f-4df8-b84a-f159290b7a7a;6a688541-b16a-45ca-8aa9-fa700373279f;2015-02-01
;00a976ac-4646-4751-8d23-e3b101653ea2;6a688541-b16a-45ca-8aa9-fa700373279f;f27cfe46-7c3e-4535-8a4d-b01e671aa533;6a688541-b16a-45ca-8aa9-fa700373279f;2011-02-03
;0a9469a3-3731-46af-bcda-e2b2da4d6def;6a688541-b16a-45ca-8aa9-fa700373279f;0613da1d-bee5-48b6-9961-498c286f2f14;6a688541-b16a-45ca-8aa9-fa700373279f;2011-02-03
;b632a9db-9db4-4a8f-9ddc-9d7754e6494b;6a688541-b16a-45ca-8aa9-fa700373279f;c115b8b0-7258-4e70-a784-476d2e4f328d;6a688541-b16a-45ca-8aa9-fa700373279f;2011-02-03
;bdff27a3-bc83-40b5-bdd4-8391c7a777e5;6a688541-b16a-45ca-8aa9-fa700373279f;b223f702-e2e9-4713-9f2f-f216fce15420;6a688541-b16a-45ca-8aa9-fa700373279f;2015-02-01
;aa343aa2-ad5d-45c4-88d1-0f998f7a2b1c;6a688541-b16a-45ca-8aa9-fa700373279f;077d3548-e44f-4506-90b1-2d6b994491b4;6a688541-b16a-45ca-8aa9-fa700373279f;2011-02-03
;67ccee0c-9a35-4379-96c6-0d94517240b1;6a688541-b16a-45ca-8aa9-fa700373279f;c35e0865-cd76-47a0-ab87-56df28ed7b6f;6a688541-b16a-45ca-8aa9-fa700373279f;2018-04-07
2018-04-06;67ccee0c-9a35-4379-96c6-0d94517240b1;6a688541-b16a-45ca-8aa9-fa700373279f;31744991-7b89-487c-8f15-ac442032c1c4;6a688541-b16a-45ca-8aa9-fa700373279f;2003-10-14
2003-10-13;67ccee0c-9a35-4379-96c6-0d94517240b1;6a688541-b16a-45ca-8aa9-fa700373279f;e2858aee-d659-42f4-ad4b-93059d8cae16;6a688541-b16a-45ca-8aa9-fa700373279f;2001-03-08
;15f6c4e1-7866-4d6b-8b06-c68b74f34280;6a688541-b16a-45ca-8aa9-fa700373279f;67fb4f2d-a83f-4ad1-82f9-d023383352a6;6a688541-b16a-45ca-8aa9-fa700373279f;2015-02-01
;3ba55941-dc1f-418e-8dca-4c35d5d9d2ab;6a688541-b16a-45ca-8aa9-fa700373279f;bf7d8f79-d61e-4071-bed6-57f393b0d05c;6a688541-b16a-45ca-8aa9-fa700373279f;2011-02-03
;72c0393e-79e4-4bf0-9bfb-0daeb5d20041;6a688541-b16a-45ca-8aa9-fa700373279f;97037254-c2a3-4d03-8864-6d1706b2dfb5;6a688541-b16a-45ca-8aa9-fa700373279f;2017-07-04
2017-07-03;72c0393e-79e4-4bf0-9bfb-0daeb5d20041;6a688541-b16a-45ca-8aa9-fa700373279f;9b42bf2e-1856-4577-be8f-bff481294a8c;6a688541-b16a-45ca-8aa9-fa700373279f;2013-10-02
2013-08-19;72c0393e-79e4-4bf0-9bfb-0daeb5d20041;6a688541-b16a-45ca-8aa9-fa700373279f;3d653c00-0c9d-4e6e-a7ab-bb0edc997f70;6a688541-b16a-45ca-8aa9-fa700373279f;2011-02-01
;84e4c713-a00a-49ae-a3e5-3d415fba8de5;6a688541-b16a-45ca-8aa9-fa700373279f;d7afc489-03f2-4ede-a1ed-2d7524c80476;6a688541-b16a-45ca-8aa9-fa700373279f;2003-05-14
2003-05-13;84e4c713-a00a-49ae-a3e5-3d415fba8de5;6a688541-b16a-45ca-8aa9-fa700373279f;fa38c81e-5151-4713-b913-058f5b780b7e;6a688541-b16a-45ca-8aa9-fa700373279f;1999-01-28
1999-01-27;84e4c713-a00a-49ae-a3e5-3d415fba8de5;6a688541-b16a-45ca-8aa9-fa700373279f;0b83736a-b79d-45b8-8700-9378b0b9cc79;6a688541-b16a-45ca-8aa9-fa700373279f;1995-02-16
1995-02-15;84e4c713-a00a-49ae-a3e5-3d415fba8de5;6a688541-b16a-45ca-8aa9-fa700373279f;cfd17540-4a8b-4d8b-b008-104f14c7f1e3;6a688541-b16a-45ca-8aa9-fa700373279f;1995-02-01
;4361d273-5947-4597-adee-f3add02a12f3;6a688541-b16a-45ca-8aa9-fa700373279f;c8681146-c0f4-46bc-bcfc-07a84a58e0a2;6a688541-b16a-45ca-8aa9-fa700373279f;2007-02-01
;d0fac895-d8ef-48b1-bb9d-5f5170fee734;6a688541-b16a-45ca-8aa9-fa700373279f;b46d90a7-21ed-4523-9ca1-a51a91983a69;6a688541-b16a-45ca-8aa9-fa700373279f;2007-04-24
2007-04-23;d0fac895-d8ef-48b1-bb9d-5f5170fee734;6a688541-b16a-45ca-8aa9-fa700373279f;ef5f2c45-af1b-4341-9d9e-997db5827089;6a688541-b16a-45ca-8aa9-fa700373279f;1999-02-01
;6b04c2d2-6249-4302-a9c5-5a0e28cff224;6a688541-b16a-45ca-8aa9-fa700373279f;1ae41b4f-47c6-4e76-8c89-ad343084d278;6a688541-b16a-45ca-8aa9-fa700373279f;2011-02-03
;9142f343-a65b-4676-9e85-b776fcecce4e;6a688541-b16a-45ca-8aa9-fa700373279f;3e4daef1-eaa7-4990-8e59-0ffa44d3c427;6a688541-b16a-45ca-8aa9-fa700373279f;2017-10-04
2017-09-28;9142f343-a65b-4676-9e85-b776fcecce4e;6a688541-b16a-45ca-8aa9-fa700373279f;7579bb48-a748-448f-9b5b-87cec2e1ed14;6a688541-b16a-45ca-8aa9-fa700373279f;2015-02-01
2011-01-31;9142f343-a65b-4676-9e85-b776fcecce4e;6a688541-b16a-45ca-8aa9-fa700373279f;2b5826a7-ae20-4c7a-a2eb-797930b4fa1e;6a688541-b16a-45ca-8aa9-fa700373279f;1999-02-01
;dc60217c-0d92-44a0-a210-7a8b0bd5f672;6a688541-b16a-45ca-8aa9-fa700373279f;3562165d-5147-40dd-89ac-d1883502e3c7;6a688541-b16a-45ca-8aa9-fa700373279f;1995-02-01
;8cf10beb-42e1-41b0-8791-6d84cc16558d;6a688541-b16a-45ca-8aa9-fa700373279f;0e316211-2c8f-4509-b5a1-1eacf3e3584d;6a688541-b16a-45ca-8aa9-fa700373279f;2011-02-03
;e8b11aad-a268-4b52-8b38-b4e8eb0d808e;6a688541-b16a-45ca-8aa9-fa700373279f;b8957132-5cfe-4394-b009-1a033f852e44;6a688541-b16a-45ca-8aa9-fa700373279f;2015-11-11
2015-11-10;e8b11aad-a268-4b52-8b38-b4e8eb0d808e;6a688541-b16a-45ca-8aa9-fa700373279f;edc9d6ad-2b75-451f-9c86-cd8497a68d86;6a688541-b16a-45ca-8aa9-fa700373279f;2015-02-01
;67467a48-f2a7-4ba6-90af-5d07e0692a81;6a688541-b16a-45ca-8aa9-fa700373279f;f06164e9-150b-4838-b2ff-93545b652b90;6a688541-b16a-45ca-8aa9-fa700373279f;2016-03-01
2016-02-03;67467a48-f2a7-4ba6-90af-5d07e0692a81;6a688541-b16a-45ca-8aa9-fa700373279f;95f92a08-cf35-4460-9eeb-799200ce3f08;6a688541-b16a-45ca-8aa9-fa700373279f;2011-01-27
2011-01-26;67467a48-f2a7-4ba6-90af-5d07e0692a81;6a688541-b16a-45ca-8aa9-fa700373279f;b9804fbc-94aa-411c-9a9a-5d6379990004;6a688541-b16a-45ca-8aa9-fa700373279f;2001-06-22
2001-06-21;67467a48-f2a7-4ba6-90af-5d07e0692a81;6a688541-b16a-45ca-8aa9-fa700373279f;7efbfcbe-a522-4db1-a9b9-8ac5cd6893a0;6a688541-b16a-45ca-8aa9-fa700373279f;1999-02-01
2016-02-17;ac1e4ec6-8f3c-420d-b07f-e652eaace968;6a688541-b16a-45ca-8aa9-fa700373279f;f3424ebf-f57d-40e5-93cb-3d6e0468cf5e;6a688541-b16a-45ca-8aa9-fa700373279f;2011-02-01
;22c978c0-fdf6-4cce-be19-f4f46770718c;6a688541-b16a-45ca-8aa9-fa700373279f;5beaedc2-2aaf-46aa-a52c-37ea49b66368;6a688541-b16a-45ca-8aa9-fa700373279f;1995-02-01
;01760840-8d85-4a14-ae7f-c5b78fb57df5;6a688541-b16a-45ca-8aa9-fa700373279f;cecda670-3491-4059-97fc-ed919a7f75bd;6a688541-b16a-45ca-8aa9-fa700373279f;2011-02-03
;5e973d44-2731-4a1a-9879-32fa13dfdeb8;6a688541-b16a-45ca-8aa9-fa700373279f;1934a145-beae-4960-be33-7d4bed479421;6a688541-b16a-45ca-8aa9-fa700373279f;2018-02-26
2018-02-25;5e973d44-2731-4a1a-9879-32fa13dfdeb8;6a688541-b16a-45ca-8aa9-fa700373279f;48d9ac22-d13c-4ac7-9233-cfbcf4e04a2a;6a688541-b16a-45ca-8aa9-fa700373279f;2011-02-03
;8eedb3bf-8e87-459a-9b0a-3ddf53a0e9e1;6a688541-b16a-45ca-8aa9-fa700373279f;92735070-ca57-40a8-b3d2-8ae0191c1ee3;6a688541-b16a-45ca-8aa9-fa700373279f;2015-09-29
2015-09-28;8eedb3bf-8e87-459a-9b0a-3ddf53a0e9e1;6a688541-b16a-45ca-8aa9-fa700373279f;9229a5d8-8164-4ae9-af80-467a1a4d9dc8;6a688541-b16a-45ca-8aa9-fa700373279f;2011-01-28
;06dd3d2f-c068-4e90-92b5-f122b12b5fc7;6a688541-b16a-45ca-8aa9-fa700373279f;f2279b04-dc74-4574-97e0-433f24d5a868;6a688541-b16a-45ca-8aa9-fa700373279f;2011-02-03
;bbffdcfb-9793-47a4-844f-43c419235286;6a688541-b16a-45ca-8aa9-fa700373279f;32d022ff-3136-4e91-9ba9-dad80798d96e;6a688541-b16a-45ca-8aa9-fa700373279f;2011-02-03
;77aacc4f-a0ce-447c-847d-727d1a150e41;6a688541-b16a-45ca-8aa9-fa700373279f;461a4558-bf49-4642-8e83-2daf59ad80a1;6a688541-b16a-45ca-8aa9-fa700373279f;2018-04-04
2018-04-03;77aacc4f-a0ce-447c-847d-727d1a150e41;6a688541-b16a-45ca-8aa9-fa700373279f;1bf6d530-5a01-4eb5-a4a2-602c5b7b0fd6;6a688541-b16a-45ca-8aa9-fa700373279f;2011-02-03
1991-01-31;77aacc4f-a0ce-447c-847d-727d1a150e41;6a688541-b16a-45ca-8aa9-fa700373279f;b62a8a35-e6d4-487d-9327-4c820f019105;6a688541-b16a-45ca-8aa9-fa700373279f;1990-03-28
1990-03-27;77aacc4f-a0ce-447c-847d-727d1a150e41;6a688541-b16a-45ca-8aa9-fa700373279f;3000cb4d-fec3-4488-a801-9cf5127eb3b7;6a688541-b16a-45ca-8aa9-fa700373279f;1987-02-01
;2898a985-05d8-4aa0-bf1a-9a1ca8fd524c;6a688541-b16a-45ca-8aa9-fa700373279f;e6a6cab2-05c5-41a2-b0c3-03e10f03b474;6a688541-b16a-45ca-8aa9-fa700373279f;1999-02-01
;794a74c9-f834-45e0-84bc-058250b458d2;6a688541-b16a-45ca-8aa9-fa700373279f;c6b85e27-6f31-45f8-b2ba-ac185eff0656;6a688541-b16a-45ca-8aa9-fa700373279f;2011-01-27
;94b7d3fd-f5c7-464a-9568-b1883cc395b5;6a688541-b16a-45ca-8aa9-fa700373279f;5779074a-baf5-472d-b4b4-aa4aec7e0966;6a688541-b16a-45ca-8aa9-fa700373279f;2007-02-01
;a1d33818-4807-4c45-9a6f-8db1e12a0708;6a688541-b16a-45ca-8aa9-fa700373279f;57a22032-060d-4eca-8607-7d20c79a44d8;6a688541-b16a-45ca-8aa9-fa700373279f;1999-02-01
;e8548a1e-fdaa-426c-bbae-a59830f5bb05;6a688541-b16a-45ca-8aa9-fa700373279f;2b105ba9-cb15-4d83-8328-bb308243cda2;6a688541-b16a-45ca-8aa9-fa700373279f;2015-02-01
;b1c81864-5014-4750-8d1d-20145aa7ecdf;6a688541-b16a-45ca-8aa9-fa700373279f;efddf872-134c-4940-b036-1c0229371dcd;6a688541-b16a-45ca-8aa9-fa700373279f;2011-02-03
2006-12-19;ed3219bf-3846-4097-945d-25cc5e37a6cc;6a688541-b16a-45ca-8aa9-fa700373279f;a5e84f25-baac-4144-99ac-5bccfa034f5f;6a688541-b16a-45ca-8aa9-fa700373279f;1999-10-07
1999-10-06;ed3219bf-3846-4097-945d-25cc5e37a6cc;6a688541-b16a-45ca-8aa9-fa700373279f;2aa6db56-5d28-4229-9f79-defcb1dbaa9b;6a688541-b16a-45ca-8aa9-fa700373279f;1999-02-01
;2096d988-a25d-4af6-9032-53163648dacf;6a688541-b16a-45ca-8aa9-fa700373279f;e9a685bc-3a9e-4f80-ae46-93ebad6eae10;6a688541-b16a-45ca-8aa9-fa700373279f;2007-03-14
2007-01-31;2096d988-a25d-4af6-9032-53163648dacf;6a688541-b16a-45ca-8aa9-fa700373279f;884b62c6-b57a-4171-b9ac-571fc41a922f;6a688541-b16a-45ca-8aa9-fa700373279f;2005-06-22
2005-06-15;2096d988-a25d-4af6-9032-53163648dacf;6a688541-b16a-45ca-8aa9-fa700373279f;db945989-a597-4e26-b483-e388efae62a1;6a688541-b16a-45ca-8aa9-fa700373279f;2003-02-01
;1b3cf4c9-df11-4b9b-ab04-4696813316cb;6a688541-b16a-45ca-8aa9-fa700373279f;40d98773-138f-47b3-8c71-5b202f87bc47;6a688541-b16a-45ca-8aa9-fa700373279f;2011-02-03
;687f9449-eae6-4810-8ac6-15e1907fa1be;6a688541-b16a-45ca-8aa9-fa700373279f;b59df723-e9ab-450a-bdf3-af66a50ef961;6a688541-b16a-45ca-8aa9-fa700373279f;2011-02-03
;cd77dc6e-4c17-490a-8390-31ccbd74be68;6a688541-b16a-45ca-8aa9-fa700373279f;b2d89b56-56f3-492e-b338-080a73e04db2;6a688541-b16a-45ca-8aa9-fa700373279f;2011-02-03
;988ef563-72fa-42f1-a7f1-02f736352621;6a688541-b16a-45ca-8aa9-fa700373279f;8b0220c4-392f-45ca-b24f-703dc0104817;6a688541-b16a-45ca-8aa9-fa700373279f;2017-12-18
2017-12-17;988ef563-72fa-42f1-a7f1-02f736352621;6a688541-b16a-45ca-8aa9-fa700373279f;a277b17a-1c0f-4643-aed9-50147375eac2;6a688541-b16a-45ca-8aa9-fa700373279f;2010-02-03
;28357c7e-3936-4843-a5ee-844670006d9e;6a688541-b16a-45ca-8aa9-fa700373279f;9af110a2-1de3-44a9-a402-05c3d5122df9;6a688541-b16a-45ca-8aa9-fa700373279f;2015-02-01
;b9124f79-9536-4036-a13f-13c33433ce62;6a688541-b16a-45ca-8aa9-fa700373279f;149ab392-d508-4aed-b794-6f6e308abc1c;6a688541-b16a-45ca-8aa9-fa700373279f;2015-02-01
;b113ffa4-b745-4911-a4d7-ff2c0290ba33;6a688541-b16a-45ca-8aa9-fa700373279f;38c22ea3-28b8-40cb-ae1d-4600e3a36901;6a688541-b16a-45ca-8aa9-fa700373279f;2015-02-01
;5fdb2567-9b92-4852-8ae8-d3bde3a9ec4c;6a688541-b16a-45ca-8aa9-fa700373279f;4f278ce7-296f-429b-8bd9-9d953775a86c;6a688541-b16a-45ca-8aa9-fa700373279f;2011-02-03
2007-01-31;5fdb2567-9b92-4852-8ae8-d3bde3a9ec4c;6a688541-b16a-45ca-8aa9-fa700373279f;a6a3ff18-0b91-4beb-81b8-9404d5f3a42d;6a688541-b16a-45ca-8aa9-fa700373279f;2005-02-03
2005-02-02;5fdb2567-9b92-4852-8ae8-d3bde3a9ec4c;6a688541-b16a-45ca-8aa9-fa700373279f;65e92740-3d6b-48fa-ab9a-8369e4d5e8ae;6a688541-b16a-45ca-8aa9-fa700373279f;2003-09-16
2003-04-02;5fdb2567-9b92-4852-8ae8-d3bde3a9ec4c;6a688541-b16a-45ca-8aa9-fa700373279f;181804a8-0960-4a62-9abf-e4f227e14a9d;6a688541-b16a-45ca-8aa9-fa700373279f;1999-02-01
;9be4ce66-4c3c-459f-9b02-75afebb6b07b;6a688541-b16a-45ca-8aa9-fa700373279f;58c1ebae-a79b-4179-9dae-d808f50871c5;6a688541-b16a-45ca-8aa9-fa700373279f;2015-02-01
;8115d4a2-6e79-4e83-9982-16d6ded8b86b;6a688541-b16a-45ca-8aa9-fa700373279f;06023afe-f25f-4317-81e5-014f3259c543;6a688541-b16a-45ca-8aa9-fa700373279f;2011-02-03
;3c2489c8-2394-48ac-aee5-459d134fa7fc;6a688541-b16a-45ca-8aa9-fa700373279f;b6da68b1-3752-49f5-b557-1783b862963f;6a688541-b16a-45ca-8aa9-fa700373279f;2011-02-03
;fa9d260b-4bb8-40e8-8237-6c36910f0c2e;6a688541-b16a-45ca-8aa9-fa700373279f;797576a5-297a-46f6-8a76-06201f77ac0d;6a688541-b16a-45ca-8aa9-fa700373279f;1998-11-13
;a4cdc2aa-58c2-4400-80ff-81df5751a1ca;6a688541-b16a-45ca-8aa9-fa700373279f;d9781db4-16bf-4ba6-a90b-b846115718fa;6a688541-b16a-45ca-8aa9-fa700373279f;2011-02-03
;8ed47306-3b66-494c-bec1-65245204fabd;6a688541-b16a-45ca-8aa9-fa700373279f;9ba7d019-a55c-4745-b82e-6a76328a242a;6a688541-b16a-45ca-8aa9-fa700373279f;2011-02-03
;57f59fd6-000f-4712-ab67-67111ca20277;6a688541-b16a-45ca-8aa9-fa700373279f;6de9ee3a-181b-4ac1-9419-735daba447ab;6a688541-b16a-45ca-8aa9-fa700373279f;1999-02-01
;47bbd50b-4613-407b-976e-eb988275a796;6a688541-b16a-45ca-8aa9-fa700373279f;c6adc71c-0d21-4104-93b3-a62abe0ee334;6a688541-b16a-45ca-8aa9-fa700373279f;2011-02-03
;e6151e4a-7a43-4a36-88a1-8846fd93a937;6a688541-b16a-45ca-8aa9-fa700373279f;5d75db66-2438-4dd3-9d46-f737e6c3c2a1;6a688541-b16a-45ca-8aa9-fa700373279f;2011-02-01
;fea99295-e819-4d0a-8351-c6a3bb8ca9c7;6a688541-b16a-45ca-8aa9-fa700373279f;5727fdee-f1c5-46ef-8206-1e080c35f26c;6a688541-b16a-45ca-8aa9-fa700373279f;2015-02-01
;d379f530-2980-49f3-8bc0-cf6777b9abb3;6a688541-b16a-45ca-8aa9-fa700373279f;8920fc50-5b2b-4139-ac3a-5deb95cfe957;6a688541-b16a-45ca-8aa9-fa700373279f;2014-07-16
1999-01-31;d379f530-2980-49f3-8bc0-cf6777b9abb3;6a688541-b16a-45ca-8aa9-fa700373279f;0571f4ca-e3ef-4cc2-a2a8-29394dd489f4;6a688541-b16a-45ca-8aa9-fa700373279f;1997-08-20
1997-08-19;d379f530-2980-49f3-8bc0-cf6777b9abb3;6a688541-b16a-45ca-8aa9-fa700373279f;64e5489c-8c91-417c-8a58-fb56b9eca85e;6a688541-b16a-45ca-8aa9-fa700373279f;1991-02-01
;6e1d05f8-5214-4567-8e6b-53b8a37f5699;6a688541-b16a-45ca-8aa9-fa700373279f;ff5c2c31-27a2-44c8-b2a2-92db317788ce;6a688541-b16a-45ca-8aa9-fa700373279f;2011-02-03
;625b80ee-f645-4712-88ee-7d2d40e40dd3;6a688541-b16a-45ca-8aa9-fa700373279f;66ae86f1-8dde-45b2-a48d-d4b62b6711ba;6a688541-b16a-45ca-8aa9-fa700373279f;2015-02-01
;d8eac7da-f942-4270-8581-c16479bee8a1;6a688541-b16a-45ca-8aa9-fa700373279f;da21ef18-af11-4c58-9506-9dc4498b33d7;6a688541-b16a-45ca-8aa9-fa700373279f;2011-01-31
;28c06ab6-4c7d-4d8d-b444-5bce2e9b8092;6a688541-b16a-45ca-8aa9-fa700373279f;12cbabc2-1de1-479a-9b11-9c0c3d1d3456;6a688541-b16a-45ca-8aa9-fa700373279f;2007-08-02
2007-08-01;28c06ab6-4c7d-4d8d-b444-5bce2e9b8092;6a688541-b16a-45ca-8aa9-fa700373279f;01af5820-9230-475d-8ac2-9ef2d9dafeff;6a688541-b16a-45ca-8aa9-fa700373279f;1999-02-01
;7c9e85ec-10c8-4c1f-96f7-9ac80cce5c2d;6a688541-b16a-45ca-8aa9-fa700373279f;f0d84972-0b8d-4ba0-b07d-4c5972e0a433;6a688541-b16a-45ca-8aa9-fa700373279f;2015-09-25
2015-05-05;7c9e85ec-10c8-4c1f-96f7-9ac80cce5c2d;6a688541-b16a-45ca-8aa9-fa700373279f;12ff4149-88f1-4443-b54b-5c2ce1dc15d2;6a688541-b16a-45ca-8aa9-fa700373279f;2011-01-27
;53b1e990-b31f-4240-8f78-3319fae11c66;6a688541-b16a-45ca-8aa9-fa700373279f;35a3c5e7-47b5-48a4-88df-a0793aa69dfc;6a688541-b16a-45ca-8aa9-fa700373279f;2004-12-16
2004-12-15;53b1e990-b31f-4240-8f78-3319fae11c66;6a688541-b16a-45ca-8aa9-fa700373279f;9758ff63-dd17-47d3-9951-6d750bd22586;6a688541-b16a-45ca-8aa9-fa700373279f;1999-02-01
;58346859-26e8-4d28-a35f-1f427c74ec4d;6a688541-b16a-45ca-8aa9-fa700373279f;b0d3b4b8-e0bb-4a94-8535-4e89f1b1214a;6a688541-b16a-45ca-8aa9-fa700373279f;2015-02-01
;716a7890-cad9-40d8-a104-c23871235ab9;6a688541-b16a-45ca-8aa9-fa700373279f;3c66912f-dae3-4227-866b-1fc19f922c54;6a688541-b16a-45ca-8aa9-fa700373279f;2011-02-03
;611701af-fb70-4567-933f-f8247449db0d;6a688541-b16a-45ca-8aa9-fa700373279f;a06859f3-4534-4e8c-89f2-ef9fd25b247a;6a688541-b16a-45ca-8aa9-fa700373279f;2011-02-03
;061e42ba-da13-4603-803e-6403e5e5dbb4;6a688541-b16a-45ca-8aa9-fa700373279f;6912ddf0-5c1c-4769-b6e5-67244c74ed55;6a688541-b16a-45ca-8aa9-fa700373279f;2011-02-03
;8235de01-4265-4fb0-987e-321e9c9f95f1;6a688541-b16a-45ca-8aa9-fa700373279f;495c20e7-1ee7-4c16-81ff-f08edc344a43;6a688541-b16a-45ca-8aa9-fa700373279f;2011-02-03
;29e87930-e298-4d2a-98f3-24c51543ce9b;6a688541-b16a-45ca-8aa9-fa700373279f;60185f67-7708-4073-b336-5b009ad760b6;6a688541-b16a-45ca-8aa9-fa700373279f;2015-12-01
2011-01-31;29e87930-e298-4d2a-98f3-24c51543ce9b;6a688541-b16a-45ca-8aa9-fa700373279f;afe2fbe6-e9c8-417f-bec7-b748f6184988;6a688541-b16a-45ca-8aa9-fa700373279f;2009-10-15
2009-10-14;29e87930-e298-4d2a-98f3-24c51543ce9b;6a688541-b16a-45ca-8aa9-fa700373279f;560bc462-cbbc-4a50-8f40-634fa9b1a69c;6a688541-b16a-45ca-8aa9-fa700373279f;2007-02-01
2007-01-31;29e87930-e298-4d2a-98f3-24c51543ce9b;6a688541-b16a-45ca-8aa9-fa700373279f;63c91d17-44f5-43d7-a68e-db8fb71afeab;6a688541-b16a-45ca-8aa9-fa700373279f;2003-07-25
2003-07-24;29e87930-e298-4d2a-98f3-24c51543ce9b;6a688541-b16a-45ca-8aa9-fa700373279f;eb29fb17-9b74-4739-926f-d062e532bd27;6a688541-b16a-45ca-8aa9-fa700373279f;2003-02-26
2003-01-31;29e87930-e298-4d2a-98f3-24c51543ce9b;6a688541-b16a-45ca-8aa9-fa700373279f;db64259f-106a-4735-8b98-d04d84c1203e;6a688541-b16a-45ca-8aa9-fa700373279f;1999-02-01
;c9488653-10eb-4cbd-b463-51a892acb032;6a688541-b16a-45ca-8aa9-fa700373279f;b22eee33-dd76-485e-9a51-caf661a36f75;6a688541-b16a-45ca-8aa9-fa700373279f;2006-04-04
2006-04-03;c9488653-10eb-4cbd-b463-51a892acb032;6a688541-b16a-45ca-8aa9-fa700373279f;b45e93fb-28a9-49cb-a9d6-a6aaf419bdfd;6a688541-b16a-45ca-8aa9-fa700373279f;2005-10-04
2005-09-28;c9488653-10eb-4cbd-b463-51a892acb032;6a688541-b16a-45ca-8aa9-fa700373279f;b6d622ea-5a33-4ba3-bfca-37ad93504aad;6a688541-b16a-45ca-8aa9-fa700373279f;2003-02-01
;74ebbe70-0630-463b-bb87-63245f3abf05;6a688541-b16a-45ca-8aa9-fa700373279f;09869bb7-6870-4df8-b005-636e00dd99e6;6a688541-b16a-45ca-8aa9-fa700373279f;2015-02-01
;4ac44cff-d4db-4e3f-b18d-908834c67ffa;6a688541-b16a-45ca-8aa9-fa700373279f;2d066a89-effd-4499-b14e-ff375c3428b4;6a688541-b16a-45ca-8aa9-fa700373279f;2007-02-01
2006-12-19;4ac44cff-d4db-4e3f-b18d-908834c67ffa;6a688541-b16a-45ca-8aa9-fa700373279f;6ec50f35-6f42-4008-802f-a2b4bfd22e81;6a688541-b16a-45ca-8aa9-fa700373279f;2003-02-01
2001-03-21;4ac44cff-d4db-4e3f-b18d-908834c67ffa;6a688541-b16a-45ca-8aa9-fa700373279f;b99d68a1-b299-45e6-9024-cadf1d5e6367;6a688541-b16a-45ca-8aa9-fa700373279f;1999-02-01
;920972c7-31fe-4b6a-8a55-9ebdbed1d2c9;6a688541-b16a-45ca-8aa9-fa700373279f;c6bdc03f-7181-471e-be30-23f8276accfc;6a688541-b16a-45ca-8aa9-fa700373279f;2015-02-01
;522c8b91-1755-4a8e-bcbf-deccb5471daa;6a688541-b16a-45ca-8aa9-fa700373279f;ae30a013-67e2-4cd5-bcc8-ec1ad157bb2a;6a688541-b16a-45ca-8aa9-fa700373279f;2002-10-29
;d08b4fd9-ac97-4a7c-a82d-e82935aeeec4;6a688541-b16a-45ca-8aa9-fa700373279f;43cb1cae-93fc-463d-aeb4-ee3e7fb66191;6a688541-b16a-45ca-8aa9-fa700373279f;2015-09-03
2015-06-09;d08b4fd9-ac97-4a7c-a82d-e82935aeeec4;6a688541-b16a-45ca-8aa9-fa700373279f;6bee1df8-54c5-461f-bb67-356b3bf0ca1d;6a688541-b16a-45ca-8aa9-fa700373279f;1999-02-01
;0d9e16bc-0023-40f5-8f5a-eecb93563d99;6a688541-b16a-45ca-8aa9-fa700373279f;6b547552-fad6-4e55-b686-c408ed019071;6a688541-b16a-45ca-8aa9-fa700373279f;2011-02-03
;b7438e5f-7c24-4c31-b04b-d7743452b22e;6a688541-b16a-45ca-8aa9-fa700373279f;1a5e50b0-a72e-4dbd-b6fa-8f5b0b9618fe;6a688541-b16a-45ca-8aa9-fa700373279f;2007-02-01
;eb16ebfc-6335-45d0-8981-8c78ab9235be;6a688541-b16a-45ca-8aa9-fa700373279f;3d60066d-0a1d-4fd0-8dbe-5bbd9b501c31;6a688541-b16a-45ca-8aa9-fa700373279f;2011-01-27
;26517902-89df-4849-86d0-21d3bff4f19b;6a688541-b16a-45ca-8aa9-fa700373279f;5076f2c5-7ce0-46a4-b06b-67d2b31a49a6;6a688541-b16a-45ca-8aa9-fa700373279f;2015-02-01
;79cf23d3-541d-4b9e-854c-c301b829b4e9;6a688541-b16a-45ca-8aa9-fa700373279f;1db5e4e4-6dfa-4db9-8b26-c00a383dedc2;6a688541-b16a-45ca-8aa9-fa700373279f;2015-02-01
;13923a90-75e4-4684-bd50-7f2d29b964b4;6a688541-b16a-45ca-8aa9-fa700373279f;25265054-6a64-4310-b187-205bc414d306;6a688541-b16a-45ca-8aa9-fa700373279f;2011-02-03
;9ede5195-8749-42c2-8064-197a9b4e12be;6a688541-b16a-45ca-8aa9-fa700373279f;56a9acb9-b5b4-4483-b495-e56ab7b082e2;6a688541-b16a-45ca-8aa9-fa700373279f;2011-02-03
;5dd0be1e-e0ca-4eb7-a00e-0253069d76c2;6a688541-b16a-45ca-8aa9-fa700373279f;b565e648-f9ee-4b9f-856a-0ca94946590a;6a688541-b16a-45ca-8aa9-fa700373279f;2011-02-03
;213f228e-0779-480d-bf50-0441f18271e5;6a688541-b16a-45ca-8aa9-fa700373279f;25e6aa07-edaa-41a0-92bb-b0e07a626663;6a688541-b16a-45ca-8aa9-fa700373279f;2011-02-03
;da61aadb-297d-4787-9136-b12e37032b7c;6a688541-b16a-45ca-8aa9-fa700373279f;92704ca6-34a2-4fb0-844a-c454737a36ba;6a688541-b16a-45ca-8aa9-fa700373279f;2003-02-01
;b0ab39a3-88c9-4dcf-948f-8774bcc8c667;6a688541-b16a-45ca-8aa9-fa700373279f;fc43b6d1-fc77-4cf9-8dc9-de47b21830cc;6a688541-b16a-45ca-8aa9-fa700373279f;2017-01-31
2017-01-30;b0ab39a3-88c9-4dcf-948f-8774bcc8c667;6a688541-b16a-45ca-8aa9-fa700373279f;67681e1f-cb7b-4daf-833d-5c95edd4487b;6a688541-b16a-45ca-8aa9-fa700373279f;2015-02-01
;c154a845-14b4-4d1b-8aec-44387e87436d;6a688541-b16a-45ca-8aa9-fa700373279f;09a44c1e-9f7d-457b-ab9e-55c0978e262f;6a688541-b16a-45ca-8aa9-fa700373279f;2008-05-06
2008-03-12;c154a845-14b4-4d1b-8aec-44387e87436d;6a688541-b16a-45ca-8aa9-fa700373279f;0b251033-9e88-4dd7-9bba-2d1391806ad2;6a688541-b16a-45ca-8aa9-fa700373279f;2008-01-30
;11f174a8-fd53-4fa1-93d4-9262fdde053e;6a688541-b16a-45ca-8aa9-fa700373279f;4329dc91-eb22-4a5b-9120-aebb767e8936;6a688541-b16a-45ca-8aa9-fa700373279f;2018-03-22
2017-12-05;11f174a8-fd53-4fa1-93d4-9262fdde053e;6a688541-b16a-45ca-8aa9-fa700373279f;ffef3e5f-e793-49d4-9f00-ab37d70db235;6a688541-b16a-45ca-8aa9-fa700373279f;2013-10-08
2013-10-07;11f174a8-fd53-4fa1-93d4-9262fdde053e;6a688541-b16a-45ca-8aa9-fa700373279f;e2b68522-7241-4e18-8957-4cd6f747927e;6a688541-b16a-45ca-8aa9-fa700373279f;2011-10-19
2011-10-18;11f174a8-fd53-4fa1-93d4-9262fdde053e;6a688541-b16a-45ca-8aa9-fa700373279f;09d7105e-55d0-45a3-92e0-20b975f8568a;6a688541-b16a-45ca-8aa9-fa700373279f;2007-08-02
2007-08-01;11f174a8-fd53-4fa1-93d4-9262fdde053e;6a688541-b16a-45ca-8aa9-fa700373279f;bd267e10-90ca-49c4-a85e-49b1fdd9cd38;6a688541-b16a-45ca-8aa9-fa700373279f;2000-04-04
;fa74efa4-ceda-4d84-856e-047e78c73578;6a688541-b16a-45ca-8aa9-fa700373279f;424714f4-9109-4b61-8215-cffe63457cb6;6a688541-b16a-45ca-8aa9-fa700373279f;2007-04-24
2007-04-23;fa74efa4-ceda-4d84-856e-047e78c73578;6a688541-b16a-45ca-8aa9-fa700373279f;21762e5e-8252-4c88-b32a-e8d2bc5f2ccf;6a688541-b16a-45ca-8aa9-fa700373279f;1999-02-01
;a1f3fdce-32cf-4a26-adc6-1c2dc933358d;6a688541-b16a-45ca-8aa9-fa700373279f;9144905a-c6cf-4a60-a1d5-a2255af6ae7e;6a688541-b16a-45ca-8aa9-fa700373279f;2010-07-15
;e85e195d-1c70-4fe0-ba17-c913b99bad1b;6a688541-b16a-45ca-8aa9-fa700373279f;4c904491-ca1c-4176-a06e-b459b141a997;6a688541-b16a-45ca-8aa9-fa700373279f;2007-02-01
2006-12-19;e85e195d-1c70-4fe0-ba17-c913b99bad1b;6a688541-b16a-45ca-8aa9-fa700373279f;0b1ab3ff-0999-451d-bd5b-37659ddc1bbb;6a688541-b16a-45ca-8aa9-fa700373279f;2005-03-31
2005-03-28;e85e195d-1c70-4fe0-ba17-c913b99bad1b;6a688541-b16a-45ca-8aa9-fa700373279f;37163acd-26ba-4665-b7d6-1909c240a433;6a688541-b16a-45ca-8aa9-fa700373279f;1999-02-01
;c87b5242-449a-4559-b562-b00b42fb14a8;6a688541-b16a-45ca-8aa9-fa700373279f;c78b183d-a96b-48ed-9173-ff145072d6d7;6a688541-b16a-45ca-8aa9-fa700373279f;2011-02-03
;335b9d27-2219-444e-a697-8e8096c7e20c;6a688541-b16a-45ca-8aa9-fa700373279f;c787b1ba-6a60-4c5a-ac10-aeb4d11bbc2d;6a688541-b16a-45ca-8aa9-fa700373279f;2014-07-24
;0a67bb39-9166-4495-a203-f0d7406b9ea6;6a688541-b16a-45ca-8aa9-fa700373279f;7eca71ee-d982-4b16-891d-64627332f168;6a688541-b16a-45ca-8aa9-fa700373279f;2003-02-01
;13f49551-5fd2-408c-87ea-e126a006aae3;6a688541-b16a-45ca-8aa9-fa700373279f;980efc77-645f-4044-9610-83d9f7b7c9a3;6a688541-b16a-45ca-8aa9-fa700373279f;2012-10-17
2012-10-16;13f49551-5fd2-408c-87ea-e126a006aae3;6a688541-b16a-45ca-8aa9-fa700373279f;9ce0163a-71b3-409d-89eb-60f407600950;6a688541-b16a-45ca-8aa9-fa700373279f;2011-02-03
;0f386395-e698-4a9f-a7f8-9d4e291b0b59;6a688541-b16a-45ca-8aa9-fa700373279f;ca776bc1-99dc-4f90-84e5-fe43a69d3780;6a688541-b16a-45ca-8aa9-fa700373279f;2011-02-03
;deda0f1e-5cba-48ab-93a6-764de5fb07db;6a688541-b16a-45ca-8aa9-fa700373279f;314cfe1c-59af-43ca-b765-e8d216a26e6b;6a688541-b16a-45ca-8aa9-fa700373279f;2015-02-01
;0bea9a31-68a6-474c-b81a-9af2d823bcea;6a688541-b16a-45ca-8aa9-fa700373279f;3e468519-e947-4a72-949e-c1f8db564a8c;6a688541-b16a-45ca-8aa9-fa700373279f;2011-02-03
;ae413f0e-5bcd-4933-8959-28e0a67ddc7c;6a688541-b16a-45ca-8aa9-fa700373279f;5bf1d3e1-e959-4821-aeea-3d7588241737;6a688541-b16a-45ca-8aa9-fa700373279f;1999-02-01
;e6eea339-03b2-493b-8b22-ad88f79f3802;6a688541-b16a-45ca-8aa9-fa700373279f;add0dfc6-077b-4485-97db-6226d1eb3b21;6a688541-b16a-45ca-8aa9-fa700373279f;1999-02-01
;256ea893-005e-4b48-a96c-86c8bdcfb286;6a688541-b16a-45ca-8aa9-fa700373279f;26b38972-e768-4184-a338-9be9f021d42c;6a688541-b16a-45ca-8aa9-fa700373279f;2011-02-03
;b863ef50-a1c4-4c58-927e-9f6e4bb460ac;6a688541-b16a-45ca-8aa9-fa700373279f;97181eb4-ee7b-4830-b797-329fefb8265f;6a688541-b16a-45ca-8aa9-fa700373279f;1995-02-01
;1f32bda8-c247-41db-a3c5-670b38cda0bf;6a688541-b16a-45ca-8aa9-fa700373279f;3467e0c7-3f6a-4b1e-8aa8-b208315095da;6a688541-b16a-45ca-8aa9-fa700373279f;2011-02-03
;cbde624b-8d07-4544-b9ca-78ccff6e8434;6a688541-b16a-45ca-8aa9-fa700373279f;a06ad609-fec8-4682-adea-163904ec13f5;6a688541-b16a-45ca-8aa9-fa700373279f;2017-08-22
2017-08-21;cbde624b-8d07-4544-b9ca-78ccff6e8434;6a688541-b16a-45ca-8aa9-fa700373279f;f6d95842-fbde-4829-8d78-7cbd4ff9616c;6a688541-b16a-45ca-8aa9-fa700373279f;2016-03-28
2016-03-15;cbde624b-8d07-4544-b9ca-78ccff6e8434;6a688541-b16a-45ca-8aa9-fa700373279f;bc4b7b15-c4bf-4ca9-856e-c605dbe524ab;6a688541-b16a-45ca-8aa9-fa700373279f;2011-02-03
;95c59084-8011-4227-aff3-0fc2a0fbda33;6a688541-b16a-45ca-8aa9-fa700373279f;72d479c8-b71c-43fb-8aea-45c8c61abc46;6a688541-b16a-45ca-8aa9-fa700373279f;2003-02-01
;9eebd88b-f69b-4bcd-8f70-5e225375197b;6a688541-b16a-45ca-8aa9-fa700373279f;1bc34b1a-8bad-4a66-9f09-e552de92bd09;6a688541-b16a-45ca-8aa9-fa700373279f;2015-02-01
;cedcc08c-f83f-41b7-99c1-c8599d90431a;6a688541-b16a-45ca-8aa9-fa700373279f;eacfef4f-38ba-4e00-8204-1d91f5c97f6b;6a688541-b16a-45ca-8aa9-fa700373279f;1995-02-01
;a76b1277-bedd-489a-944e-cf63223a8a03;6a688541-b16a-45ca-8aa9-fa700373279f;b4d7b5d5-997e-42c1-8439-ce243f816f24;6a688541-b16a-45ca-8aa9-fa700373279f;2011-02-03
;08b06ceb-5f4b-4a4a-9b85-518fe2238668;6a688541-b16a-45ca-8aa9-fa700373279f;6002bdb9-191a-41ab-82f1-e6eb722e7aee;6a688541-b16a-45ca-8aa9-fa700373279f;2011-02-03
;37b61bdc-5b46-4e16-81d4-68d30e404d09;6a688541-b16a-45ca-8aa9-fa700373279f;1e655cc2-3b73-4473-a91e-9f6654cb7fef;6a688541-b16a-45ca-8aa9-fa700373279f;1999-02-01
;cbb3da3a-a0db-420b-9d68-fbd142c1fec9;6a688541-b16a-45ca-8aa9-fa700373279f;83d8eb4c-7a48-4d0b-81c7-9f48279514e1;6a688541-b16a-45ca-8aa9-fa700373279f;2015-02-01
2015-01-31;cbb3da3a-a0db-420b-9d68-fbd142c1fec9;6a688541-b16a-45ca-8aa9-fa700373279f;a5022f73-35bd-43ad-bffb-633addf28499;6a688541-b16a-45ca-8aa9-fa700373279f;2011-02-03
;2bcac6a3-41b2-4854-b02b-1fdc9e8b238a;6a688541-b16a-45ca-8aa9-fa700373279f;67ab49b0-4edb-4b82-bb5b-61fccd7a6141;6a688541-b16a-45ca-8aa9-fa700373279f;2011-02-03
;4cb1771f-7a79-43d1-990b-2932aa028a86;6a688541-b16a-45ca-8aa9-fa700373279f;f62f453a-d434-4f1c-993e-4d544f92ba62;6a688541-b16a-45ca-8aa9-fa700373279f;2007-08-02
2007-08-01;4cb1771f-7a79-43d1-990b-2932aa028a86;6a688541-b16a-45ca-8aa9-fa700373279f;a2a76eb5-4e6d-4ae4-97e6-e4ca22019a17;6a688541-b16a-45ca-8aa9-fa700373279f;1995-02-01
;dc3a7059-f56a-4049-81ca-3a09db7f1b2c;6a688541-b16a-45ca-8aa9-fa700373279f;a25d1a65-87bc-44e5-8cba-d3919480c8d0;6a688541-b16a-45ca-8aa9-fa700373279f;2011-02-03
;8999a69b-0772-41b7-9ed3-b8ab6f845fd8;6a688541-b16a-45ca-8aa9-fa700373279f;b5b7498d-294b-4fa6-a3b9-83429d55cc62;6a688541-b16a-45ca-8aa9-fa700373279f;2015-02-01
;65b94c53-7bdc-49a9-90ce-f90ae5d62c01;6a688541-b16a-45ca-8aa9-fa700373279f;a26019be-686c-41d6-bb1c-c4cb99d4129a;6a688541-b16a-45ca-8aa9-fa700373279f;2015-02-01
;eaa77fdb-263e-48ce-a698-53de1ab39d8d;6a688541-b16a-45ca-8aa9-fa700373279f;e2cf29e5-de3a-47c1-a247-8e84f11563f2;6a688541-b16a-45ca-8aa9-fa700373279f;2010-05-05
;d198b2a7-1bf7-4011-8a03-bcc9f4de2f68;6a688541-b16a-45ca-8aa9-fa700373279f;150baa53-57fa-4a69-b657-42c77380e343;6a688541-b16a-45ca-8aa9-fa700373279f;2011-02-03
2007-01-31;d198b2a7-1bf7-4011-8a03-bcc9f4de2f68;6a688541-b16a-45ca-8aa9-fa700373279f;5316a250-ac33-42e3-bbcc-04fe8b50bf45;6a688541-b16a-45ca-8aa9-fa700373279f;2003-05-15
2003-05-14;d198b2a7-1bf7-4011-8a03-bcc9f4de2f68;6a688541-b16a-45ca-8aa9-fa700373279f;b026e3fc-195e-4677-8e35-752877501857;6a688541-b16a-45ca-8aa9-fa700373279f;1999-02-01
;d9c6645b-e4d3-434d-9609-48ae3aaa8c84;6a688541-b16a-45ca-8aa9-fa700373279f;26df569d-d241-4b1e-9674-4f53754a74e0;6a688541-b16a-45ca-8aa9-fa700373279f;2015-02-01
;9d5dd4c7-0d8d-444e-a47f-81a05f29c617;6a688541-b16a-45ca-8aa9-fa700373279f;9bcf353b-f769-4061-bbf7-bd1558afbf23;6a688541-b16a-45ca-8aa9-fa700373279f;2011-01-31
;0d3cf976-a151-4909-a1d6-cabd136d8eb8;6a688541-b16a-45ca-8aa9-fa700373279f;41106652-c087-4974-9e36-0fca319415c6;6a688541-b16a-45ca-8aa9-fa700373279f;2011-02-03
;d6120811-8345-4926-ae45-3251f6e7bf10;6a688541-b16a-45ca-8aa9-fa700373279f;9e735d28-a32e-4c02-80e7-32ab65e8d04c;6a688541-b16a-45ca-8aa9-fa700373279f;1995-02-01
;9bd789f2-b4b5-4be6-b35d-856b842dfefa;6a688541-b16a-45ca-8aa9-fa700373279f;db887352-ef2a-4336-b0c2-5699b1b4e8cd;6a688541-b16a-45ca-8aa9-fa700373279f;2011-01-28
2011-07-02;1e5792f4-e6c3-4b4c-9696-834865cd427e;6a688541-b16a-45ca-8aa9-fa700373279f;36a73378-07c8-421e-abe7-ed3131703a6a;6a688541-b16a-45ca-8aa9-fa700373279f;2011-01-27
;bf24d93b-6682-41a0-98f3-ebb0d3c414c3;6a688541-b16a-45ca-8aa9-fa700373279f;fc39e867-549b-4df4-a12a-23832c44fe1a;6a688541-b16a-45ca-8aa9-fa700373279f;2017-10-10
2017-10-09;bf24d93b-6682-41a0-98f3-ebb0d3c414c3;6a688541-b16a-45ca-8aa9-fa700373279f;b65dda6a-69eb-4d07-9b57-8d8134b60acd;6a688541-b16a-45ca-8aa9-fa700373279f;2016-03-15
2016-03-14;bf24d93b-6682-41a0-98f3-ebb0d3c414c3;6a688541-b16a-45ca-8aa9-fa700373279f;8ab451ac-e8ba-414a-94ef-594fc184b4d5;6a688541-b16a-45ca-8aa9-fa700373279f;2015-12-10
2015-12-08;bf24d93b-6682-41a0-98f3-ebb0d3c414c3;6a688541-b16a-45ca-8aa9-fa700373279f;cb0bdb68-4f6b-4f2a-b909-7fa94bc8d51d;6a688541-b16a-45ca-8aa9-fa700373279f;2015-01-01
2014-12-31;bf24d93b-6682-41a0-98f3-ebb0d3c414c3;6a688541-b16a-45ca-8aa9-fa700373279f;d73a3d98-010e-42eb-a707-5e67f1430124;6a688541-b16a-45ca-8aa9-fa700373279f;2011-02-03
;aeaea45c-bd1d-403e-a0d8-307e2071c440;6a688541-b16a-45ca-8aa9-fa700373279f;5d381969-32a3-4582-bead-5933b8a415e2;6a688541-b16a-45ca-8aa9-fa700373279f;2011-01-27
;15d1d6bc-8b67-4fc9-b719-7ea74e1563a4;6a688541-b16a-45ca-8aa9-fa700373279f;fcbb1c55-9752-4f51-9b72-785160ded53b;6a688541-b16a-45ca-8aa9-fa700373279f;2011-02-03
;eded5fb8-1b64-4084-8f10-f18ad13ec878;6a688541-b16a-45ca-8aa9-fa700373279f;ca85c047-c289-45a7-aa05-0468e0da89c7;6a688541-b16a-45ca-8aa9-fa700373279f;2011-01-27
;8d54f6f0-803d-4806-ad79-b808900d685c;6a688541-b16a-45ca-8aa9-fa700373279f;b1c59f61-83cb-4f43-83ab-42ea04211174;6a688541-b16a-45ca-8aa9-fa700373279f;2015-02-01
;3693ffb0-711f-4807-ac51-7e725b1a1caf;6a688541-b16a-45ca-8aa9-fa700373279f;274583d8-2131-4793-84bb-3342e687491e;6a688541-b16a-45ca-8aa9-fa700373279f;2007-02-01
;1aa826e5-29ce-4709-9b2e-1a2ee704d395;6a688541-b16a-45ca-8aa9-fa700373279f;d3b7867f-fd05-4569-b4e5-fcf0edcf824c;6a688541-b16a-45ca-8aa9-fa700373279f;2011-02-03
;b1c50570-72f2-4c57-a66c-a473b42bf2f6;6a688541-b16a-45ca-8aa9-fa700373279f;ea2cb96a-cd5c-4476-8396-e6d65f33789b;6a688541-b16a-45ca-8aa9-fa700373279f;2011-02-03
;911fcf64-45e6-4898-a18b-49bbcfc9840f;6a688541-b16a-45ca-8aa9-fa700373279f;fbb644e2-04bc-49c8-b49b-3bbdcd22ad33;6a688541-b16a-45ca-8aa9-fa700373279f;2006-08-01
;9fccaaeb-d2ec-497f-a02c-75dc1eb754f0;6a688541-b16a-45ca-8aa9-fa700373279f;eaf2b87a-61a3-422d-81fa-669d726edfa5;6a688541-b16a-45ca-8aa9-fa700373279f;1995-02-01
;88bbf09c-61be-4d99-bd78-43941ed8a815;6a688541-b16a-45ca-8aa9-fa700373279f;8c450e1a-858d-418b-bb35-31ab929d7576;6a688541-b16a-45ca-8aa9-fa700373279f;2003-02-01
1994-12-19;88bbf09c-61be-4d99-bd78-43941ed8a815;6a688541-b16a-45ca-8aa9-fa700373279f;c0e36eb2-1478-4904-a347-7145b9703783;6a688541-b16a-45ca-8aa9-fa700373279f;1991-02-01
;285f3dc3-a579-454a-a7c4-c5f1a88e8521;6a688541-b16a-45ca-8aa9-fa700373279f;c1e0a05b-336d-4e92-9214-d2e58e45b4e6;6a688541-b16a-45ca-8aa9-fa700373279f;2011-02-03
;79c36161-d4e7-451f-9c6a-42f3058a8b7e;6a688541-b16a-45ca-8aa9-fa700373279f;cff000c4-370b-4cd3-836c-08791e843a26;6a688541-b16a-45ca-8aa9-fa700373279f;2011-02-03
;7dc7109f-5207-441c-9e63-215ffb1bc119;6a688541-b16a-45ca-8aa9-fa700373279f;c6264a2c-565a-4d5f-bff9-829c8c262c92;6a688541-b16a-45ca-8aa9-fa700373279f;2003-02-01
;22b4fe1a-7ef9-4df1-ae34-8a0970e9995f;6a688541-b16a-45ca-8aa9-fa700373279f;a4d24d71-c9e7-4695-86c2-32c3615bb445;6a688541-b16a-45ca-8aa9-fa700373279f;2011-02-03
;77cb5291-282f-4dda-a1dc-77363af5cbe9;6a688541-b16a-45ca-8aa9-fa700373279f;c224de5a-891c-4ce7-91e4-66baf2e31156;6a688541-b16a-45ca-8aa9-fa700373279f;2011-02-03
2007-01-31;c3efb213-2051-4a76-87a4-e3b2fd9a049a;6a688541-b16a-45ca-8aa9-fa700373279f;34112edb-d51a-45b4-aa65-576cb092023b;6a688541-b16a-45ca-8aa9-fa700373279f;2003-06-06
2003-06-05;c3efb213-2051-4a76-87a4-e3b2fd9a049a;6a688541-b16a-45ca-8aa9-fa700373279f;eb4cbf99-1a16-49f7-8d40-597137ef159b;6a688541-b16a-45ca-8aa9-fa700373279f;2003-02-01
2003-01-30;c3efb213-2051-4a76-87a4-e3b2fd9a049a;6a688541-b16a-45ca-8aa9-fa700373279f;da2a7f00-6fd1-461e-809b-9dc1ddb3473e;6a688541-b16a-45ca-8aa9-fa700373279f;1999-02-01
;7c1e5b1c-6dfb-4252-84a6-5f775022115f;6a688541-b16a-45ca-8aa9-fa700373279f;ef50eece-c9e7-4c94-bb6d-bbe7d7cbd012;6a688541-b16a-45ca-8aa9-fa700373279f;2005-01-11
;ddc98eab-ba14-4da7-a6a2-e06ed8c55116;6a688541-b16a-45ca-8aa9-fa700373279f;ae05ecbe-0192-401e-9070-ef2974327f85;6a688541-b16a-45ca-8aa9-fa700373279f;2017-09-13
2017-09-04;ddc98eab-ba14-4da7-a6a2-e06ed8c55116;6a688541-b16a-45ca-8aa9-fa700373279f;03369595-c16e-439b-8fa1-5df6cf5e55b1;6a688541-b16a-45ca-8aa9-fa700373279f;2015-02-01
;caeb975a-3960-47f7-bf4c-3ac8942a3ef8;6a688541-b16a-45ca-8aa9-fa700373279f;9da84787-9539-4d95-acce-ad30810dcca6;6a688541-b16a-45ca-8aa9-fa700373279f;2015-02-01
;52af9e97-4094-45b5-af86-c0301ead9d1b;6a688541-b16a-45ca-8aa9-fa700373279f;abcf5675-f41a-4e3f-9a56-1808b5fa0116;6a688541-b16a-45ca-8aa9-fa700373279f;2001-10-25
;a1016f2d-41e2-450b-af56-e05d868dc3a6;6a688541-b16a-45ca-8aa9-fa700373279f;74657424-4e61-4d34-81fb-a2f568559f2f;6a688541-b16a-45ca-8aa9-fa700373279f;2015-02-01
;ab429d11-1b08-4037-9f66-abe32e930b41;6a688541-b16a-45ca-8aa9-fa700373279f;deeb4e39-b3d6-43af-8797-a1d21bf8e648;6a688541-b16a-45ca-8aa9-fa700373279f;2011-02-03
;d9fa33a2-cbab-4522-a06c-be172f628cba;6a688541-b16a-45ca-8aa9-fa700373279f;55b06664-b81a-4e09-a3bb-799c0f68421e;6a688541-b16a-45ca-8aa9-fa700373279f;1999-02-01
;2ce35360-bdb0-4b8d-b4d9-62d5e8874387;6a688541-b16a-45ca-8aa9-fa700373279f;c83ce4a0-0d3d-4bc4-bf8e-a511449f759a;6a688541-b16a-45ca-8aa9-fa700373279f;2016-03-28
2016-03-27;2ce35360-bdb0-4b8d-b4d9-62d5e8874387;6a688541-b16a-45ca-8aa9-fa700373279f;57c4dee2-7053-4635-8141-07847f6d5a52;6a688541-b16a-45ca-8aa9-fa700373279f;2007-02-06
2007-02-05;2ce35360-bdb0-4b8d-b4d9-62d5e8874387;6a688541-b16a-45ca-8aa9-fa700373279f;f0244b5f-f79a-4610-b928-cbafa6e38c7a;6a688541-b16a-45ca-8aa9-fa700373279f;2007-02-01
;f0e9dd91-8e4b-4b36-8dcb-d5700ea7f9de;6a688541-b16a-45ca-8aa9-fa700373279f;7d4ad6ff-7577-4f59-9677-c1e2cb6ca7d2;6a688541-b16a-45ca-8aa9-fa700373279f;2011-02-03
;5c4ab8b1-9794-4c58-a770-c2b704daa302;6a688541-b16a-45ca-8aa9-fa700373279f;1484cdf8-9428-4100-b06b-dac75b8824e1;6a688541-b16a-45ca-8aa9-fa700373279f;2015-02-01
;3908c89b-ec45-42b0-9925-d004e523a6d9;6a688541-b16a-45ca-8aa9-fa700373279f;1c03fcd7-c538-4475-9b30-048efa1da8c2;6a688541-b16a-45ca-8aa9-fa700373279f;2011-02-03
;2b1e8668-aa79-45c0-9a7c-b864a8367a9d;6a688541-b16a-45ca-8aa9-fa700373279f;747e09a0-c36d-4d27-83d4-ca65ff656271;6a688541-b16a-45ca-8aa9-fa700373279f;2015-02-01
;dfba90e4-eaf2-468d-97e9-9c830f05db1e;6a688541-b16a-45ca-8aa9-fa700373279f;f49578e3-e0ae-45ed-b29e-ba596e86636b;6a688541-b16a-45ca-8aa9-fa700373279f;2011-02-03
;8def65cf-e8d9-4fd3-bebb-9774e6614638;6a688541-b16a-45ca-8aa9-fa700373279f;5e96c9ec-f164-4d5c-9be7-aca492b379cd;6a688541-b16a-45ca-8aa9-fa700373279f;2011-02-03
;91fea363-a6d4-4dbb-9c2c-b1c80775d6e4;6a688541-b16a-45ca-8aa9-fa700373279f;4bd038d2-6f0c-41bd-acd3-b9f72deeefa5;6a688541-b16a-45ca-8aa9-fa700373279f;2011-02-03
;1b6b9c06-c92a-4547-9f78-6c62a18b85a4;6a688541-b16a-45ca-8aa9-fa700373279f;ac123844-5977-47bd-9c31-5c6222883c5d;6a688541-b16a-45ca-8aa9-fa700373279f;2011-02-03
;e9150cca-36bd-4298-bada-28942dd280e3;6a688541-b16a-45ca-8aa9-fa700373279f;75c50d40-1135-4360-aea6-9af7ec0de8e4;6a688541-b16a-45ca-8aa9-fa700373279f;2018-04-07
2018-04-06;e9150cca-36bd-4298-bada-28942dd280e3;6a688541-b16a-45ca-8aa9-fa700373279f;e91903d5-843f-4a2c-b26d-3641c888f144;6a688541-b16a-45ca-8aa9-fa700373279f;2017-01-31
2017-01-30;e9150cca-36bd-4298-bada-28942dd280e3;6a688541-b16a-45ca-8aa9-fa700373279f;a3b72db9-021a-466d-9141-3a54bd9eea14;6a688541-b16a-45ca-8aa9-fa700373279f;2015-02-01
;ffe72b4f-b2e3-42c8-875a-601a30600538;6a688541-b16a-45ca-8aa9-fa700373279f;941adf42-e7ac-427f-9e4b-c301818f022b;6a688541-b16a-45ca-8aa9-fa700373279f;2011-01-28
;3d892c4d-052a-46bd-8847-cc935bb8adf2;6a688541-b16a-45ca-8aa9-fa700373279f;ed96a11c-e6e8-42a2-8240-27f49c2491a2;6a688541-b16a-45ca-8aa9-fa700373279f;2017-02-01
2017-01-31;3d892c4d-052a-46bd-8847-cc935bb8adf2;6a688541-b16a-45ca-8aa9-fa700373279f;92359bc7-843d-4d90-8a06-0e836dc7e8bc;6a688541-b16a-45ca-8aa9-fa700373279f;2007-02-01
;e671d8ef-8e79-47b2-b1fa-dfd4cea75944;6a688541-b16a-45ca-8aa9-fa700373279f;492afc58-74df-44cd-b7c4-49e60959a3ec;6a688541-b16a-45ca-8aa9-fa700373279f;2009-10-09
2009-10-08;e671d8ef-8e79-47b2-b1fa-dfd4cea75944;6a688541-b16a-45ca-8aa9-fa700373279f;6959e56e-53f6-42fc-9302-e5039dec2c53;6a688541-b16a-45ca-8aa9-fa700373279f;2007-02-07
;3aa6b5af-c37c-4631-b482-a2c71fb2cab8;6a688541-b16a-45ca-8aa9-fa700373279f;f827abc2-6a33-46d0-b691-2892b4055e8e;6a688541-b16a-45ca-8aa9-fa700373279f;2011-02-03
;97736016-a639-4e13-a281-2f26af24e495;6a688541-b16a-45ca-8aa9-fa700373279f;56099cad-3f69-4f47-ae9e-7c38d64b11af;6a688541-b16a-45ca-8aa9-fa700373279f;2015-02-01
;f60ba349-5f56-4cd5-ab98-ab31f6f85926;6a688541-b16a-45ca-8aa9-fa700373279f;5e0f94ed-248c-4f69-96ba-31188af9f406;6a688541-b16a-45ca-8aa9-fa700373279f;2015-02-01
;96b4bf37-678b-4552-b30f-c2d2d64e1dfa;6a688541-b16a-45ca-8aa9-fa700373279f;8efb33c4-e114-4a1d-8fc8-31e8f769b87c;6a688541-b16a-45ca-8aa9-fa700373279f;2015-02-01
;d50c64b3-4031-4e61-a219-c8eabb39eb34;6a688541-b16a-45ca-8aa9-fa700373279f;012ab44c-62d6-400c-aef2-7ecb78505895;6a688541-b16a-45ca-8aa9-fa700373279f;2007-10-10
2007-10-09;d50c64b3-4031-4e61-a219-c8eabb39eb34;6a688541-b16a-45ca-8aa9-fa700373279f;ae63038e-8fad-4648-9e3e-255848d5aac7;6a688541-b16a-45ca-8aa9-fa700373279f;2007-08-02
2007-08-01;d50c64b3-4031-4e61-a219-c8eabb39eb34;6a688541-b16a-45ca-8aa9-fa700373279f;85cf87a0-9ad7-4fd1-836c-da3c3db1f48f;6a688541-b16a-45ca-8aa9-fa700373279f;1995-02-01
2012-04-26;323eade8-ad86-4322-a9f4-edc7db6be5e0;6a688541-b16a-45ca-8aa9-fa700373279f;f60085b9-7230-441f-b3c8-071d348fcffc;6a688541-b16a-45ca-8aa9-fa700373279f;2007-08-02
2007-08-01;323eade8-ad86-4322-a9f4-edc7db6be5e0;6a688541-b16a-45ca-8aa9-fa700373279f;7bf8f36d-f857-4421-a3fd-92773c043845;6a688541-b16a-45ca-8aa9-fa700373279f;2003-02-01
;26e93f13-0899-4a06-b684-931bac937d99;6a688541-b16a-45ca-8aa9-fa700373279f;af50482b-df32-4603-a6d5-f101b4e34e2c;6a688541-b16a-45ca-8aa9-fa700373279f;2015-02-01
;6e37f769-2871-4b6a-80d6-0ab40a956d07;6a688541-b16a-45ca-8aa9-fa700373279f;faedfea6-1d54-4bc9-90a7-304932beb317;6a688541-b16a-45ca-8aa9-fa700373279f;2011-02-03
;0b4bf62f-3a36-4ca1-83da-3ae071c0018f;6a688541-b16a-45ca-8aa9-fa700373279f;e79f7bf8-b4ee-4300-9349-d7f57dce1934;6a688541-b16a-45ca-8aa9-fa700373279f;2011-11-08
2016-03-28;e21da72c-1939-45a5-9528-a41949699ace;6a688541-b16a-45ca-8aa9-fa700373279f;4488a968-844c-45d7-ab7f-e24b7d8d0fd1;6a688541-b16a-45ca-8aa9-fa700373279f;2003-02-01
;93531812-8d15-481b-8c07-46c26acd81cc;6a688541-b16a-45ca-8aa9-fa700373279f;51147a62-e2ed-4b33-80cd-f822a8852f23;6a688541-b16a-45ca-8aa9-fa700373279f;2011-02-03
;4aa239d8-25b4-4940-8c71-a64b12c8d87b;6a688541-b16a-45ca-8aa9-fa700373279f;ffdf21f1-3e0b-400a-ad1e-4ec79b20f0c7;6a688541-b16a-45ca-8aa9-fa700373279f;2016-09-08
;07f847e4-d922-43f0-b007-12fb3ab27736;6a688541-b16a-45ca-8aa9-fa700373279f;cb169807-49e0-412f-a7bc-47f892bdb946;6a688541-b16a-45ca-8aa9-fa700373279f;2007-04-24
2007-04-23;07f847e4-d922-43f0-b007-12fb3ab27736;6a688541-b16a-45ca-8aa9-fa700373279f;12d0163a-fda1-4fae-8d84-201d05684bce;6a688541-b16a-45ca-8aa9-fa700373279f;2005-02-15
2005-02-14;07f847e4-d922-43f0-b007-12fb3ab27736;6a688541-b16a-45ca-8aa9-fa700373279f;06101265-e6cf-4b7d-9b78-a70220d04e1c;6a688541-b16a-45ca-8aa9-fa700373279f;2003-02-01
;b1aa0127-ceca-4d4c-a221-348408a4374b;6a688541-b16a-45ca-8aa9-fa700373279f;d3bc05f8-adf2-4208-bf19-779a42f7d1be;6a688541-b16a-45ca-8aa9-fa700373279f;
;b1aa0127-ceca-4d4c-a221-348408a4374b;6a688541-b16a-45ca-8aa9-fa700373279f;ab0a1433-0a14-4c4a-b00e-3e86ba33275d;6a688541-b16a-45ca-8aa9-fa700373279f;
;b1aa0127-ceca-4d4c-a221-348408a4374b;6a688541-b16a-45ca-8aa9-fa700373279f;23528265-cded-42c8-891f-7cf7e64ffea6;6a688541-b16a-45ca-8aa9-fa700373279f;
;a2ab273d-7384-41f2-aae2-d6270780e2e7;6a688541-b16a-45ca-8aa9-fa700373279f;fe78f3e8-87f7-4c10-ba0b-9d6f62bfc97d;6a688541-b16a-45ca-8aa9-fa700373279f;2016-02-22
2016-02-21;a2ab273d-7384-41f2-aae2-d6270780e2e7;6a688541-b16a-45ca-8aa9-fa700373279f;c3488b92-b95e-48cd-bba8-2c166861cc0f;6a688541-b16a-45ca-8aa9-fa700373279f;2005-10-05
2005-09-12;a2ab273d-7384-41f2-aae2-d6270780e2e7;6a688541-b16a-45ca-8aa9-fa700373279f;03b2d829-29f8-487d-ac24-2424ba740ba2;6a688541-b16a-45ca-8aa9-fa700373279f;2003-02-01
;c65cb03f-e5db-4c97-81db-0bbc41d8710d;6a688541-b16a-45ca-8aa9-fa700373279f;00cbc997-bd3e-4378-86f3-6af6aa35c8e0;6a688541-b16a-45ca-8aa9-fa700373279f;2004-02-14
2004-02-13;c65cb03f-e5db-4c97-81db-0bbc41d8710d;6a688541-b16a-45ca-8aa9-fa700373279f;bd6b6f9b-9ff3-4c04-9136-ebf7659fe726;6a688541-b16a-45ca-8aa9-fa700373279f;1999-02-01
;f7d3712b-72e9-48b9-83f0-e7c588515ae6;6a688541-b16a-45ca-8aa9-fa700373279f;52fe9779-d097-4c1b-865a-f02419fb3ef5;6a688541-b16a-45ca-8aa9-fa700373279f;2011-02-03
;a7aa65e6-b402-470d-92a8-924208405885;6a688541-b16a-45ca-8aa9-fa700373279f;9f08b959-9aea-4dc3-80d6-d61a08a72a83;6a688541-b16a-45ca-8aa9-fa700373279f;2007-04-24
2007-04-23;a7aa65e6-b402-470d-92a8-924208405885;6a688541-b16a-45ca-8aa9-fa700373279f;03e489af-b16d-4111-9b60-3f9b250cc8b9;6a688541-b16a-45ca-8aa9-fa700373279f;2003-02-01
;3076a4ae-bba7-4a73-aaae-a8783214f8a3;6a688541-b16a-45ca-8aa9-fa700373279f;9553da1c-a824-49b7-9927-07c88bf07189;6a688541-b16a-45ca-8aa9-fa700373279f;2015-02-01
;653c5c25-f40c-4e55-a7c5-9ecb865815e1;6a688541-b16a-45ca-8aa9-fa700373279f;a1bcb4aa-8f54-4e35-bc8f-f9b552e26d25;6a688541-b16a-45ca-8aa9-fa700373279f;1999-02-01
;292dcd08-fba4-4781-a56d-0eeeea25c664;6a688541-b16a-45ca-8aa9-fa700373279f;bcb7d81e-4dad-4fc6-bcd3-ee297cb247c4;6a688541-b16a-45ca-8aa9-fa700373279f;2011-02-03
;b7236a19-df46-40c2-8104-aa91ad1dc949;6a688541-b16a-45ca-8aa9-fa700373279f;b8951cf3-d462-43e7-b3ae-121524776fe0;6a688541-b16a-45ca-8aa9-fa700373279f;2011-02-03
;505b5b34-4802-4fc0-8145-501553d3fd52;6a688541-b16a-45ca-8aa9-fa700373279f;61db3c1a-c46e-4885-9db0-d0a3831fd8b2;6a688541-b16a-45ca-8aa9-fa700373279f;2011-02-03
;9d602859-e7a6-48eb-a39b-f7ec33fdbb96;6a688541-b16a-45ca-8aa9-fa700373279f;796202fd-584f-43bd-baa8-7465c0405e54;6a688541-b16a-45ca-8aa9-fa700373279f;2011-02-03
;2d60bd52-f6cd-4c96-a2a9-9dca8f411283;6a688541-b16a-45ca-8aa9-fa700373279f;dce2257e-03b0-4417-8dc3-b8f824124821;6a688541-b16a-45ca-8aa9-fa700373279f;2011-02-03
;5dbe2d42-820f-4bba-b1ac-6d2c3a33d065;6a688541-b16a-45ca-8aa9-fa700373279f;c6ed7093-c289-45e8-8315-96dd8f22a0e3;6a688541-b16a-45ca-8aa9-fa700373279f;2011-01-27
;51c83354-5226-4e91-9984-1c110483157e;6a688541-b16a-45ca-8aa9-fa700373279f;aadc18e1-de5b-418a-9d42-09f0cf0c79bc;6a688541-b16a-45ca-8aa9-fa700373279f;2015-02-01
;50999cc5-f16c-4370-b2ca-75bd44522a4d;6a688541-b16a-45ca-8aa9-fa700373279f;028fbe0b-63ed-4013-b0e6-11aebc01f2ed;6a688541-b16a-45ca-8aa9-fa700373279f;1995-10-25
1995-10-24;50999cc5-f16c-4370-b2ca-75bd44522a4d;6a688541-b16a-45ca-8aa9-fa700373279f;1eb2c200-9539-4f21-96ae-0741908f45ce;6a688541-b16a-45ca-8aa9-fa700373279f;1995-02-01
;f4609586-5c90-4532-8112-3b1910936088;6a688541-b16a-45ca-8aa9-fa700373279f;881a586a-00c4-4a42-90ab-a9fe2e1dbe4f;6a688541-b16a-45ca-8aa9-fa700373279f;2011-02-03
;e4b81f08-41d9-498a-b6ea-ba3dbdc8d7d5;6a688541-b16a-45ca-8aa9-fa700373279f;2b216ad2-3a98-45a6-b070-fae461d8992b;6a688541-b16a-45ca-8aa9-fa700373279f;2015-02-01
;90d4e356-2cf1-47d1-bbd3-3f78c36fffb6;6a688541-b16a-45ca-8aa9-fa700373279f;e1b51c0b-5743-4789-a50a-bcabe57e2c13;6a688541-b16a-45ca-8aa9-fa700373279f;2017-07-01
2017-06-30;90d4e356-2cf1-47d1-bbd3-3f78c36fffb6;6a688541-b16a-45ca-8aa9-fa700373279f;b92c678f-a673-4983-a980-06d4b2dbcc9d;6a688541-b16a-45ca-8aa9-fa700373279f;2016-01-11
2016-01-07;90d4e356-2cf1-47d1-bbd3-3f78c36fffb6;6a688541-b16a-45ca-8aa9-fa700373279f;5c63a46a-a3cc-44ee-8381-8404cfced41c;6a688541-b16a-45ca-8aa9-fa700373279f;2003-08-14
2003-08-13;90d4e356-2cf1-47d1-bbd3-3f78c36fffb6;6a688541-b16a-45ca-8aa9-fa700373279f;320671ac-da83-4b8f-98cd-4fd3098b2fe7;6a688541-b16a-45ca-8aa9-fa700373279f;2001-09-26
2001-09-25;90d4e356-2cf1-47d1-bbd3-3f78c36fffb6;6a688541-b16a-45ca-8aa9-fa700373279f;4a626815-6cc2-49ab-985b-7fecdc1c9c96;6a688541-b16a-45ca-8aa9-fa700373279f;1999-02-01
;5ef8ebb5-c990-43f4-8945-72f40bff68e2;6a688541-b16a-45ca-8aa9-fa700373279f;58c23f3e-bda2-4864-bdbb-25eae64a382c;6a688541-b16a-45ca-8aa9-fa700373279f;2011-02-03
;5ad5f314-cb00-4c1f-b202-fa9895429641;6a688541-b16a-45ca-8aa9-fa700373279f;49bbafe0-9239-4d53-84e6-dc0e6525ff03;6a688541-b16a-45ca-8aa9-fa700373279f;2015-02-01
;a04c06de-cae5-43ec-bc91-a1f4f17772a7;6a688541-b16a-45ca-8aa9-fa700373279f;176e1302-475c-4087-8bdd-029d2edfe04c;6a688541-b16a-45ca-8aa9-fa700373279f;2011-10-26
2011-10-25;a04c06de-cae5-43ec-bc91-a1f4f17772a7;6a688541-b16a-45ca-8aa9-fa700373279f;e6b2f76f-a046-4073-a028-82c7e1b3daaf;6a688541-b16a-45ca-8aa9-fa700373279f;2007-02-01
;3f379862-4029-4a9d-895e-2f40dfa889f6;6a688541-b16a-45ca-8aa9-fa700373279f;7db575b5-debb-4669-836b-0081be5519ca;6a688541-b16a-45ca-8aa9-fa700373279f;1999-02-01
;6246417a-ffe1-4dbf-96ba-a28ea20078cc;6a688541-b16a-45ca-8aa9-fa700373279f;95b051c2-af00-4d94-903f-8eb34789586a;6a688541-b16a-45ca-8aa9-fa700373279f;2011-02-03
;fa730c42-4459-406a-bcef-7baff12d03eb;6a688541-b16a-45ca-8aa9-fa700373279f;32881487-cbc2-498c-bcd9-c379089c5ed8;6a688541-b16a-45ca-8aa9-fa700373279f;2009-11-05
;dd5650a3-6cb6-43d5-812b-60f14ead0b69;6a688541-b16a-45ca-8aa9-fa700373279f;f3065688-da3c-42ec-a08e-f147b7d7ec12;6a688541-b16a-45ca-8aa9-fa700373279f;2011-02-03
