slnp:resource_uri;rdfs:label
22a2ecf6-5f03-4da9-bc89-48319d152403;Deputy
dc66ab57-90b8-437b-a29c-aae35cbf2ac1;Deputy
467f2a3e-6c7b-4234-9f62-27cf83588db0;Deputy
c2d4abc4-a53c-439b-92af-a529c9edd339;Deputy
7f059d97-18e2-4053-8116-43636eab4de2;Deputy
3fe10739-a2c8-40f1-b429-f58f1950a45b;Deputy
23ff1598-9e40-4906-bf71-051459ac2010;Deputy
747c9708-46c6-4249-8675-e702b36c5d87;Deputy
05d61f56-f5a6-47db-81c0-1360c131483a;Deputy
54bb5293-1c0c-43b2-932a-ea65f16b96b5;Deputy
45deb600-6f30-46d9-b134-62e320cbdb23;Deputy
3f624545-69b1-4993-8380-31f85317c7b3;Deputy
b6f8ed55-5cc9-4b50-86ab-4a3c3623d7c8;Deputy
6ba5f856-1f4b-426c-b25c-e480834247f6;Deputy
726b9428-9153-4eac-b0eb-81a45fed0f8b;Deputy
b0244ddd-137b-4150-a887-bfd78c889f9c;Deputy
19053c27-584d-4f77-9a6b-c6a25eb9b372;Deputy
2107ee8d-b738-4c7b-b7d7-a506fd57bbc4;Deputy
b538b5e9-5c85-4762-931a-90be98228e5e;Deputy
29684710-3705-4c05-ab07-8e1dab38893a;Deputy
ec6ff8eb-51ef-46ea-9509-0865c295ebb7;Deputy
d06bd44a-b979-48fd-a95c-1231b8236e69;Deputy
c0c35235-860c-4662-9fdc-38018bddc092;Deputy
5d3c01cb-7ec5-4834-bcf6-09944a8becff;Deputy
63b6d88a-1d49-41dd-8d8d-e3a7705b3a34;Deputy
491ca04c-a637-4987-8b71-5b3a832eb48c;Deputy
0de228ad-9029-4905-9c2b-0dc442bc9fe1;Deputy
197d7a94-1560-44cf-a3e9-86bff29d2c24;Deputy
4cc8a623-9eec-48b4-ac1a-7824286d3bae;Deputy
9ed50284-ca6e-4882-80a4-76c62458be5f;Deputy
442f1aa3-88a9-48aa-aec4-b417c3c189b8;Deputy
bafc1820-771e-474b-abf9-1f6da6a01ef6;Deputy
e51322d4-cbb1-4381-8b9f-c780b65a803c;Deputy
4a46c222-deed-455c-9c7c-9831710d4d89;Deputy
ea7f68bb-40ca-45f7-81d5-c30c6f99e888;Deputy
ff99b93e-cfc5-458b-ac5a-ef298381ec75;Deputy
59cd9a11-b131-4c97-848b-610b74388eac;Deputy
d79e7222-2828-49ad-8d25-11c06e1082cc;Deputy
23768664-e169-48a1-a1d2-9ff30c6bb7d6;Deputy
f5a9e2f3-d78a-40f8-b2ec-2c1633bbbd12;Deputy
4a4be606-ee48-4563-bf04-af0b681fa77b;Deputy
46e407f9-e859-4b61-8a8b-93ad42efb3b8;Deputy
242768fd-8ac3-4008-9cc5-45c7e1b107f3;Deputy
5d8227c0-d13c-4e15-95db-9762a9eb5b67;Deputy
7989c043-8633-41ef-8668-be9566a3a2b1;Deputy
79080fe4-a7c5-46d5-8c21-174b1b5688ef;Deputy
7d234fe0-1b0e-4db3-86fd-9d384e1e5c59;Deputy
a5ffd689-f9dc-4937-815d-08b58e9d02d7;Deputy
968a2cec-1906-43b8-bca6-10039891acca;Deputy
c136cad3-598e-4dd2-968f-79a72a1139b0;Deputy
e7db71c7-d765-4893-b845-4072f670533b;Deputy
30ea5b5d-6b8f-4ea4-8caa-d879f9c55ded;Deputy
92d8b470-1ed1-4b1a-bca2-9a32c5e98a12;Deputy
db9486aa-cdff-4ba5-8022-56caf500a90d;Deputy
4fe4c295-c98a-43a4-9255-e88b4d8433d6;Deputy
d2d7e748-507c-4b89-a59c-84af7cd39f06;Deputy
f39df917-cc49-4916-9fa4-99e3a48908f4;Deputy
ff9f1c10-596b-4425-9549-7eaaa452809e;Deputy
5c73e50a-e00b-4f97-b5c0-f8dd0c2d2ff6;Deputy
e3e582b4-8dfe-4b8d-9476-04ad383af74b;Deputy
0f5467d3-1cdd-4b86-8480-0b2d7ac8a34e;Deputy
08480b50-6ccb-440c-8445-12eb67f4ecc3;Deputy
977e18e2-73eb-4154-9f98-7a0228154896;Deputy
042c00ac-6687-450d-a438-ec41841e99a7;Deputy
a9f035d4-0a16-4d84-b009-743bde937a4f;Deputy
a5f81e95-8ab4-4b16-a2c2-3f3d9fead34e;Deputy
4e06de02-6998-4c96-94b3-bfb0ee4b3907;Deputy
d7534d1e-ea5a-4fb0-ba26-6a98c17c4987;Deputy
31496a3f-0a3d-4d73-8780-9b1626a4f2fb;Deputy
9ebd2faf-4df0-4fd3-9cd9-4ddce3dff49c;Deputy
d3f646a1-ea8e-4a35-bdff-3a9600cf8550;Deputy
a25ee61b-ba5b-4533-bfe4-5b9b499c436e;Deputy
ec02ca8e-c5ba-48b8-8d18-512d1b5b636d;Deputy
604ea0e5-e530-40ee-9b53-ebbfddeb02bc;Deputy
44d9b1b4-8433-4d0a-b927-cbc2b5881eca;Deputy
1bad12e2-51a9-4c35-b412-b8dd672e0cd8;Deputy
4a02e561-fd92-4df6-beaa-1a6553cc9bc0;Deputy
0bca2930-cf61-49ac-87a1-0ed8e628af24;Deputy
a40b1fa4-bcfe-4e15-a023-a05cd80a6c8a;Deputy
0d656514-2e0a-41b1-9b93-e4fcb6d90db9;Deputy
0a5bd7f8-a157-496a-94af-8154537f8a49;Deputy
f6d0a814-5e39-430e-bb3e-c9038370d66d;Deputy
3873a39c-66db-474f-98bd-34ff3b52849c;Deputy
58e55491-7217-4dae-9e4b-2daf27697c96;Deputy
245a43e5-d774-4d70-820d-42859c7b8907;Deputy
0d68d3b5-febd-4df8-b4bf-f29634c026c0;Deputy
57e2bceb-5495-4289-9eb9-8f1682718831;Deputy
cb18a96f-1b68-450e-943c-1886402e8b68;Deputy
afc19d97-cea3-481c-a461-600689780d13;Deputy
89cfe2be-5240-4733-81f9-044d9ca510a1;Deputy
29e1eb0d-8c3f-4472-94b7-2190387957b0;Deputy
f750035d-7888-467a-baae-fa31728223b2;Deputy
778e4636-d296-477b-9dfe-d2de4fec0679;Deputy
d49cdbff-7d58-43ed-9155-d557755d261e;Deputy
c503952c-e90a-4275-8d44-b6f0f76f2a7b;Deputy
f1f18d7d-1f7d-48af-be9d-7c245a662ab9;Deputy
98ebf5a1-ec49-4641-bb10-62be8eb85276;Deputy
46251b52-a5ae-4d95-9b0f-070f320fdaa8;Deputy
341b3b30-702c-4e87-b501-8e216f86560e;Deputy
c739cef6-1e94-44dc-a455-cd64701e8b44;Deputy
96fafe21-1c60-4244-9cae-11c08009e64c;Deputy
e536a5ba-219d-4c6c-b9f5-7728e15f3f7e;Deputy
99dbf0c6-073b-47c1-828e-585f0a473b54;Deputy
5a884710-eac6-463d-8aef-77199edf2ff0;Deputy
c9297d91-06be-456e-8e5c-dc1e2461800a;Deputy
c0703221-9422-4758-b0b2-1a2a83890929;Deputy
3370ca2d-823f-4a16-880b-120e621ee279;Deputy
0aeac33b-7815-42d3-93d7-ff03a268a433;Deputy
e14382f1-40e9-42df-a7c2-43083e08ad01;Deputy
4497a377-1a2b-410f-aa37-7ad8e6b0e539;Deputy
c4821bf8-2da8-443a-a1e2-ba5691c16b3a;Deputy
3123c46b-de29-4a11-befc-08161b3a80ad;Deputy
ba3aadee-c489-402a-b70b-cc6c1170068f;Deputy
f426e03a-9a4d-4d14-be3a-796327643158;Deputy
35f03604-1fcb-4c36-b0d3-308e659f6459;Deputy
39b86d24-bba2-4fa6-8c67-aef5eb2909e2;Deputy
9b2b4e03-2453-45a9-95d1-11a15733c629;Deputy
6bb8a847-d969-4d42-8574-e5ab61efae42;Deputy
9813c669-8210-479b-b8a8-904db4893c27;Deputy
59c5b248-36a5-46c4-91c6-2e1952603805;Deputy
6e053545-68ce-4da8-84de-0b4c0fd3ee8b;Deputy
4e48d437-433b-4eec-8537-c923df85d734;Deputy
5bd94c9b-afd4-4690-93d1-e1ffb33f44a5;Deputy
164785e1-6f47-4d83-8ed9-5c3d62872227;Deputy
82d68a80-ee69-4d43-9754-afa33798b223;Deputy
0778610a-0436-42cd-aa38-b6da6d3ca717;Deputy
709aa04c-14f0-4a47-9c83-cdcfbb48e2f2;Deputy
c79da5e7-e9bd-460a-808d-a67f81f707b3;Deputy
e0484aca-f9c4-4fec-8bbb-f887f3b1361b;Deputy
2130741f-097e-4f28-bcd1-2b597bc6af36;Deputy
43b7a1f5-2330-41b5-9ab7-093b5f88de7c;Deputy
2073ea40-c957-4f72-a2d1-674a48615a0c;Deputy
4146c0cf-72f4-42a8-8d83-048db505ea94;Deputy
330061f8-1be5-4766-8249-c4eb4b523546;Deputy
282dd4d9-f325-4073-8a16-f4af85640de3;Deputy
0585ccec-2353-4c5f-a153-0295be4b8abb;Deputy
3f1b9df9-e2b1-47d7-a92b-337d9208a033;Deputy
e8ab2982-1644-466b-962b-be872c533933;Deputy
1e036b96-c1e6-400b-9fbe-1e6c2708646a;Deputy
0c620bff-eb6a-4e7e-ac01-8c212d863e0d;Deputy
62c9f3fd-e507-4585-ba0c-0091cbba1877;Deputy
e0bd1090-bdd0-4523-b7d7-0709ec0d774b;Deputy
f194b931-3e9d-4351-9846-4af28486e987;Deputy
99ae19a0-be8e-4357-8ae9-d08f35ec3799;Deputy
0fa0f350-b34e-4ba6-8e3a-51905b311379;Deputy
b6b2ec51-8734-4bfc-8710-2456b71d83ca;Deputy
0455a836-9283-4a1e-a6d5-7b842a4c29ec;Deputy
c76abc4a-28f2-4a94-8ba8-5994e1b5ed8f;Deputy
3b139760-3194-4af0-a1d5-118a35600709;Deputy
88584302-2972-4c26-a5f9-8d1c8bf647e1;Deputy
72e14da5-a73f-447b-8a7d-32dced16d8a8;Deputy
5736a8e4-67c8-42a4-8bb3-9b59af59b64d;Deputy
9ca4a06a-7d92-494b-adb7-945fda6c3be4;Deputy
2485ac2a-cedc-45cb-b4e1-92f9d4476710;Deputy
136a1e7f-40c5-49d2-87b2-ac2a5b664da2;Deputy
93376097-9ee7-4f9f-80fc-917869f73bf8;Deputy
0fa30685-1560-42eb-b47d-738c75ed1071;Deputy
2ed7ad5c-7622-4462-8982-305b425cb544;Deputy
2c8b7d19-a684-4388-a173-4e95fcbfef9f;Deputy
3bcf30b1-54fb-4c24-a6d9-5fd9d90488c9;Deputy
f22951ee-c613-4a42-81ae-964cdbdf38e7;Deputy
9166b44c-f940-455d-a952-407a05e9fdc1;Deputy
8cc5de2b-fcb8-43f7-a528-b28472aeed02;Deputy
8aaf4c3b-2e5c-4b2f-a879-1bf0d3e26da7;Deputy
0c6e3995-9a3b-4b57-813b-6c25fab66687;Deputy
94a23c01-4b1e-4f02-b78c-805cf750357c;Deputy
192e4bed-b427-4d02-9152-f89cdd116220;Deputy
aeacecfb-67bd-4045-a89b-7ac02cec62f2;Deputy
adf4abec-680c-46ff-9d34-a20d429f8a86;Deputy
c977eeeb-3f1d-4000-b6cb-ff6e0e29fc32;Deputy
718fb745-377b-4083-957d-e44e60ba6064;Deputy
472e6b0e-0eec-4d62-87e0-2db8e6610a76;Deputy
f2d8c50a-d627-4039-b4ba-a943551b1d49;Deputy
0f00df6b-7798-41c8-9078-48a62ba7b192;Deputy
733b8ef4-a55c-4bd6-9062-5c4a0e33ed19;Deputy
a7290f70-60f0-4550-8866-997fde101561;Deputy
fc4b23c1-dcdb-4f1d-9c97-55f6ad8b0619;Deputy
58572bf9-d402-42e7-93ce-74e172a816fe;Deputy
25a279ba-6b1b-494e-bb82-16cd5562bd1d;Deputy
3b6f423f-3dd5-4e2a-8c70-8490b37fbaeb;Deputy
7ef03ebc-9e46-4522-b39d-d25348e875d2;Deputy
7a8ed8d7-714c-4d2a-8a2b-0b2376261035;Deputy
fa6e2139-564c-4eda-9748-77a3e625835c;Deputy
1ffed0b7-57cc-48a5-aaf0-be7c22229047;Deputy
5eb69e76-cf90-4900-8de3-e78c1c10f679;Deputy
71bf6427-9892-4222-88ab-a5c09546450f;Deputy
11bd30ff-37f9-4f1d-85f5-ab48aee5b91e;Deputy
deeb8c4c-0d7c-4541-b06e-cb608845c371;Deputy
dae34007-4b29-4016-b3fd-baaaa19edcca;Deputy
638fc385-2fe2-432a-bf09-8ac5af33a809;Deputy
122a340d-3a4c-4fef-a785-d4da6eaca8f9;Deputy
4ef96f18-b301-4228-bf0c-8430bfa64ac8;Deputy
10396f95-35bf-4bbe-ac91-5c499678561b;Deputy
4dec2c9a-94f9-4ba8-9547-578c0cdd1d96;Deputy
94c3eb60-7546-40fd-96b5-7a896f04cfb4;Deputy
d57997a8-c2b6-4f8a-8271-e722341a3cec;Deputy
337d5716-ced8-4e51-9d45-a85d2a12f5b8;Deputy
ac51555f-0551-41fd-8571-074c840d47ab;Deputy
a4be4232-073d-476f-a150-d4491bdc2020;Deputy
ab28541c-a719-4cd3-94bb-02c7fbf08518;Deputy
176d0f11-ee2c-4309-b0d3-744d34acd552;Deputy
b967156c-863a-4cd5-a195-859905efcefc;Deputy
da701e03-105f-45d4-81b6-b2427e9859c9;Deputy
fc4759a1-a52b-4b16-a578-9fe9d62cf8db;Deputy
25292a12-b40a-4127-b550-2ed17497d839;Deputy
9f862abb-b379-43b3-a3da-680151ba134c;Deputy
fa61aa5e-b6ff-450a-8190-5d6505161fb9;Deputy
5f4ffae3-3aff-4680-a632-b70df1c69646;Deputy
165a1257-7e89-442e-a921-b195ecaeb3c5;Deputy
12b5986e-c86b-4a5b-bdb0-8d7390587e81;Deputy
772dab1a-fab2-4610-bbc8-ebd5a425e178;Deputy
f7a29cfb-6026-43ef-b18c-fc1d3a00c9bb;Deputy
03e4b8fc-060c-4cd3-b746-754541c46f0b;Deputy
6eda3479-c52c-470f-a0a3-921a77598b17;Deputy
2c2c2516-2be2-4c2b-a0f9-25002eb524c0;Deputy
a1004b87-f581-4e17-b019-ca3d9323d176;Deputy
d774d5af-6a52-497e-881e-5b3b62cad0cc;Deputy
b254d38f-e5b3-42d3-b714-750ccee686c1;Deputy
7d848f8a-0c21-4568-a325-7bdfeb884d5e;Deputy
84fb177a-9efa-4413-9031-1d259b01f463;Deputy
3d642077-2089-425c-9f22-b2ba62376583;Deputy
5b906753-ed0b-4006-ace1-f11478711491;Deputy
996ef64e-2249-47ea-bd64-4f33f4efde47;Deputy
3af6251c-8ec3-4873-8263-863c552704cb;Deputy
2687d9d8-74df-447d-bd12-62110875536e;Deputy
5998fc6c-eae5-4e4e-92f0-498f7952b935;Deputy
7e1ad3be-2fe6-408c-9e19-513e168ed8a3;Deputy
9dddcf90-985a-4a74-abcb-c44c620fb0ff;Deputy
4da5ec89-14ff-407a-89ab-dcc6df097448;Deputy
f22e1550-daa8-4833-b1a8-01ebebe57f86;Deputy
17c9d15d-1083-4025-8afa-d09914bcddd2;Deputy
e3f5c42e-cc48-49e5-a5cd-9ec26f21f79b;Deputy
6655409b-3778-4d16-a568-1b5451914477;Deputy
382c6e73-563a-46ee-8005-7f01cf8d2ec6;Deputy
35e9fd24-f178-4b01-acae-85c07520c1fc;Deputy
7ff817c5-8458-49ca-8870-b455909587fc;Deputy
841ee3e6-0448-42c3-9d10-78c21f41b3c0;Deputy
f6ce84ce-b379-4f7b-ac3f-80abf1c7abc0;Deputy
0026cf58-f786-4f81-88a8-aed26fdd268d;Deputy
455d93b7-7c72-4d53-b988-d6f6b955ad24;Deputy
10933918-272f-439d-aea9-482427032b96;Deputy
eba8d06f-10fb-49b7-922d-481c219f1ff0;Deputy
62a85581-b3fb-4fca-96d7-d65a0da07ac3;Deputy
5fb9b1f8-996d-4e17-8692-0ab54ba96bf1;Deputy
d32cb9d4-0265-4c3a-894b-40c43ea27719;Deputy
d0fda22e-67c9-4c90-86b8-692d3cb1cb81;Deputy
d24559fc-472b-4997-a6eb-387d755d75e2;Deputy
db8076ca-37f4-489c-aafd-50a777bbbf09;Deputy
45d6dfe0-9dc8-414b-b9a9-0034788ac765;Deputy
15dde3bf-7ded-40d9-93aa-5370b7b4a161;Deputy
c74708ba-05a0-4586-8f7d-10f14b3b7879;Deputy
c765f2ab-89ce-4976-9d2d-187993b39e65;Deputy
e0ef0831-7415-4143-ae53-4403d0d33c54;Deputy
af861187-36fb-43a1-8ca6-ebf98cf3f880;Deputy
10fa273a-aded-4fb9-b9e1-c9825dc8b2cb;Deputy
07db6b4f-e084-40c9-86c6-9b0c84f0bd8e;Deputy
fc5bba46-4982-4f4e-a7c5-98808db2664d;Deputy
ebe41e4d-2d1f-477c-99dd-6872882bfc65;Deputy
418069e5-eebf-422c-9507-1432ced2ce2f;Deputy
107e7afc-d626-4478-b506-e3d4b32c7dff;Deputy
958004ed-113b-4822-9a83-82ef7ab5c5c5;Deputy
d92ee01e-8c48-459b-967c-5f038b71ce81;Deputy
6868d475-499c-4807-85e0-aa225247ff06;Deputy
0fb95b02-f41b-4c49-9a8d-bdf7fb4b01d3;Deputy
6a05d7f6-0f27-4d2b-bcd3-ef0c209c7a05;Deputy
4b0eb3b2-c5ff-4cc0-977b-7dae82ef40cb;Deputy
a18d2b69-5ffc-42de-948f-9259fa166d1d;Deputy
8fc1cdb3-7e34-469d-b4a7-7542419c0dc4;Deputy
b87ab9a6-1d96-4f2a-b835-829dc8a981cf;Deputy
941619c8-9c27-4fab-82b3-27da828183ce;Deputy
44ab4fda-33a0-46cb-8285-93dacdfd4c5f;Deputy
784db321-31d2-47b1-8ccb-cc0721d28821;Deputy
bd88d9e5-abb0-48c0-bcf0-78ff18c3bd0b;Deputy
a07b107e-518b-4908-9488-8e66e33d9a5d;Deputy
25f6c422-4bce-4eb2-a1d9-d8dfa05c29cc;Deputy
b58ebdb0-bc97-41c0-b832-168a2a59a64e;Deputy
fafcc041-224f-4a70-94d1-e70e8aba1b56;Deputy
db54a454-7627-4564-9e59-c002be2f8843;Deputy
3ea185a2-22ac-4106-a6ac-e7bacf7a9e70;Deputy
4f47e4fc-0ec9-47b1-ba2b-e39b81079814;Deputy
976d26fc-91fb-4344-9661-b395b1a7d287;Deputy
022845b5-e5cb-4051-99cc-a19d702db5c6;Deputy
b214155b-c46e-4f99-982e-c896560ab23e;Deputy
2b810f66-0609-4fe1-a883-0092bab2108d;Deputy
244833cb-fa84-4d01-b191-c7da946095c9;Deputy
d9d9727d-ec19-4a08-94a7-1e79f827c63e;Deputy
2abb9986-ffd2-4908-a5e9-fa13b805a84b;Deputy
6bfcf12e-ffba-4698-8881-939e4ef858bc;Deputy
c1695036-7300-4404-9a12-9475d7308cf6;Deputy
424d1d63-aba8-4049-bbeb-5af507adf6b6;Deputy
d8de4bb0-d399-4178-99fe-1eb57da80436;Deputy
92047a79-9ddd-4b8c-9375-b0b5a63be63c;Deputy
fffe490c-cf56-4991-9cb8-167aec37eb10;Deputy
5c6206e3-360c-419c-bc70-c03022519ffb;Deputy
b4ab021a-ffab-4283-9b76-0f09a9edbca6;Deputy
f3954194-f443-4b1f-ab83-ec4d93d686a4;Deputy
a9bf9f76-1a1e-4734-af29-368039c25f82;Deputy
ec58cc5c-7bb2-446c-bd3b-fd523c6af7dc;Deputy
c2ea6c46-30d2-41f3-950e-d06cac0b0e06;Deputy
aa9631fb-1bae-44e5-9b77-14cd8fc5561f;Deputy
ce865794-b7ae-43cd-b437-dd7ec8847d69;Deputy
22b9d962-640e-4e71-a31a-8adcec5c2ac6;Deputy
52f109ed-5e45-4ec4-b071-7263cf4007be;Deputy
a16fcedb-f481-4493-bfb8-e3ce0dd327c9;Deputy
05286dfa-0cf0-4a5c-bb16-4b60000390c0;Deputy
1443a216-3cca-4313-941d-442e38d2795b;Deputy
21a737d9-b527-40b9-9e14-4bfe49723e57;Deputy
6a971974-caf1-4ac2-9c8d-fbfd17bca568;Deputy
46f5c414-3ae9-4e4e-870f-73692eceacf7;Deputy
6a361ed0-01d5-4d4a-bd60-f8fd579384c6;Deputy
34eafeb1-5919-4a62-b329-bb3c10e1fae9;Deputy
a149c6bb-b4b0-49dc-af85-227a999898d4;Deputy
23f259dc-9cbc-44ce-97f6-f5a861f50ec1;Deputy
d8517b57-a6f3-40da-9b9e-6730aa162d3c;Deputy
07ffe0bc-3d5f-4427-ba19-a330393e264c;Deputy
e198bb0b-d397-4286-ac29-69ab675570cd;Deputy
5018454a-8e26-412c-8fbb-065118c58be3;Deputy
16329da5-c3da-43a2-952a-f49d50851166;Deputy
1cddc34f-0a83-4ca2-b36e-5d123cd1560a;Deputy
25d2e857-4b77-4e90-8dc7-2593d5216276;Deputy
7a85c97a-23e7-47d5-87e7-8376c0c64ad6;Deputy
b49c711e-4bf6-4325-aaf3-2dd732b3f073;Deputy
ba7aaa5b-cbd7-4c0b-b62d-9ac385b32157;Deputy
af1938cd-5a24-4c8c-8233-aac9a114953a;Deputy
5286cc8e-5b97-4860-a519-6ada7461a9a9;Deputy
f4214a79-6299-4af0-9d0b-8af93db5e5dd;Deputy
92101384-32c1-4dc0-80ed-26f8bca037b2;Deputy
7902d9ca-b7ca-45c1-9cd4-9293a92d5124;Deputy
f30c25e1-e6e5-40b4-b0d1-8e5fc068b6ba;Deputy
09fa3888-60a9-4d42-bdbf-6be60c59a44f;Deputy
df746b6e-18f2-4099-97cd-3aa77d7786a2;Deputy
76c0c1c2-9e74-4250-a3d9-d3e60e9d0273;Deputy
e7da0e72-27ef-4270-aeb5-5e0d87ead802;Deputy
e8333036-5732-4563-a909-7c53619c1547;Deputy
17ffe51c-fbbb-4047-8e76-7885bd8ce559;Deputy
b4407556-e4de-431d-95ab-3a18b3caae82;Deputy
ff52356b-5d24-4db0-a48f-579753c7202c;Deputy
317b783d-6e0f-41a3-8437-c53f3e66576f;Deputy
5343593d-8302-43e3-935c-f3ee4f45ac04;Deputy
179b592b-6d75-4b7d-99a0-8dbfd906ed86;Deputy
254bcdbf-4ba7-4dae-94b6-f1c0b1fa3f02;Deputy
d37fffea-5f2f-4c96-8e61-9c768247479d;Deputy
9996aac0-ad48-410a-a2de-cd444b40c409;Deputy
679ea8a7-e899-4355-b694-4581c397e10f;Deputy
22b171f9-1710-4667-b6bb-cf92889ffd86;Deputy
08efa33b-a5ea-4204-98f0-25f9fc3537d2;Deputy
a67f97ea-7856-4aa0-a029-307421db8353;Deputy
34dc3d25-102b-4985-81f5-da40411559c6;Deputy
8df18ec2-6811-4bcb-b355-2dfab546367b;Deputy
fab212f9-6d82-4f8a-a24b-699e8214c337;Deputy
da572b64-5fe8-4b51-95b7-61c450199872;Deputy
f07345e7-1d45-46c8-b8c5-f7dc1a45705c;Deputy
31f1ee5c-14ea-4313-b061-8f73d2525b3c;Deputy
474cc53a-a93a-4dff-b922-5e04d117585a;Deputy
3dc5698e-ca7e-44a6-8fe1-648c6cc45c52;Deputy
c641249d-9076-42ce-b2f4-97edc90ad9bb;Deputy
263d8064-d436-443d-912c-602f660ae88c;Deputy
f5889a20-49b5-4706-8092-6b629c1dbc70;Deputy
e7a99e83-82fe-4cde-8312-6bfcc910e907;Deputy
38c6019f-ff22-4c58-b936-6ee4396b03b6;Deputy
5455089c-4ae9-4f67-9c90-394511593773;Deputy
43389bc0-12fb-4605-970f-a47bd9934c40;Deputy
02b52fad-a78d-4bfc-aeb6-63fda663a0d0;Deputy
070b0a25-419b-48a2-ac7e-45cda450e4d0;Deputy
fc5cf70b-ba48-4031-9780-a3e0bf45b878;Deputy
fc6d3c10-24f0-48c2-b95e-aecbb0b4fec7;Deputy
59b70d78-0128-4ff4-9913-3b0c2ff7aba7;Deputy
83e9231d-d25a-4982-b102-ad3c88e75392;Deputy
dab8d7c0-0a7e-4e18-968c-50f10b54346b;Deputy
cbcca40b-f4f9-4da9-974e-0d8bfb58ab32;Deputy
a06df954-202d-4c88-923c-4b805732ac91;Deputy
53f8eb22-cf20-4e21-8f74-3fbeae7559b1;Deputy
42d404c8-a2f5-4ba9-b7ae-93688d310427;Deputy
574e1272-4365-439f-9972-40ac74d3078e;Deputy
24c996ae-7200-4948-aa7d-13e84e289639;Deputy
71f8d417-3286-444b-bec0-a031389649b6;Deputy
5b675923-5b7a-4353-8b88-d0d07e0f6f30;Deputy
87648640-8bfb-42a0-ae0c-d66e6b8e43e3;Deputy
c21c2012-a6b2-4c1e-9c99-d4aa9afa1147;Deputy
c88a51c3-2f0a-4f8a-a1bb-94ac4dcfac63;Deputy
71f554d9-b0e1-4e12-94aa-d4e1ef7c80eb;Deputy
08dcd9a9-4a08-470e-97cd-c5faee32c866;Deputy
d7e1fe1e-f7ae-455a-8fed-953b35d8fe07;Deputy
90b012b5-a395-4fe6-b378-f279b5d641fd;Deputy
c9ee8767-314a-49e2-a7c9-f9944932f658;Deputy
86701c86-728a-4a22-92be-ad13990c6f4a;Deputy
6af5ffef-4798-4a2d-b457-d7ace608be11;Deputy
4f00642b-ff91-4a53-96ac-260d4af6e121;Deputy
c2b364b2-9a2c-4b96-9142-eadf21d66b13;Deputy
3b9b26d7-29a9-451b-90d6-970d1a01d5ac;Deputy
c131e42d-1298-46ab-8420-087d5c4b869e;Deputy
7ecdfd4a-1b3c-4b8c-a3a1-1b648b947767;Deputy
dfce22a7-0aef-4980-95b0-a05efe3f4e50;Deputy
4c2f6c84-f679-40d3-9f8b-b6b7b8b76b26;Deputy
cd8a570f-db71-44c4-8121-2101129efde1;Deputy
3598035b-3943-44c0-83ca-0d6f10e2a14c;Deputy
23b7ceb0-575a-48a3-b4b5-4c410a98bfa2;Deputy
812b51df-3d88-41fc-8cbc-d104a4c4b9ff;Deputy
4e58a7d8-628c-4cf6-b80e-54258a020bd6;Deputy
a15eef91-15e7-40ef-9d11-d912d230dab8;Deputy
000c22e6-5cc3-4efb-b1fc-807dae5665f6;Deputy
f7f39355-b860-46e4-b426-734c5bced8ef;Deputy
ae39349d-fee5-457c-acab-0555d9c65151;Deputy
0fc54649-07c9-4872-9588-1515018881e7;Deputy
4a8ff531-9f40-4002-b4d0-832d582da6ab;Deputy
bf8e3739-3db6-4ae1-8dc5-93e22a52fd08;Deputy
b03000f9-ee18-418d-a69c-0c1690b9b785;Deputy
dca65224-5c37-4d2f-8f15-c39b22ed64cc;Deputy
bc75f80a-03e4-441d-9b92-fedea4e5ca7c;Deputy
a732e4be-c478-440b-ad9e-c201a2d27aab;Deputy
6226b24e-89b3-4d54-98dd-024493b8f986;Deputy
b0761583-0b7c-4e62-a709-d63fdf8bbbfd;Deputy
a4d6a1ae-f2c5-4f44-8304-3cd7c047c438;Deputy
67a107ce-b65d-4642-a253-13005155213a;Deputy
92a8ea65-8452-44aa-83f0-6f9842e762b1;Deputy
48b55690-045d-498c-88ed-c98c8ddf87af;Deputy
6e0ec84b-beb3-4687-9b95-4d4d48d9f9d4;Deputy
0266066a-0f56-49ef-907e-eec532199a2a;Deputy
89dc7c9d-7b64-4ecb-828d-bbea73db4098;Deputy
f9b427c4-fae9-4097-b3d6-f3f3c5f1d890;Deputy
6c6ced47-c247-43ab-bd3b-2b6b69c3b371;Deputy
2f06b983-f2fd-49c6-9b62-1cfdc4cd182a;Deputy
6e329c6d-ffdc-4c81-9101-f777c10d018f;Deputy
728d5a05-2e23-4ab5-b2f1-993a29f668cc;Deputy
a15161de-88d8-4449-84a0-521c5c7a5c7f;Deputy
ce4b07d1-fc86-4949-976d-a8b163ae341f;Deputy
95509a28-b313-42d4-b574-ed0e3d008314;Deputy
f55b161d-5705-4887-81cb-b64253144b38;Deputy
8e68d860-60a5-4365-b4a8-b1baae341a16;Deputy
cfe07a2f-a163-4900-8253-c8b1e79fd59c;Deputy
0d82cf39-6a0f-4d67-aa3f-368ca1280c52;Deputy
f46dcf4f-d27a-4745-ad64-91251eee69b6;Deputy
fe76693f-b469-4ab6-88fe-a7ca4df902d5;Deputy
c341d37e-fc72-4e89-b160-38bccfa363fd;Deputy
10acc9fb-54ae-41be-b464-d9f13d25fb8e;Deputy
e5b75a3f-abe6-42e4-beba-0616aff0031d;Deputy
8be0cb59-7f8d-44a4-b1ad-cf06382f7aa6;Deputy
34512e8d-1a74-4968-83d7-856facec2fc4;Deputy
824d2161-794e-4254-80ff-459ed6746ce7;Deputy
384d03b2-0e81-4b71-ad8e-a9aabdfd9c41;Deputy
2639a0c4-4551-473e-8b59-cbb1beaca3a4;Deputy
1049696f-df92-4e58-ac25-479a0943f764;Deputy
e1493e46-8b05-4147-9f5b-347fcf620568;Deputy
ed53cd70-bf93-4bc3-b714-102d67c88cbe;Deputy
0678708f-a3b3-46db-869e-6c1994d089dc;Deputy
4e7b83b3-9075-4a7b-98fc-3be686b98997;Deputy
d1773d15-21ef-4b4a-9423-01fdddc2c862;Deputy
558d91eb-e273-4ce6-a4d8-2af49c5fbcf8;Deputy
34c57e23-b634-4648-bcd2-07ea41a5278a;Deputy
2633f527-d542-4de9-b3e3-5dd62a0a1594;Deputy
04e52590-1a7e-4a62-b76a-f1716688b24f;Deputy
dfd3bae2-2ce1-4728-a7ab-e29d52754855;Deputy
5c697cbb-2cea-4a00-a325-c1218d59374f;Deputy
74e4781c-c6af-4549-bbfa-97bb6865ad76;Deputy
14908dd6-37f1-4f29-b0d5-8961b21baf67;Deputy
aeea5e99-cada-4b04-a5a7-512f3aea03d4;Deputy
68d9b13f-05dc-4fe9-94e5-d6d146111d5f;Deputy
b4d3b517-eba3-4d9c-b0aa-151ac694298b;Deputy
c2fd91e1-2200-4bfc-937b-894ad8c2c9a3;Deputy
f1ec8881-9454-43d8-9cb5-a5f0e2177711;Deputy
8317c1ed-1a72-4514-9141-4d235a1eeb05;Deputy
e49a9627-0fe3-497e-97d0-961b1dc7deb0;Deputy
7b35ae4a-df87-47c5-875a-ee5d34d83c1f;Deputy
6bbfe2fd-9002-478b-8ab4-9dca7c09d9c9;Deputy
a1509c47-5aed-493e-a3a0-01bd3c2443a7;Deputy
42d9d0f2-a3a4-4884-a9b0-ae12ab7f8ba7;Deputy
f7f55a81-543b-46c6-b3e6-f7d66f1fb922;Deputy
d348d2f6-c081-4216-8105-67626205f2ac;Deputy
5d9328dc-efed-4bbf-bc26-4209312bfe4b;Deputy
e51bbfe4-a5fd-45ab-8fc8-334db1b27d43;Deputy
ef586689-0489-4881-b41a-1118ac892901;Deputy
58f3c2e9-f3d7-4d88-8915-68039272ca40;Deputy
52673d55-39a8-4adc-9c7c-74ea03ae6fca;Deputy
a2e12703-4c8d-4bd8-b871-47709aa2afaf;Deputy
f6cf4dcf-35f5-42ec-af25-64e304b11783;Deputy
fa64a115-cd87-4bfa-a446-9004d0d039ea;Deputy
5e577be4-0858-4e30-8ba7-70147a8a4fe3;Deputy
209154db-3848-402b-8975-371f567592e4;Deputy
f3db6067-ac30-404f-b466-de501434943c;Deputy
bd3a7669-fedb-449b-acaa-251ee79d9891;Deputy
105ed15b-34aa-4cd1-a5a4-909628f26205;Deputy
0f9b6464-372f-4e41-ba2d-0fd416151d3f;Deputy
ee77ec9e-6fee-403d-ae20-8256dc3f510c;Deputy
bd4788ee-6363-462e-a75c-e4bff7ddaa46;Deputy
d28aaeff-46fd-4b74-b618-9f4f7a8f06f7;Deputy
27d2dc1a-e082-493b-8a65-fdfecffc072b;Deputy
97cc4fcd-8d8d-4c01-995b-c8216d7c83b8;Deputy
29803de7-a24d-46f0-a2ca-88b02afa95f3;Deputy
eb5a4dcf-e8f4-4126-ad22-6022fa63fc95;Deputy
59139347-e441-4d01-a508-7e8f0cdcd4d9;Deputy
2677657c-21e7-44b6-bab2-0a9f3b6dde1a;Deputy
75dd09a6-c68b-4935-a934-0bf987430ff7;Deputy
05ae7477-ab20-4ae2-89f6-946c0c804798;Deputy
fd0106c3-9771-4e6f-97aa-ddfff657790b;Deputy
8a24bf25-91b1-45b1-8621-035329ae6945;Deputy
c7105be7-7015-4a16-89e9-5e27df3c8f0b;Deputy
66af325d-aab1-493f-9a0c-09b2b343bdcb;Deputy
1ae1d1d6-3122-49a2-9fd1-757f1ccbda6b;Deputy
f8dd83cd-0463-42d9-9ccf-c7c9d88f3c3a;Deputy
a071617a-dce2-46bc-ad75-d6c9e3f0435e;Deputy
55ebd9ba-b8ad-4c91-9431-167c972452a5;Deputy
932d2a58-5900-4951-8b8e-01b10c7b6078;Deputy
27291d22-ee86-4e80-a1e9-224e592c7149;Deputy
735feec9-266d-4d24-87fa-b4075f8a6f15;Deputy
1d2af2ff-4e6d-46ef-8f11-0e6e732f02df;Deputy
1c2876ca-1744-408d-b189-5b4a9efd5d21;Deputy
02fafc80-931a-44c1-94df-a30e531d44da;Deputy
b9b51b72-27f1-4d96-a4d6-877e7f997c36;Deputy
1602baab-09ec-470f-9504-56f9c360271c;Deputy
7c02eb6f-6128-40d5-86fd-97e88e9ec5c6;Deputy
e2083b94-3687-423d-a405-96462a6b50ad;Deputy
3ecf5ac4-3d6f-4af7-9e23-07c3a4152987;Deputy
fd4b69f1-cb7b-47db-ad61-41f7d7d167a2;Deputy
bb02dbe4-efbf-42cc-8803-3b2c653fbab7;Deputy
82e7076f-63f8-4da4-a211-806f585610b4;Deputy
3f20f5e6-0e61-49fc-9b38-b33826527296;Deputy
84ec84bf-b98c-48cd-ba65-25b118de5e03;Deputy
8801423b-0042-41cc-b1d5-2176a27a4fef;Deputy
f049d909-1765-460a-906d-67a38cbba70f;Deputy
9d7a381f-7927-4aa1-b9dc-155b63b576c6;Deputy
82ca1c60-0054-47ac-a922-43d602839017;Deputy
c941c9a6-ec5a-4685-8c6f-d1b11aeef606;Deputy
5963d168-b4aa-41af-a59e-8507b9df3914;Deputy
9f841200-75cd-41ba-a697-7f99f40e2cc5;Deputy
ca31af77-cb2f-4d52-a4a2-1c6cf4ea7a2a;Deputy
05742c34-1677-48c1-b7d6-39276698c458;Deputy
8906f278-9d30-43db-9e18-e7b1ff1e3f69;Deputy
67648dd2-eeec-4aa8-8654-736b327ea711;Deputy
a3db080f-e782-4696-868c-4fd51f59981c;Deputy
d2e3ae9a-8322-4abe-a21b-d01758880b78;Deputy
107b9812-785e-4225-b81d-79e1fbd201ec;Deputy
9035b18b-7e3f-4e22-812c-bc44049af419;Deputy
571ea840-935a-47f5-ac9a-23d2b3b20178;Deputy
457559fa-bbc3-4551-bd05-479a7316e487;Deputy
2d56073d-d834-4122-9fea-7c4a01374a4c;Deputy
cc0e8cfe-e9e8-4965-a77d-3da9ae0a944b;Deputy
efbde901-f73a-447c-87e5-3736a1c589aa;Deputy
86c418d1-78ff-43e3-b70a-3e21cb418b4b;Deputy
ccc65e9b-c7ab-44fd-a958-fdf4a7bfb272;Deputy
bf0915cd-84ce-498e-94d8-33b3663bb259;Deputy
b5c375b3-5a90-4ecb-8519-c6c6ed889986;Deputy
3c4bfd2b-f22f-4b21-ae42-d7ccf9828dd4;Deputy
936f3e6c-2291-4cda-b76a-c1eb90e19370;Deputy
44df7fa1-6191-4264-b196-cdda00a372e8;Deputy
8e27dbeb-eea3-4551-bfe7-6f67cce60ad2;Deputy
55731bc5-d67f-4e12-bab8-05e7123d3d01;Deputy
e4135278-ea23-448e-97d3-f8a198b23e52;Deputy
443f6fc9-949d-4d00-88c0-196d6f930a26;Deputy
39015165-3624-424f-ba83-cdad0be1bd09;Deputy
d6b1dce7-66bc-4352-9a01-a9a5d36c111a;Deputy
7ab7d853-5d3f-4d49-bbfd-4c32709f0965;Deputy
f870907f-c545-4552-ab01-1f461b4cb330;Deputy
134080c3-64bf-4bb2-962a-b0ee44869240;Deputy
e87d44da-257a-498a-8807-c6c78bf57e73;Deputy
20f1d5b2-2283-4346-b503-9e97ac86330e;Deputy
7a4bc275-bc66-4052-8013-5bd8da5fa021;Deputy
ef9a2a8a-3d1a-43b9-9a2b-f129949b20a6;Deputy
d2068763-e66a-4cf9-83e8-ab94cc0451ec;Deputy
ccf49f67-2b2d-4a42-b1ec-e3aa6066c9e7;Deputy
4d4e4759-207f-4fc8-97e2-1bc903af6e79;Deputy
719c08e0-8bc6-46c6-8192-c44f24094ddb;Deputy
ebcf49e3-c854-4c4e-a3ec-1a642537ff07;Deputy
d2131415-33d8-4ec7-a135-05fa8ada9c74;Deputy
0155a90f-8961-4ad9-98bd-3f19856bd448;Deputy
760b56e2-aff4-4942-ad7d-f322615d3562;Deputy
bf65c0a7-ece3-4e6a-b95a-2c77f283ce04;Deputy
a74cadaf-6663-4bf4-901c-51ff3860eecc;Deputy
2b13ecbd-6fb4-4391-98b0-502a74fbf9f1;Deputy
a1702340-9cc6-4c17-8ea8-cdc1c5e98216;Deputy
85aaa932-cc75-4f2b-9391-03f05c45765a;Deputy
76ad9c85-2663-4b37-a7b6-f00f3860b1cc;Deputy
52f48f97-7631-469b-a741-5ab0f15fe6b8;Deputy
c6bc14c0-c423-470e-9cfc-ac35ca7ce5b7;Deputy
82d6724d-e572-455e-b412-38cfc1f5e7e0;Deputy
ac503e78-be64-4dca-8c03-9c9b641da88e;Deputy
3bc89708-ed4a-4953-8ec8-d49608da5fc1;Deputy
9fc48f8a-a1f7-440d-988f-c21308759247;Deputy
6551cf1a-1b53-4e2d-8a77-95135b60a61d;Deputy
db1a98a8-1af5-4673-97f2-b9e0780c375b;Deputy
06914306-a659-4968-b1cb-20c2f83f7816;Deputy
e23eff8a-da95-477c-93ee-3973f500ddd8;Deputy
80fc592e-0f9c-47af-b158-c0842992ffe3;Deputy
6ddc1e1f-ad85-4206-9b3c-c4e3d9f20dcc;Deputy
a89bf54b-2b6a-432a-b3ab-99cee57b7b10;Deputy
b529d665-c4e2-4876-b824-b11dbd0fa949;Deputy
a639cd7c-034a-4b19-a012-a46ae168dee7;Deputy
20206bc3-4240-4ac3-8ac5-c6b117f21408;Deputy
4c5c9d9d-00bc-4468-ac25-5791a51efa52;Deputy
3275d044-d658-49c5-b980-ae0241972ca0;Deputy
a63f7081-508f-497c-8e0a-feea8de472e2;Deputy
045c9184-1454-4e72-89f0-21e26fb0664d;Deputy
7ff4035a-73f9-4ea0-927f-c408c2af7216;Deputy
faa4907a-2093-40e1-84e0-4af38137e8d0;Deputy
7317976b-f6db-49dc-b4de-f8a81e9649c2;Deputy
21331b67-699d-4ab1-92f5-c25e59d04e61;Deputy
202df994-dad0-4388-83e3-4d41e8cfcf37;Deputy
4e80bed1-a792-4d62-9ea0-1ffac093f327;Deputy
3b41c851-c9db-4d71-8445-8fe7583e6d61;Deputy
9ec57e67-460f-421d-b0c3-d6797fc86abc;Deputy
eac79fae-7528-453d-83ec-9bf9ded7551b;Deputy
16103a38-4ccb-447a-be35-d49ba94faa57;Deputy
c96197d4-4f2d-44b7-b94a-aae8ff9c7e35;Deputy
a79a63b1-624d-4d60-bbe1-2315fd55fdac;Deputy
feae5767-9393-4613-a76e-ee9e03f5c218;Deputy
1a6688f0-7ab4-4868-8bcf-607106345258;Deputy
cada1561-b6b8-4c54-a94d-cb8b7481f149;Deputy
0b097b94-56ff-463c-94a6-117245c883ac;Deputy
c8b39d5c-fe0c-444c-b3b5-5e8b4c0b742d;Deputy
2b1985d3-fcd9-473c-80ad-f92388f329f6;Deputy
637b4432-10f2-4c6b-a722-f890f32af4b1;Deputy
b25e0008-7ea3-41f6-9c43-afd7caf9a9bc;Deputy
4bd0eaee-688b-4608-950b-d34207f9b64e;Deputy
8405f589-c452-48f3-b25a-6c25301deba3;Deputy
fdc44d5f-0d9f-4f5a-983a-7b1caf7e0c3f;Deputy
1cec7fca-38f2-4ac5-a274-b6c207e084d9;Deputy
a0f83972-bc2e-4ffa-9a10-043a523b1999;Deputy
0903bd17-135b-430d-8c6a-3a3f5c4ae4b3;Deputy
4d19d7c2-1e4a-47aa-b6fd-128faf79f935;Deputy
9fd02cf6-d81d-4db7-9cb9-1cdce3cec8f9;Deputy
02f86df9-7504-4a0e-a7cd-188bca64868d;Deputy
fb64bee9-d65e-457e-8d65-acd0c87b499d;Deputy
b4923bbe-52c4-4d01-9abf-dc0974a79ed6;Deputy
2bb7edd9-8270-41fc-acf8-ca038430625f;Deputy
d0f96ae9-ba67-495c-95b1-c200752fe0b4;Deputy
b8cc2fe3-08a8-43c5-b864-d17c6518b388;Deputy
edb3e2eb-fc07-449a-b4b9-c53321c5c2f6;Deputy
68cc8200-40ec-4dc7-b50a-269b6d165bf4;Deputy
a5c20524-8c22-4a13-8f70-1d7ff4c54afd;Deputy
5ee09b61-f45e-4f81-a790-08da7d250365;Deputy
67859d3d-47b2-44f7-a512-48b07a52fb53;Deputy
31e25754-93fb-460e-8021-78a5f294952b;Deputy
576ae073-0c46-49e1-8df9-46b5548e7395;Deputy
6a377879-95b1-4c39-afea-6b761e66733e;Deputy
478eaf27-feaa-4c83-a8cc-17134d5a89df;Deputy
cbe56bd9-5d57-4f09-8481-124206d07af6;Deputy
24ba3ee7-194d-4998-bcca-dee994b49663;Deputy
a7d09bae-58c1-45a0-8f24-2c2580b0ec0c;Deputy
9f39eca0-efe0-4a0a-b000-ce1c5fe53073;Deputy
966bee28-2634-466f-9829-2aa9981a3365;Deputy
704f7a10-4936-47b1-885f-a5e77454a196;Deputy
7339849d-d010-44d2-ae5b-6b1bab86e526;Deputy
f78aa900-bc53-46b9-b7f6-349d486fbc25;Deputy
fb46c356-c787-488f-9515-64ae06b8aa9b;Deputy
9b1b6ffb-9121-405a-a6e4-631c78706576;Deputy
a53f7f12-2cd4-4f6b-92f0-da08b5bec04d;Deputy
87da9bbd-c6e3-4eef-b273-24633a4895c4;Deputy
ccddf81f-2045-492c-bdf8-c237ae9172c0;Deputy
5da31ee2-bbbe-4e9e-8213-360ca42629ed;Deputy
f2f57874-76e2-43e4-87bb-c2532faddf20;Deputy
9b5f00a4-fb4a-41e9-80f5-a75ee2f28245;Deputy
6dbee91a-e5ec-4a5e-a6b6-5eb88977cf5e;Deputy
e920a3f4-7a3f-47be-92e1-02b0d1573941;Deputy
7aeb0e97-a70c-4182-8470-898b33df0728;Deputy
eb4fc085-ad71-45df-8dac-2267450a000b;Deputy
6f210cff-e8d4-404a-ac9d-4b484b8df080;Deputy
1e411d59-6382-4aa9-9642-97834fd4fff7;Deputy
8ef5a1bc-c9fa-4d68-98da-fc8e67c7b6b0;Deputy
9698fda0-8768-4d87-9444-21931fe394d4;Deputy
98baf9e8-b56a-4b85-bbee-84748f17d0d6;Deputy
3a028cc9-6f34-465c-9068-314c9b260678;Deputy
a90e47e1-fa5d-4ee6-a8b6-ed0e3b1ac8ef;Deputy
c3d36a5b-d2d6-4a74-a1c1-5a943101f65d;Deputy
19c1a6ec-c36c-4a91-a095-845b81c47c63;Deputy
52d3020b-ae78-4514-bfe1-436f2b50fe92;Deputy
718b9701-264a-4f75-9fa0-5e371914078e;Deputy
cebf0eb0-902b-460b-829a-36d866d42641;Deputy
4ca2535b-e82e-48c2-8c51-a643cc40f941;Deputy
d0465c4a-0e6b-4f9a-a252-32d4abfc60d1;Deputy
8b1f674c-d076-4ed2-9188-dc73142e995e;Deputy
9b76b805-7a94-4b8d-bcce-1007e2787931;Deputy
7d4f79fb-ecce-49d2-bcab-1e3dd5c2c74b;Deputy
b08c1075-279b-44c2-bfae-bafe44508d82;Deputy
00d5cf0a-2d11-4eb3-a65d-63a183559912;Deputy
7588f5cb-deca-4472-8c56-bbe17ed8c44d;Deputy
d52519d7-7428-44a7-ba05-0a76a2832ef2;Deputy
fe5ca4d5-d2d6-40c6-827f-221e8a4bb7e1;Deputy
fa0f8983-cf36-41a6-ac82-9f6f2c3da424;Deputy
517e69b5-b868-4922-b3f8-49acc80816b5;Deputy
137f528b-a722-4880-af1e-0c651a5402fc;Deputy
155986a5-eead-4b48-8790-3d1735e6216d;Deputy
a1f08b60-fd4f-4210-98e5-0f61b288cc1b;Deputy
b34e7d0c-e140-4cd3-9f70-9981cf16a0a0;Deputy
6775b2be-4ef3-4a41-9378-bd868b3ac850;Deputy
725bdfd7-8d5f-4841-b815-fb44f1ed747f;Deputy
8a5a9084-568f-4de7-91d1-f7e38b41923b;Deputy
650dfa7b-042c-4c32-b13c-7a17714411f5;Deputy
38c2f352-fe9e-40b2-9607-777514fdb5e6;Deputy
ae358ec2-5f15-4250-ba6e-688022cbba22;Deputy
e80881a5-0421-425f-9d9f-89259ddc6992;Deputy
50638ef0-c2d4-4e29-ae9c-982225ad60a8;Deputy
72d71549-479c-4f91-acad-8863ae0acbd0;Deputy
ad8c6e8a-a5f6-4df4-9b62-03016146b8bb;Deputy
f89f8670-9d0e-4880-9c20-8571955c2cf8;Deputy
aa17be12-3c79-4acc-bab2-6b4cb7b6fa4a;Deputy
27b374b0-95e2-416b-a36f-b2ba3ad3aef1;Deputy
bfece39d-05c5-4bc6-a79e-428224226057;Deputy
f1ba036c-0dce-487a-a6fc-6d0b7dbfac66;Deputy
ab44c95c-df77-48cb-8b66-d530a0799690;Deputy
2f638487-66cc-4ee9-9e7c-f160617c1775;Deputy
1d43bce0-65eb-449b-b5c9-bccbc1cdcffe;Deputy
3d04f8d0-6440-4eb5-abf7-5c2c85e9b9f0;Deputy
fcddc232-6b03-4d2c-b7c3-b7b15dd13947;Deputy
8a9b5062-dfa0-4f60-b09b-500198a8ec28;Deputy
6cffe108-a66b-487e-aa08-dbd42fc95752;Deputy
afeb864d-52cf-4e30-b967-a1bf7cdb5bb5;Deputy
5beaca57-10f4-401d-9a78-e43a6e553742;Deputy
0a726918-3a9d-4e25-a72b-d5c871076cf9;Deputy
e438c1b3-5d7a-46fd-b486-110a5397e92b;Deputy
9a7c07ac-d156-44ea-ba2f-b13d128aef7c;Deputy
823ed7c9-0849-4a99-8262-dee8f8bbf6b6;Deputy
c9cdb7c0-319c-4baa-b120-f0f0f53e093f;Deputy
0edcabe6-d04c-4c9e-b582-dd5ecf2e9e08;Deputy
8752999a-9dfb-4a78-bcf1-23dfbaf11673;Deputy
9edc22d0-e2af-4991-b738-a5ac6d3c25f9;Deputy
4be7ce74-df56-4789-be0c-4ec044b35d06;Deputy
3be3a7c1-43e1-4826-9a6d-2e42fc599fb3;Deputy
ac9c803c-0c1a-4a5a-9f7c-25df57f46a9f;Deputy
8b73f4d6-2176-4ab1-b46a-4fed07a5ae95;Deputy
76921583-98df-4986-9737-489d6200c527;Deputy
bdfde943-323a-480c-8ba0-2a0ea4d18405;Deputy
10b35d46-60f0-4e30-b8af-d2bbc5affae8;Deputy
ea59a85e-4d1b-44eb-b5ba-d8d43b70c80b;Deputy
9d44d76b-92e9-4707-89c2-38b39a2102e4;Deputy
ebf1595c-d04f-4e17-8b85-bcf623e45a32;Deputy
20c847a0-d65f-4ea7-bdeb-facde7a92ec1;Deputy
366f1372-2b32-4efd-b341-13c728768e2a;Deputy
96e4ac3c-7da8-4aa5-95a8-83dbd2da8a48;Deputy
2a251a91-c0b1-405c-b29b-58299cd09901;Deputy
bb744862-53e6-41d7-90a2-d52e7231f098;Deputy
e6e44b76-3a15-471c-aa96-00140f749be2;Deputy
14c4ed78-bae3-4db2-991b-3f4193978250;Deputy
08b4866f-acf7-4303-ac8e-a14db5e8b4fc;Deputy
5e1b4a83-7158-4b3c-a943-a62ea9ebef82;Deputy
0da0c327-3fb2-461a-882f-f92f1c824f95;Deputy
8bfd5a6d-89f3-44e6-a924-27419afc166f;Deputy
0eb745b9-da84-4f6b-a401-40a49123aa79;Deputy
48f17f21-93ee-4f83-9e53-758e8f8faf3a;Deputy
3180e935-d885-4396-b6c6-d6da20cc5a97;Deputy
6c09ccaf-cdfd-4e94-9113-29226b58ec48;Deputy
602d7265-37d9-42b3-9198-7cfd7f21ac0c;Deputy
face4b99-321d-420f-91e7-7ceb9fe68f07;Deputy
adf30783-6457-4de8-a12d-32b06200704c;Deputy
67085ec8-a922-4038-afcf-99ec8c478765;Deputy
03ffb510-8cc9-4c09-ab6d-d53bff985558;Deputy
720887af-9e6d-4d36-9e0d-3e70854d6049;Deputy
2669e2b0-00a4-4d83-9d1b-ff8f35603390;Deputy
13974827-0996-48b9-b31a-46c3d2965ee3;Deputy
78a98b2a-155c-43a7-a5c1-7a43bfe813fd;Deputy
f6211cf6-e614-476e-a655-69208434c335;Deputy
b1846b31-da72-4124-980e-1cfa8910f5ad;Deputy
71b39981-0e2a-4b19-ad59-0d3ccde0edb4;Deputy
54ff216e-592e-49e0-92cf-9b290e04313c;Deputy
70cbc762-1bb9-40b4-99a5-cc148cb58890;Deputy
20cd35af-c2df-4ee0-8900-ab72770ae824;Deputy
bf3e6faa-7db3-4f81-b883-fb20bbc0e4c5;Deputy
301ade08-edb1-403d-a875-053dd1c797ef;Deputy
b70fefa4-86d7-4d73-b18c-0a58d914c6cf;Deputy
5197c288-1e49-45be-b85d-77d3a1a23a12;Deputy
d58df9b5-4ceb-4a37-bce2-1d2d23684d98;Deputy
ae8c838a-81b4-4cdf-8009-2ff1268277a9;Deputy
60486801-0ff6-407a-93bf-3fd80b70cf57;Deputy
a7f02d4d-a76a-42c1-be7c-7560ce0fc875;Deputy
88975d94-3c2a-49bf-b3fc-54b9790da3a8;Deputy
0a505606-d1f4-4b0d-9d1e-62e4ef991138;Deputy
40ce28cc-5968-4161-9807-c9b2286d111c;Deputy
add849ad-dca3-4aa3-ab7f-b6e26b4691dc;Deputy
f2b1706b-8dfe-4601-8a5c-da570358577f;Deputy
4b73d787-0969-4c30-93b2-9e0ffcb27717;Deputy
db83d0e9-8b4a-4673-9407-5e975aff99e1;Deputy
803b5d89-2daa-492d-bf94-22842c99349e;Deputy
913b20c4-80dd-4cf4-a1cc-b56aa90ba7b5;Deputy
a3f8f3e8-d07a-4e66-bce2-6e8ee33af3a4;Deputy
7d87028d-610c-489d-9f75-a5df17922932;Deputy
1b1fd966-23d0-4f29-9027-213aaa591c5a;Deputy
39e2a730-aa0d-4f95-8604-2c89ba48f92e;Deputy
5c211177-ebba-467e-93f5-6cb0a9f0b69e;Deputy
e10e6e2f-af81-4440-adfa-a1a2cf4fb067;Deputy
00409269-b41a-49de-af16-0346ad7d91e3;Deputy
381a254b-2253-421d-a74c-057630f96be8;Deputy
7d60d91a-0b9e-447b-a35d-afd1d4a27097;Deputy
8e1849bf-6669-4f2b-a2e8-4a3085c31076;Deputy
dbdeb23a-0b49-4998-accc-98de138facfa;Deputy
09273f80-9e54-4e46-8716-ea7de2474d3c;Deputy
ba99509b-8ed4-4b25-bcae-6d3dfc470be2;Deputy
fe17e273-7f3c-4558-b0d3-9198c42d169a;Deputy
9c626c23-6cc6-453d-9798-53a8f4ac49dd;Deputy
934a5201-7e5c-42f3-80f5-615dda2cfa6c;Deputy
40f5b29f-bd82-4871-ba3b-a646c85a39e5;Deputy
9530300a-ae22-4cea-a43b-fb728013e642;Deputy
45c5b249-649d-41be-9ee3-c51ae0ca81c6;Deputy
6f7e9ec7-0f2c-4112-b75c-57fab36c2947;Deputy
833962ee-a516-4c13-96f1-1df1e8cb796b;Deputy
558ccc22-d9fe-4dd7-8961-05216ff0602b;Deputy
814c816b-ac8a-4589-83f7-3e0c15c733da;Deputy
1b53b5ea-0261-41ea-9b8a-5ea366ca72c6;Deputy
f4ddee88-bb38-48dd-92a1-73050bd8ab7c;Deputy
230ba3d0-2660-4d72-ba35-790653b7e55c;Deputy
729daf67-b9b7-4e39-a2b8-35f4a0115a4a;Deputy
68d37db4-a869-4b45-b11b-7152afc3ec5d;Deputy
5968feb2-bb88-4719-8393-67a98dfb0591;Deputy
9d313b7f-4bba-4f54-9427-7927b61f70ac;Deputy
770adb09-7d18-4879-b8b0-1cea4f41fbdb;Deputy
37a99818-2082-4f98-9e94-aa2ac38c5457;Deputy
221d22e8-7e09-46e0-a0ac-a07737ce5c19;Deputy
4c692951-6a41-4fe0-b45a-bb9285abbf75;Deputy
25e15708-adf3-44c0-bb1c-7a35771ed0a8;Deputy
4ae48166-1f49-494b-8bb2-7295e38dded1;Deputy
97c0c3eb-4890-44ee-b3b7-566ed773299f;Deputy
3d8ea8d8-5622-437f-9d1b-58d1546b859b;Deputy
15fc748d-0752-42a1-9772-dd9074c6ddbc;Deputy
a98c19ae-1bd7-4a99-9944-4175c34aaf9f;Deputy
bc97ea3e-f842-400c-a7d9-a7be15098a72;Deputy
c86f7023-91fb-4d7f-b808-ddc61651b67d;Deputy
bf14afa0-7e28-428b-b5c8-2e26d3eca75c;Deputy
8898e136-6984-4572-a891-98e63db5286e;Deputy
ecffec25-9de6-43ae-aa16-65ca018d9d87;Deputy
ef5de2dd-ea33-48cb-87ec-6bf4a73b4508;Deputy
6c494513-5563-4bb9-b634-618945677ae1;Deputy
f6b46c54-9135-4e1e-8f5f-cfcb30e1ff5a;Deputy
6427d0b1-8aa7-4b5c-bfa8-a227669c207a;Deputy
39276213-0182-438a-914b-4c9c6fc2c724;Deputy
ad7c0718-33da-427e-8586-a52a57be4293;Deputy
6b7e570e-52c8-437c-9c97-26b3dc574e31;Deputy
6a7c2b3a-10cc-41e1-9714-e5488522927f;Deputy
48010b2e-4f59-4693-8c1b-5c5971e37e25;Deputy
73faabc9-0942-4cb3-b591-823f274fc841;Deputy
306e0b19-9c2e-479e-a32e-ff4eec40e160;Deputy
fb8b7be7-57b2-4b78-93d5-ea4d8ba9ad64;Deputy
a89a50ef-1a7c-46a5-8302-d01da24f643f;Deputy
c99dcdc3-c803-4f91-993b-13ea2bf0d6db;Deputy
bd126fcf-dd6e-404f-b6c0-8154e5f3fd56;Deputy
fd2b9173-b41f-4319-af8e-fbeefaf7be5b;Deputy
c698e48b-0038-4d82-bd5c-863f4dfe9147;Deputy
d78867d5-2f3d-4968-8fb8-8afb24337a63;Deputy
5576f600-f289-4611-8c48-1d750f0d51d4;Deputy
1abda65f-f4b0-4fe5-a169-2f656dbc1ca6;Deputy
71614125-16c4-431e-adb5-2308bd5f9208;Deputy
56187b04-b303-4c1d-a3b7-019068939d88;Deputy
9c9e5879-36d0-4caf-b1f9-e33904d01f0d;Deputy
6a386324-083c-40a8-8130-b07ac994a77b;Deputy
80d35348-159e-458a-b3a4-33f1a84f81f5;Deputy
e89b9a4f-d40a-454a-b3df-5cf839104553;Deputy
40509ec2-553a-42fa-88a9-054cf9b2e858;Deputy
479c48ec-c682-4f61-b6d0-74544265c7a2;Deputy
fa166430-6d64-41ae-94a4-4a289c4e9850;Deputy
cc1e5dd0-476a-4ed7-8e75-71ec86960f15;Deputy
52f7987b-ad74-479b-ae0e-3b2ddf678d0c;Deputy
2b739d31-0cd8-4bf2-adaf-00d063ac6644;Deputy
294cd546-7d1f-4d47-9a13-13369701436b;Deputy
e7139051-c0ec-40f6-8649-f8bcda67c1ee;Deputy
8238da4c-e00d-4975-a208-16664a1f0e7c;Deputy
f35d1105-5c88-4177-9be1-af97983189ce;Deputy
5c375a66-9fc9-4595-b2b8-7a5cc50fbbca;Deputy
87dd2fc7-d5d4-4b2a-9fc9-b00a798b0bea;Deputy
a6587ffa-d313-427f-b5c9-cdca9d257549;Deputy
098fb9d8-29ad-400c-abeb-826435587f77;Deputy
057a7ddd-2a00-4cfe-8cf5-f7e8a51970e1;Deputy
49759d9f-2333-435f-ab62-e028caf9f395;Deputy
3aa9b13e-ffb2-4c0c-a2e7-de9c99571b33;Deputy
c59362f4-da8f-46ce-a73c-ed739ac43829;Deputy
ff7bebb8-735c-4050-b72d-7441e090fb3b;Deputy
6c26de69-8d15-494f-b9eb-4c9a1473086b;Deputy
eb850d8f-beeb-4140-b1ef-2f964c5665e9;Deputy
42f85e54-ee5c-4a5c-a587-52dc453a5ac5;Deputy
a1ff6f01-d1f8-4c1d-b073-eceeee31662b;Deputy
2813c45d-c2f9-4cd8-ad12-0d3e4a963a80;Deputy
edfb8ddb-c6d3-4378-8ac7-91071e9a2e13;Deputy
beec00cb-ac31-4990-883e-8b5b4e23536a;Deputy
511dc32c-2df9-4958-a81d-7406f64d83c9;Deputy
a3ae0482-02f8-4c6e-9a02-4898593a108b;Deputy
0ab598b7-919f-47bf-953e-1ac651948122;Deputy
cc2e1bd0-c5d3-4048-ab36-1b2c9a5d0699;Deputy
df5b2800-0c81-422d-b5f8-7192f4bc4b6f;Deputy
d3191a81-ae06-42b9-ae01-3f7df717afb1;Deputy
6515476b-0300-4bee-a843-b89c00826f18;Deputy
554129db-fcc8-4d30-a86f-c43746d3f798;Deputy
99bddb73-ec89-4615-985a-08003ccd9a5e;Deputy
22e7b4e6-9a9e-4bac-9029-990275d5d4dd;Deputy
47d3f219-d7ee-4894-8359-3918bb46b383;Deputy
338f17f2-19a0-4c1c-93a2-54c0b7131a31;Deputy
506d3b9a-1717-4910-88bc-e21e32938ed2;Deputy
daf8d44b-5c7f-4b7b-8bed-ea2f907dda9d;Deputy
e9dd21ff-69a4-4f82-bccc-0a8e45a4682d;Deputy
69160ada-17e5-48de-a0dd-3bee8c5ec104;Deputy
d961cf34-c805-4a35-9712-e65b3501d08f;Deputy
80a8a1ed-63e1-4bc6-a4fa-74a3293fe78e;Deputy
54ee8450-c40b-4fce-925b-7d09ea3234d2;Deputy
efb871a6-51f7-4a09-95b7-609430656d39;Deputy
cf5c8d9d-44bb-4c5e-b70a-c9445271426c;Deputy
705e5aac-bf9c-4b9e-ad40-939d4b350ecb;Deputy
d875805b-fc60-4dcd-92ca-3acd18f009a0;Deputy
a922854e-a093-4b9c-908f-13f15babf2de;Deputy
1929c83f-3034-46d4-8ee9-a1a245ba51ba;Deputy
ee9f225c-e2eb-4286-b8e1-9b92ba789230;Deputy
f89c6b2f-fdf0-4629-84b8-7baacefa1e7e;Deputy
db20f480-f2ef-41f2-b253-efeccb32f431;Deputy
4415407e-c022-43ff-982f-23a916cad945;Deputy
cd3829fa-4b7f-4b49-bcdb-4eee9e71a27b;Deputy
a288dd8d-8e17-4fb6-a55c-979485283762;Deputy
cbe694ef-4997-4684-8b7c-97e61afa922c;Deputy
4b307366-f0e6-4c6d-9cff-d1dbd912b2e3;Deputy
c41723a1-4294-4741-a062-8499bb77d564;Deputy
45a44da4-7ee4-4151-b4de-b5f2cc6bdcaa;Deputy
4ae7415e-a5f2-4e8c-8683-9a941214f0a5;Deputy
19f567d9-36f7-4a25-842f-264a174a4cdd;Deputy
b4627021-f4f1-4427-89f5-78d8b89d83f7;Deputy
82f6364d-d921-4076-ba8b-477eee234476;Deputy
bf8dc688-687e-4e42-bdd4-cab342b44c72;Deputy
da227d79-7e63-4d33-8b18-2a2d09eb232f;Deputy
6f33d3a9-af36-4291-b543-b28ece4b2ec7;Deputy
a922574e-7aad-4f7e-8cbd-9ff0ea33ce40;Deputy
08e6d2b3-b5fc-4016-a4c8-7e6da88381e4;Deputy
a9d46687-54b0-444b-9511-4cfd55fc3b36;Deputy
69d71323-bc97-4fd9-b620-9ba94e2adffc;Deputy
2adb650f-ee07-40b8-9ebb-d22b741cc7d9;Deputy
ddf770fd-fd8b-49a0-8fa9-43d862c63a13;Deputy
dc8e3dfd-92ee-4e64-93d7-c2f554d66c8e;Deputy
5a6b609a-d790-41ce-85c3-8602e4e27cf7;Deputy
0589ee40-8f74-41f3-a9a1-66c2dcac7709;Deputy
92712ff3-027f-4423-8634-43253c227067;Deputy
2680db58-0c12-4bfa-b813-5bd164d3c9b2;Deputy
161c3c6f-dbd4-41fe-b0c8-c992b41fb24a;Deputy
51a5eeb0-5f81-4374-9be6-b0d941434922;Deputy
c9fb2117-58c4-4f1c-bf5f-2a1c5c6bb26a;Deputy
59ce90a5-6c42-4151-b75f-880b0360d23f;Deputy
d76f8fd4-75c1-407d-b513-1a8b858b8f33;Deputy
aabda72a-bf9f-458d-b1a0-ec1497932b25;Deputy
f7aead07-ae79-4447-8b37-3699918fd0fe;Deputy
54011096-16a6-4745-8608-fdd5014d6f4d;Deputy
e4554859-fb49-4701-b049-226b762e4f91;Deputy
a0a82397-7d88-4296-8f99-45fa6c91469f;Deputy
2bd7583e-a605-46f5-8c36-41bd33a47bb9;Deputy
c04ee169-12a3-407b-b011-52bfc28c798d;Deputy
1a1e9e0c-7eea-43dc-89d7-f4ecbc2094e1;Deputy
56ce53f0-aeb0-41b2-a56a-5af5dd3e610c;Deputy
4f556cc3-3607-4bf5-88b9-4fd66aa3c670;Deputy
ef98fec1-b5b5-4f4c-9a23-6d09c8ee20dc;Deputy
0f700c6c-069b-4c64-a695-2adc55d7d8ac;Deputy
02a52014-01bb-48a5-9fd5-9c73e80c52b2;Deputy
43610d3a-868e-4371-9b47-173d3965dcee;Deputy
3f0ea7e8-2b64-47ac-916b-018d05c0c8da;Deputy
a8dcc794-94d8-4bd2-80f1-866ad19bcf55;Deputy
b7af0aba-158c-4aa3-85f7-72e341feee43;Deputy
6817bec5-a108-4f70-889a-6d000f12501c;Deputy
3f24f550-584d-49db-ac21-99bc790dc168;Deputy
2dd16ed0-c0fc-4645-aff6-f5dad7f4ac09;Deputy
a4aa7967-781c-41d2-85b4-1390743795ad;Deputy
2807c766-0ff3-4a67-9bac-efda880bc5d0;Deputy
e11c093d-73fc-4848-b67c-8d72dbdceb92;Deputy
11c81cf7-7342-40bf-a53a-1c1259aa0766;Deputy
508e89d4-367f-4c4c-b9d8-dc55e213c857;Deputy
4a47f97a-f318-41e5-853e-cc14e9a33a27;Deputy
96efb285-3a2b-48ba-a0a3-ec2ec96c94e9;Deputy
a6210e86-6535-4930-8057-cf1ea806a411;Deputy
