org:role;slnp:resource_uri
6a688541-b16a-45ca-8aa9-fa700373279f;7b212e92-df61-11e7-aaf4-c82a144c0a85
6a688541-b16a-45ca-8aa9-fa700373279f;7b2139c8-df61-11e7-8d64-c82a144c0a85
6a688541-b16a-45ca-8aa9-fa700373279f;7b210cfa-df61-11e7-9864-c82a144c0a85
6a688541-b16a-45ca-8aa9-fa700373279f;7b212e92-df61-11e7-aaf4-c82a144c0a85
6a688541-b16a-45ca-8aa9-fa700373279f;7b211a38-df61-11e7-b1b8-c82a144c0a85
6a688541-b16a-45ca-8aa9-fa700373279f;7b210cfa-df61-11e7-9864-c82a144c0a85
6a688541-b16a-45ca-8aa9-fa700373279f;7b214350-df61-11e7-b1a0-c82a144c0a85
6a688541-b16a-45ca-8aa9-fa700373279f;7b2148e6-df61-11e7-b174-c82a144c0a85
6a688541-b16a-45ca-8aa9-fa700373279f;7b212e92-df61-11e7-aaf4-c82a144c0a85
6a688541-b16a-45ca-8aa9-fa700373279f;7b210070-df61-11e7-97e9-c82a144c0a85
6a688541-b16a-45ca-8aa9-fa700373279f;7b212e92-df61-11e7-aaf4-c82a144c0a85
6a688541-b16a-45ca-8aa9-fa700373279f;7b21152e-df61-11e7-bdcf-c82a144c0a85
6a688541-b16a-45ca-8aa9-fa700373279f;7b212b86-df61-11e7-9f98-c82a144c0a85
6a688541-b16a-45ca-8aa9-fa700373279f;7b21152e-df61-11e7-bdcf-c82a144c0a85
6a688541-b16a-45ca-8aa9-fa700373279f;7b210cfa-df61-11e7-9864-c82a144c0a85
6a688541-b16a-45ca-8aa9-fa700373279f;7b210cfa-df61-11e7-9864-c82a144c0a85
6a688541-b16a-45ca-8aa9-fa700373279f;7b20ed7e-df61-11e7-bb65-c82a144c0a85
6a688541-b16a-45ca-8aa9-fa700373279f;7b210070-df61-11e7-97e9-c82a144c0a85
6a688541-b16a-45ca-8aa9-fa700373279f;7b213b12-df61-11e7-b867-c82a144c0a85
6a688541-b16a-45ca-8aa9-fa700373279f;7b2139c8-df61-11e7-8d64-c82a144c0a85
6a688541-b16a-45ca-8aa9-fa700373279f;7b21297e-df61-11e7-8546-c82a144c0a85
6a688541-b16a-45ca-8aa9-fa700373279f;7b212e92-df61-11e7-aaf4-c82a144c0a85
6a688541-b16a-45ca-8aa9-fa700373279f;7b210cfa-df61-11e7-9864-c82a144c0a85
6a688541-b16a-45ca-8aa9-fa700373279f;7b2138a6-df61-11e7-baf1-c82a144c0a85
6a688541-b16a-45ca-8aa9-fa700373279f;7b210cfa-df61-11e7-9864-c82a144c0a85
6a688541-b16a-45ca-8aa9-fa700373279f;7b210cfa-df61-11e7-9864-c82a144c0a85
6a688541-b16a-45ca-8aa9-fa700373279f;7b20ed7e-df61-11e7-bb65-c82a144c0a85
6a688541-b16a-45ca-8aa9-fa700373279f;7b21152e-df61-11e7-bdcf-c82a144c0a85
6a688541-b16a-45ca-8aa9-fa700373279f;7b20ed7e-df61-11e7-bb65-c82a144c0a85
6a688541-b16a-45ca-8aa9-fa700373279f;7b210070-df61-11e7-97e9-c82a144c0a85
6a688541-b16a-45ca-8aa9-fa700373279f;7b2138a6-df61-11e7-baf1-c82a144c0a85
6a688541-b16a-45ca-8aa9-fa700373279f;7b213b12-df61-11e7-b867-c82a144c0a85
6a688541-b16a-45ca-8aa9-fa700373279f;7b210cfa-df61-11e7-9864-c82a144c0a85
6a688541-b16a-45ca-8aa9-fa700373279f;7b2139c8-df61-11e7-8d64-c82a144c0a85
6a688541-b16a-45ca-8aa9-fa700373279f;7b210070-df61-11e7-97e9-c82a144c0a85
6a688541-b16a-45ca-8aa9-fa700373279f;7b21046c-df61-11e7-8094-c82a144c0a85
6a688541-b16a-45ca-8aa9-fa700373279f;7b211a38-df61-11e7-b1b8-c82a144c0a85
6a688541-b16a-45ca-8aa9-fa700373279f;7b2109d0-df61-11e7-a4af-c82a144c0a85
6a688541-b16a-45ca-8aa9-fa700373279f;7b210cfa-df61-11e7-9864-c82a144c0a85
6a688541-b16a-45ca-8aa9-fa700373279f;7b212b86-df61-11e7-9f98-c82a144c0a85
6a688541-b16a-45ca-8aa9-fa700373279f;7b2138a6-df61-11e7-baf1-c82a144c0a85
6a688541-b16a-45ca-8aa9-fa700373279f;7b2138a6-df61-11e7-baf1-c82a144c0a85
6a688541-b16a-45ca-8aa9-fa700373279f;7b210cfa-df61-11e7-9864-c82a144c0a85
6a688541-b16a-45ca-8aa9-fa700373279f;7b210cfa-df61-11e7-9864-c82a144c0a85
6a688541-b16a-45ca-8aa9-fa700373279f;7b211a38-df61-11e7-b1b8-c82a144c0a85
6a688541-b16a-45ca-8aa9-fa700373279f;7b20e8d8-df61-11e7-8928-c82a144c0a85
6a688541-b16a-45ca-8aa9-fa700373279f;7b211a38-df61-11e7-b1b8-c82a144c0a85
6a688541-b16a-45ca-8aa9-fa700373279f;7b212e92-df61-11e7-aaf4-c82a144c0a85
6a688541-b16a-45ca-8aa9-fa700373279f;7b20f90c-df61-11e7-a941-c82a144c0a85
6a688541-b16a-45ca-8aa9-fa700373279f;7b210cfa-df61-11e7-9864-c82a144c0a85
6a688541-b16a-45ca-8aa9-fa700373279f;7b210cfa-df61-11e7-9864-c82a144c0a85
6a688541-b16a-45ca-8aa9-fa700373279f;7b212c9e-df61-11e7-a12b-c82a144c0a85
6a688541-b16a-45ca-8aa9-fa700373279f;7b210070-df61-11e7-97e9-c82a144c0a85
6a688541-b16a-45ca-8aa9-fa700373279f;7b212e92-df61-11e7-aaf4-c82a144c0a85
6a688541-b16a-45ca-8aa9-fa700373279f;7b2139c8-df61-11e7-8d64-c82a144c0a85
6a688541-b16a-45ca-8aa9-fa700373279f;7b210070-df61-11e7-97e9-c82a144c0a85
6a688541-b16a-45ca-8aa9-fa700373279f;7b2139c8-df61-11e7-8d64-c82a144c0a85
6a688541-b16a-45ca-8aa9-fa700373279f;7b210070-df61-11e7-97e9-c82a144c0a85
6a688541-b16a-45ca-8aa9-fa700373279f;7b210cfa-df61-11e7-9864-c82a144c0a85
6a688541-b16a-45ca-8aa9-fa700373279f;7b210cfa-df61-11e7-9864-c82a144c0a85
6a688541-b16a-45ca-8aa9-fa700373279f;7b210cfa-df61-11e7-9864-c82a144c0a85
6a688541-b16a-45ca-8aa9-fa700373279f;7b212d98-df61-11e7-95f7-c82a144c0a85
6a688541-b16a-45ca-8aa9-fa700373279f;7b210e1c-df61-11e7-b99b-c82a144c0a85
6a688541-b16a-45ca-8aa9-fa700373279f;7b211a38-df61-11e7-b1b8-c82a144c0a85
6a688541-b16a-45ca-8aa9-fa700373279f;7b214350-df61-11e7-b1a0-c82a144c0a85
6a688541-b16a-45ca-8aa9-fa700373279f;7b212b86-df61-11e7-9f98-c82a144c0a85
6a688541-b16a-45ca-8aa9-fa700373279f;7b212b86-df61-11e7-9f98-c82a144c0a85
6a688541-b16a-45ca-8aa9-fa700373279f;7b20ed7e-df61-11e7-bb65-c82a144c0a85
6a688541-b16a-45ca-8aa9-fa700373279f;7b21046c-df61-11e7-8094-c82a144c0a85
6a688541-b16a-45ca-8aa9-fa700373279f;7b214350-df61-11e7-b1a0-c82a144c0a85
6a688541-b16a-45ca-8aa9-fa700373279f;7b210cfa-df61-11e7-9864-c82a144c0a85
6a688541-b16a-45ca-8aa9-fa700373279f;7b212e92-df61-11e7-aaf4-c82a144c0a85
6a688541-b16a-45ca-8aa9-fa700373279f;7b212b86-df61-11e7-9f98-c82a144c0a85
6a688541-b16a-45ca-8aa9-fa700373279f;7b212e92-df61-11e7-aaf4-c82a144c0a85
6a688541-b16a-45ca-8aa9-fa700373279f;7b212b86-df61-11e7-9f98-c82a144c0a85
6a688541-b16a-45ca-8aa9-fa700373279f;7b212e92-df61-11e7-aaf4-c82a144c0a85
6a688541-b16a-45ca-8aa9-fa700373279f;7b210cfa-df61-11e7-9864-c82a144c0a85
6a688541-b16a-45ca-8aa9-fa700373279f;7b210cfa-df61-11e7-9864-c82a144c0a85
6a688541-b16a-45ca-8aa9-fa700373279f;7b212e92-df61-11e7-aaf4-c82a144c0a85
6a688541-b16a-45ca-8aa9-fa700373279f;7b21046c-df61-11e7-8094-c82a144c0a85
6a688541-b16a-45ca-8aa9-fa700373279f;7b21184c-df61-11e7-a6b7-c82a144c0a85
6a688541-b16a-45ca-8aa9-fa700373279f;7b212e92-df61-11e7-aaf4-c82a144c0a85
6a688541-b16a-45ca-8aa9-fa700373279f;7b210cfa-df61-11e7-9864-c82a144c0a85
6a688541-b16a-45ca-8aa9-fa700373279f;7b21193e-df61-11e7-8869-c82a144c0a85
6a688541-b16a-45ca-8aa9-fa700373279f;7b212e92-df61-11e7-aaf4-c82a144c0a85
6a688541-b16a-45ca-8aa9-fa700373279f;7b2138a6-df61-11e7-baf1-c82a144c0a85
6a688541-b16a-45ca-8aa9-fa700373279f;7b210cfa-df61-11e7-9864-c82a144c0a85
6a688541-b16a-45ca-8aa9-fa700373279f;7b213e50-df61-11e7-918f-c82a144c0a85
6a688541-b16a-45ca-8aa9-fa700373279f;7b2132de-df61-11e7-8882-c82a144c0a85
6a688541-b16a-45ca-8aa9-fa700373279f;7b20ed7e-df61-11e7-bb65-c82a144c0a85
6a688541-b16a-45ca-8aa9-fa700373279f;7b2139c8-df61-11e7-8d64-c82a144c0a85
6a688541-b16a-45ca-8aa9-fa700373279f;7b21152e-df61-11e7-bdcf-c82a144c0a85
6a688541-b16a-45ca-8aa9-fa700373279f;7b210070-df61-11e7-97e9-c82a144c0a85
6a688541-b16a-45ca-8aa9-fa700373279f;7b21152e-df61-11e7-bdcf-c82a144c0a85
6a688541-b16a-45ca-8aa9-fa700373279f;7b212e92-df61-11e7-aaf4-c82a144c0a85
6a688541-b16a-45ca-8aa9-fa700373279f;7b211b34-df61-11e7-b235-c82a144c0a85
6a688541-b16a-45ca-8aa9-fa700373279f;7b212c9e-df61-11e7-a12b-c82a144c0a85
6a688541-b16a-45ca-8aa9-fa700373279f;7b210070-df61-11e7-97e9-c82a144c0a85
6a688541-b16a-45ca-8aa9-fa700373279f;7b212d98-df61-11e7-95f7-c82a144c0a85
6a688541-b16a-45ca-8aa9-fa700373279f;7b210cfa-df61-11e7-9864-c82a144c0a85
6a688541-b16a-45ca-8aa9-fa700373279f;7b21224c-df61-11e7-8bf0-c82a144c0a85
6a688541-b16a-45ca-8aa9-fa700373279f;7b210cfa-df61-11e7-9864-c82a144c0a85
6a688541-b16a-45ca-8aa9-fa700373279f;7b2138a6-df61-11e7-baf1-c82a144c0a85
6a688541-b16a-45ca-8aa9-fa700373279f;7b2148e6-df61-11e7-b174-c82a144c0a85
6a688541-b16a-45ca-8aa9-fa700373279f;7b2138a6-df61-11e7-baf1-c82a144c0a85
6a688541-b16a-45ca-8aa9-fa700373279f;7b212e92-df61-11e7-aaf4-c82a144c0a85
6a688541-b16a-45ca-8aa9-fa700373279f;7b212e92-df61-11e7-aaf4-c82a144c0a85
6a688541-b16a-45ca-8aa9-fa700373279f;7b21046c-df61-11e7-8094-c82a144c0a85
6a688541-b16a-45ca-8aa9-fa700373279f;7b210070-df61-11e7-97e9-c82a144c0a85
6a688541-b16a-45ca-8aa9-fa700373279f;7b21297e-df61-11e7-8546-c82a144c0a85
6a688541-b16a-45ca-8aa9-fa700373279f;7b210cfa-df61-11e7-9864-c82a144c0a85
6a688541-b16a-45ca-8aa9-fa700373279f;7b212d98-df61-11e7-95f7-c82a144c0a85
6a688541-b16a-45ca-8aa9-fa700373279f;7b212d98-df61-11e7-95f7-c82a144c0a85
6a688541-b16a-45ca-8aa9-fa700373279f;7b21152e-df61-11e7-bdcf-c82a144c0a85
6a688541-b16a-45ca-8aa9-fa700373279f;7b2139c8-df61-11e7-8d64-c82a144c0a85
6a688541-b16a-45ca-8aa9-fa700373279f;7b21046c-df61-11e7-8094-c82a144c0a85
6a688541-b16a-45ca-8aa9-fa700373279f;7b211a38-df61-11e7-b1b8-c82a144c0a85
6a688541-b16a-45ca-8aa9-fa700373279f;7b2109d0-df61-11e7-a4af-c82a144c0a85
6a688541-b16a-45ca-8aa9-fa700373279f;7b2139c8-df61-11e7-8d64-c82a144c0a85
6a688541-b16a-45ca-8aa9-fa700373279f;7b2132de-df61-11e7-8882-c82a144c0a85
6a688541-b16a-45ca-8aa9-fa700373279f;7b211b34-df61-11e7-b235-c82a144c0a85
6a688541-b16a-45ca-8aa9-fa700373279f;7b210f18-df61-11e7-ba0a-c82a144c0a85
6a688541-b16a-45ca-8aa9-fa700373279f;7b2109d0-df61-11e7-a4af-c82a144c0a85
6a688541-b16a-45ca-8aa9-fa700373279f;7b212b86-df61-11e7-9f98-c82a144c0a85
6a688541-b16a-45ca-8aa9-fa700373279f;7b212e92-df61-11e7-aaf4-c82a144c0a85
6a688541-b16a-45ca-8aa9-fa700373279f;7b210cfa-df61-11e7-9864-c82a144c0a85
6a688541-b16a-45ca-8aa9-fa700373279f;7b2138a6-df61-11e7-baf1-c82a144c0a85
6a688541-b16a-45ca-8aa9-fa700373279f;7b20ed7e-df61-11e7-bb65-c82a144c0a85
6a688541-b16a-45ca-8aa9-fa700373279f;7b21046c-df61-11e7-8094-c82a144c0a85
6a688541-b16a-45ca-8aa9-fa700373279f;7b212b86-df61-11e7-9f98-c82a144c0a85
6a688541-b16a-45ca-8aa9-fa700373279f;7b210070-df61-11e7-97e9-c82a144c0a85
6a688541-b16a-45ca-8aa9-fa700373279f;7b212d98-df61-11e7-95f7-c82a144c0a85
6a688541-b16a-45ca-8aa9-fa700373279f;7b210070-df61-11e7-97e9-c82a144c0a85
6a688541-b16a-45ca-8aa9-fa700373279f;7b210cfa-df61-11e7-9864-c82a144c0a85
6a688541-b16a-45ca-8aa9-fa700373279f;7b20ed7e-df61-11e7-bb65-c82a144c0a85
6a688541-b16a-45ca-8aa9-fa700373279f;7b210cfa-df61-11e7-9864-c82a144c0a85
6a688541-b16a-45ca-8aa9-fa700373279f;7b20e3f6-df61-11e7-885c-c82a144c0a85
6a688541-b16a-45ca-8aa9-fa700373279f;7b212e92-df61-11e7-aaf4-c82a144c0a85
6a688541-b16a-45ca-8aa9-fa700373279f;7b210cfa-df61-11e7-9864-c82a144c0a85
6a688541-b16a-45ca-8aa9-fa700373279f;7b212b86-df61-11e7-9f98-c82a144c0a85
6a688541-b16a-45ca-8aa9-fa700373279f;7b212e92-df61-11e7-aaf4-c82a144c0a85
6a688541-b16a-45ca-8aa9-fa700373279f;7b2138a6-df61-11e7-baf1-c82a144c0a85
6a688541-b16a-45ca-8aa9-fa700373279f;7b211a38-df61-11e7-b1b8-c82a144c0a85
6a688541-b16a-45ca-8aa9-fa700373279f;7b210070-df61-11e7-97e9-c82a144c0a85
6a688541-b16a-45ca-8aa9-fa700373279f;7b210cfa-df61-11e7-9864-c82a144c0a85
6a688541-b16a-45ca-8aa9-fa700373279f;7b212d98-df61-11e7-95f7-c82a144c0a85
6a688541-b16a-45ca-8aa9-fa700373279f;7b20ed7e-df61-11e7-bb65-c82a144c0a85
6a688541-b16a-45ca-8aa9-fa700373279f;7b21046c-df61-11e7-8094-c82a144c0a85
6a688541-b16a-45ca-8aa9-fa700373279f;7b211a38-df61-11e7-b1b8-c82a144c0a85
6a688541-b16a-45ca-8aa9-fa700373279f;7b2109d0-df61-11e7-a4af-c82a144c0a85
6a688541-b16a-45ca-8aa9-fa700373279f;7b21046c-df61-11e7-8094-c82a144c0a85
6a688541-b16a-45ca-8aa9-fa700373279f;7b2138a6-df61-11e7-baf1-c82a144c0a85
6a688541-b16a-45ca-8aa9-fa700373279f;7b210cfa-df61-11e7-9864-c82a144c0a85
6a688541-b16a-45ca-8aa9-fa700373279f;7b214350-df61-11e7-b1a0-c82a144c0a85
6a688541-b16a-45ca-8aa9-fa700373279f;7b212d98-df61-11e7-95f7-c82a144c0a85
6a688541-b16a-45ca-8aa9-fa700373279f;7b21193e-df61-11e7-8869-c82a144c0a85
6a688541-b16a-45ca-8aa9-fa700373279f;7b212e92-df61-11e7-aaf4-c82a144c0a85
6a688541-b16a-45ca-8aa9-fa700373279f;7b20ed7e-df61-11e7-bb65-c82a144c0a85
6a688541-b16a-45ca-8aa9-fa700373279f;7b21046c-df61-11e7-8094-c82a144c0a85
6a688541-b16a-45ca-8aa9-fa700373279f;7b2138a6-df61-11e7-baf1-c82a144c0a85
6a688541-b16a-45ca-8aa9-fa700373279f;7b210cfa-df61-11e7-9864-c82a144c0a85
6a688541-b16a-45ca-8aa9-fa700373279f;7b21152e-df61-11e7-bdcf-c82a144c0a85
6a688541-b16a-45ca-8aa9-fa700373279f;7b21193e-df61-11e7-8869-c82a144c0a85
6a688541-b16a-45ca-8aa9-fa700373279f;7b20e63a-df61-11e7-b49c-c82a144c0a85
6a688541-b16a-45ca-8aa9-fa700373279f;7b210cfa-df61-11e7-9864-c82a144c0a85
6a688541-b16a-45ca-8aa9-fa700373279f;7b213f54-df61-11e7-9eec-c82a144c0a85
6a688541-b16a-45ca-8aa9-fa700373279f;7b212d98-df61-11e7-95f7-c82a144c0a85
6a688541-b16a-45ca-8aa9-fa700373279f;7b2138a6-df61-11e7-baf1-c82a144c0a85
6a688541-b16a-45ca-8aa9-fa700373279f;7b2138a6-df61-11e7-baf1-c82a144c0a85
6a688541-b16a-45ca-8aa9-fa700373279f;7b2138a6-df61-11e7-baf1-c82a144c0a85
6a688541-b16a-45ca-8aa9-fa700373279f;7b210cfa-df61-11e7-9864-c82a144c0a85
6a688541-b16a-45ca-8aa9-fa700373279f;7b210070-df61-11e7-97e9-c82a144c0a85
6a688541-b16a-45ca-8aa9-fa700373279f;7b210cfa-df61-11e7-9864-c82a144c0a85
6a688541-b16a-45ca-8aa9-fa700373279f;7b210cfa-df61-11e7-9864-c82a144c0a85
6a688541-b16a-45ca-8aa9-fa700373279f;7b21152e-df61-11e7-bdcf-c82a144c0a85
6a688541-b16a-45ca-8aa9-fa700373279f;7b212b86-df61-11e7-9f98-c82a144c0a85
6a688541-b16a-45ca-8aa9-fa700373279f;7b214350-df61-11e7-b1a0-c82a144c0a85
6a688541-b16a-45ca-8aa9-fa700373279f;7b210cfa-df61-11e7-9864-c82a144c0a85
6a688541-b16a-45ca-8aa9-fa700373279f;7b2139c8-df61-11e7-8d64-c82a144c0a85
6a688541-b16a-45ca-8aa9-fa700373279f;7b211b34-df61-11e7-b235-c82a144c0a85
6a688541-b16a-45ca-8aa9-fa700373279f;7b212b86-df61-11e7-9f98-c82a144c0a85
6a688541-b16a-45ca-8aa9-fa700373279f;7b210cfa-df61-11e7-9864-c82a144c0a85
6a688541-b16a-45ca-8aa9-fa700373279f;7b210cfa-df61-11e7-9864-c82a144c0a85
6a688541-b16a-45ca-8aa9-fa700373279f;7b20ed7e-df61-11e7-bb65-c82a144c0a85
6a688541-b16a-45ca-8aa9-fa700373279f;7b21046c-df61-11e7-8094-c82a144c0a85
6a688541-b16a-45ca-8aa9-fa700373279f;7b2138a6-df61-11e7-baf1-c82a144c0a85
6a688541-b16a-45ca-8aa9-fa700373279f;7b212e92-df61-11e7-aaf4-c82a144c0a85
6a688541-b16a-45ca-8aa9-fa700373279f;7b212c9e-df61-11e7-a12b-c82a144c0a85
6a688541-b16a-45ca-8aa9-fa700373279f;7b2139c8-df61-11e7-8d64-c82a144c0a85
6a688541-b16a-45ca-8aa9-fa700373279f;7b210cfa-df61-11e7-9864-c82a144c0a85
6a688541-b16a-45ca-8aa9-fa700373279f;7b2138a6-df61-11e7-baf1-c82a144c0a85
6a688541-b16a-45ca-8aa9-fa700373279f;7b20ed7e-df61-11e7-bb65-c82a144c0a85
6a688541-b16a-45ca-8aa9-fa700373279f;7b21046c-df61-11e7-8094-c82a144c0a85
6a688541-b16a-45ca-8aa9-fa700373279f;7b212e92-df61-11e7-aaf4-c82a144c0a85
6a688541-b16a-45ca-8aa9-fa700373279f;7b212e92-df61-11e7-aaf4-c82a144c0a85
6a688541-b16a-45ca-8aa9-fa700373279f;7b20ed7e-df61-11e7-bb65-c82a144c0a85
6a688541-b16a-45ca-8aa9-fa700373279f;7b21046c-df61-11e7-8094-c82a144c0a85
6a688541-b16a-45ca-8aa9-fa700373279f;7b210070-df61-11e7-97e9-c82a144c0a85
6a688541-b16a-45ca-8aa9-fa700373279f;7b212e92-df61-11e7-aaf4-c82a144c0a85
6a688541-b16a-45ca-8aa9-fa700373279f;7b21193e-df61-11e7-8869-c82a144c0a85
6a688541-b16a-45ca-8aa9-fa700373279f;7b210070-df61-11e7-97e9-c82a144c0a85
6a688541-b16a-45ca-8aa9-fa700373279f;7b2138a6-df61-11e7-baf1-c82a144c0a85
6a688541-b16a-45ca-8aa9-fa700373279f;7b211a38-df61-11e7-b1b8-c82a144c0a85
6a688541-b16a-45ca-8aa9-fa700373279f;7b20ed7e-df61-11e7-bb65-c82a144c0a85
6a688541-b16a-45ca-8aa9-fa700373279f;7b21046c-df61-11e7-8094-c82a144c0a85
6a688541-b16a-45ca-8aa9-fa700373279f;7b21152e-df61-11e7-bdcf-c82a144c0a85
6a688541-b16a-45ca-8aa9-fa700373279f;7b21046c-df61-11e7-8094-c82a144c0a85
6a688541-b16a-45ca-8aa9-fa700373279f;7b211a38-df61-11e7-b1b8-c82a144c0a85
6a688541-b16a-45ca-8aa9-fa700373279f;7b212e92-df61-11e7-aaf4-c82a144c0a85
6a688541-b16a-45ca-8aa9-fa700373279f;7b20e63a-df61-11e7-b49c-c82a144c0a85
6a688541-b16a-45ca-8aa9-fa700373279f;7b212e92-df61-11e7-aaf4-c82a144c0a85
6a688541-b16a-45ca-8aa9-fa700373279f;7b212e92-df61-11e7-aaf4-c82a144c0a85
6a688541-b16a-45ca-8aa9-fa700373279f;7b21152e-df61-11e7-bdcf-c82a144c0a85
6a688541-b16a-45ca-8aa9-fa700373279f;7b211754-df61-11e7-86d7-c82a144c0a85
6a688541-b16a-45ca-8aa9-fa700373279f;7b2139c8-df61-11e7-8d64-c82a144c0a85
